s,p,o
http://kbpedia.org/kko/rc/Encoding,kko:superClassOf,http://purl.org/dc/dcam/VocabularyEncodingScheme
http://kbpedia.org/kko/rc/SetOrCollectionType,kko:superClassOf,http://purl.org/dc/dcmitype/Collection
http://kbpedia.org/kko/rc/StructuredKnowledgeSource,kko:superClassOf,http://purl.org/dc/dcmitype/Dataset
http://kbpedia.org/kko/rc/ComputationalSystem,kko:superClassOf,http://purl.org/dc/dcmitype/InteractiveResource
http://kbpedia.org/kko/rc/ServiceEvent,kko:superClassOf,http://purl.org/dc/dcmitype/Service
http://kbpedia.org/kko/rc/SoftwareObject-Individual,kko:superClassOf,http://purl.org/dc/dcmitype/Software
http://kbpedia.org/kko/rc/FieldOfStudy,kko:superClassOf,http://purl.org/dc/elements/1.1/coverage
http://kbpedia.org/kko/rc/Creator-Person,kko:superClassOf,http://purl.org/dc/elements/1.1/creator
http://kbpedia.org/kko/rc/Entitlement,kko:superClassOf,http://purl.org/dc/elements/1.1/rights
http://kbpedia.org/kko/rc/PropositionalConceptualWork,kko:superClassOf,http://purl.org/dc/elements/1.1/source
http://kbpedia.org/kko/rc/ProperNameString,kko:superClassOf,http://purl.org/dc/elements/1.1/title
http://kbpedia.org/kko/rc/CollectionType,kko:superClassOf,http://purl.org/dc/elements/1.1/type
http://kbpedia.org/kko/rc/ComputerFileTypeByFormat,kko:superClassOf,http://purl.org/dc/terms/FileFormat
http://kbpedia.org/kko/rc/GovernmentCOC,kko:superClassOf,http://purl.org/dc/terms/Jurisdiction
http://kbpedia.org/kko/rc/License-IBTRights,kko:superClassOf,http://purl.org/dc/terms/LicenseDocument
http://kbpedia.org/kko/rc/InformationBearingThing,kko:superClassOf,http://purl.org/dc/terms/MediaType
http://kbpedia.org/kko/rc/GainingUserRights,kko:superClassOf,http://purl.org/dc/terms/MethodOfAccrual
http://kbpedia.org/kko/rc/Instructions,kko:superClassOf,http://purl.org/dc/terms/MethodOfInstruction
http://kbpedia.org/kko/rc/Resources,kko:superClassOf,http://purl.org/dc/terms/PhysicalResource
http://kbpedia.org/kko/rc/OriginatingInSomething,kko:superClassOf,http://purl.org/dc/terms/ProvenanceStatement
http://kbpedia.org/kko/rc/License-IBTRights,kko:superClassOf,http://purl.org/dc/terms/RightsStatement
http://kbpedia.org/kko/rc/ScalarOrVectorInterval,kko:superClassOf,http://purl.org/dc/terms/SizeOrDuration
http://kbpedia.org/kko/rc/Specification,kko:superClassOf,http://purl.org/dc/terms/Standard
http://purl.org/dc/dcmitype/Event,owl:equivalentClass,http://kbpedia.org/kko/rc/Event
http://purl.org/dc/dcmitype/Image,owl:equivalentClass,http://kbpedia.org/kko/rc/Image
http://purl.org/dc/dcmitype/MovingImage,owl:equivalentClass,http://kbpedia.org/kko/rc/MovingImage
http://purl.org/dc/dcmitype/PhysicalObject,owl:equivalentClass,http://kbpedia.org/kko/rc/ThreeDimensionalThing
http://purl.org/dc/dcmitype/Sound,owl:equivalentClass,http://kbpedia.org/kko/rc/Sound
http://purl.org/dc/dcmitype/StillImage,owl:equivalentClass,http://kbpedia.org/kko/rc/StillImage
http://purl.org/dc/dcmitype/Text,owl:equivalentClass,http://kbpedia.org/kko/rc/TextualMaterial
http://purl.org/dc/elements/1.1/contributor,owl:equivalentClass,http://kbpedia.org/kko/rc/Contributor
http://purl.org/dc/elements/1.1/date,owl:equivalentClass,http://kbpedia.org/kko/rc/Date
http://purl.org/dc/elements/1.1/description,owl:equivalentClass,http://kbpedia.org/kko/rc/Description-PCW
http://purl.org/dc/elements/1.1/identifier,owl:equivalentClass,http://kbpedia.org/kko/rc/UniqueID
http://purl.org/dc/elements/1.1/language,owl:equivalentClass,http://kbpedia.org/kko/rc/HumanLanguage
http://purl.org/dc/elements/1.1/publisher,owl:equivalentClass,http://kbpedia.org/kko/rc/Publisher
http://purl.org/dc/elements/1.1/relation,owl:equivalentClass,http://kbpedia.org/kko/rc/Relation
http://purl.org/dc/elements/1.1/subject,owl:equivalentClass,http://kbpedia.org/kko/rc/Topic
http://purl.org/dc/terms/Agent,owl:equivalentClass,http://kbpedia.org/kko/rc/IntelligentAgent
http://purl.org/dc/terms/AgentClass,owl:equivalentClass,http://kbpedia.org/kko/rc/Group-IntelligentAgent
http://purl.org/dc/terms/BibliographicResource,owl:equivalentClass,http://kbpedia.org/kko/rc/BibliographicReference
http://purl.org/dc/terms/Frequency,owl:equivalentClass,http://kbpedia.org/kko/rc/Frequency
http://purl.org/dc/terms/LinguisticSystem,owl:equivalentClass,http://kbpedia.org/kko/rc/Language
http://purl.org/dc/terms/PeriodOfTime,owl:equivalentClass,http://kbpedia.org/kko/rc/TimeInterval
http://purl.org/dc/terms/Policy,owl:equivalentClass,http://kbpedia.org/kko/rc/Policy
http://purl.org/dc/dcam/VocabularyEncodingScheme,rdfs:subClassOf,http://kbpedia.org/kko/rc/Encoding
http://purl.org/dc/dcmitype/Collection,rdfs:subClassOf,http://kbpedia.org/kko/rc/SetOrCollectionType
http://purl.org/dc/dcmitype/Dataset,rdfs:subClassOf,http://kbpedia.org/kko/rc/StructuredKnowledgeSource
http://purl.org/dc/dcmitype/InteractiveResource,rdfs:subClassOf,http://kbpedia.org/kko/rc/ComputationalSystem
http://purl.org/dc/dcmitype/Service,rdfs:subClassOf,http://kbpedia.org/kko/rc/ServiceEvent
http://purl.org/dc/dcmitype/Software,rdfs:subClassOf,http://kbpedia.org/kko/rc/SoftwareObject-Individual
http://purl.org/dc/elements/1.1/coverage,rdfs:subClassOf,http://kbpedia.org/kko/rc/FieldOfStudy
http://purl.org/dc/elements/1.1/creator,rdfs:subClassOf,http://kbpedia.org/kko/rc/Creator-Person
http://purl.org/dc/elements/1.1/rights,rdfs:subClassOf,http://kbpedia.org/kko/rc/Entitlement
http://purl.org/dc/elements/1.1/source,rdfs:subClassOf,http://kbpedia.org/kko/rc/PropositionalConceptualWork
http://purl.org/dc/elements/1.1/title,rdfs:subClassOf,http://kbpedia.org/kko/rc/ProperNameString
http://purl.org/dc/elements/1.1/type,rdfs:subClassOf,http://kbpedia.org/kko/rc/CollectionType
http://purl.org/dc/terms/FileFormat,rdfs:subClassOf,http://kbpedia.org/kko/rc/ComputerFileTypeByFormat
http://purl.org/dc/terms/Jurisdiction,rdfs:subClassOf,http://kbpedia.org/kko/rc/GovernmentCOC
http://purl.org/dc/terms/LicenseDocument,rdfs:subClassOf,http://kbpedia.org/kko/rc/License-IBTRights
http://purl.org/dc/terms/MediaType,rdfs:subClassOf,http://kbpedia.org/kko/rc/InformationBearingThing
http://purl.org/dc/terms/MethodOfAccrual,rdfs:subClassOf,http://kbpedia.org/kko/rc/GainingUserRights
http://purl.org/dc/terms/MethodOfInstruction,rdfs:subClassOf,http://kbpedia.org/kko/rc/Instructions
http://purl.org/dc/terms/PhysicalResource,rdfs:subClassOf,http://kbpedia.org/kko/rc/Resources
http://purl.org/dc/terms/ProvenanceStatement,rdfs:subClassOf,http://kbpedia.org/kko/rc/OriginatingInSomething
http://purl.org/dc/terms/RightsStatement,rdfs:subClassOf,http://kbpedia.org/kko/rc/License-IBTRights
http://purl.org/dc/terms/SizeOrDuration,rdfs:subClassOf,http://kbpedia.org/kko/rc/ScalarOrVectorInterval
http://purl.org/dc/terms/Standard,rdfs:subClassOf,http://kbpedia.org/kko/rc/Specification
