s,p,o
http://kbpedia.org/kko/rc/January,kko:superClassOf,http://www.w3.org/2006/time#January
http://kbpedia.org/kko/rc/Time-Quantity,kko:superClassOf,http://www.w3.org/2006/time#DurationDescription
http://kbpedia.org/kko/rc/TimeAttributes,kko:superClassOf,http://www.w3.org/2006/time#TemporalEntity
http://kbpedia.org/kko/rc/TimeInterval,kko:superClassOf,http://www.w3.org/2006/time#Interval
http://kbpedia.org/kko/rc/TimeParameter,kko:superClassOf,http://www.w3.org/2006/time#TemporalUnit
http://kbpedia.org/kko/rc/TimeZone,kko:superClassOf,http://www.w3.org/2006/timezone#TimeZone
http://kbpedia.org/kko/rc/DayOfWeekType,owl:sameAs,http://www.w3.org/2006/time#unitDay
http://kbpedia.org/kko/rc/Friday,owl:sameAs,http://www.w3.org/2006/time#Friday
http://kbpedia.org/kko/rc/Monday,owl:sameAs,http://www.w3.org/2006/time#Monday
http://kbpedia.org/kko/rc/Saturday,owl:sameAs,http://www.w3.org/2006/time#Saturday
http://kbpedia.org/kko/rc/Sunday,owl:sameAs,http://www.w3.org/2006/time#Sunday
http://kbpedia.org/kko/rc/Thursday,owl:sameAs,http://www.w3.org/2006/time#Thursday
http://kbpedia.org/kko/rc/Tuesday,owl:sameAs,http://www.w3.org/2006/time#Tuesday
http://kbpedia.org/kko/rc/Wednesday,owl:sameAs,http://www.w3.org/2006/time#Wednesday
http://www.w3.org/2006/time#unitDay,owl:sameAs,http://kbpedia.org/kko/rc/DayOfWeekType
http://www.w3.org/2006/time#unitHour,owl:sameAs,http://kbpedia.org/kko/rc/CalendarHour
http://www.w3.org/2006/time#unitMinute,owl:sameAs,http://kbpedia.org/kko/rc/CalendarMinute
http://www.w3.org/2006/time#unitMonth,owl:sameAs,http://kbpedia.org/kko/rc/CalendarMonth
http://www.w3.org/2006/time#unitSecond,owl:sameAs,http://kbpedia.org/kko/rc/CalendarSecond
http://www.w3.org/2006/time#unitWeek,owl:sameAs,http://kbpedia.org/kko/rc/CalendarWeek
http://www.w3.org/2006/time#unitYear,owl:sameAs,http://kbpedia.org/kko/rc/CalendarYear
http://www.w3.org/2006/time#DurationDescription,rdfs:subClassOf,http://kbpedia.org/kko/rc/Time-Quantity
http://www.w3.org/2006/time#Interval,rdfs:subClassOf,http://kbpedia.org/kko/rc/TimeInterval
http://www.w3.org/2006/time#January,rdfs:subClassOf,http://kbpedia.org/kko/rc/January
http://www.w3.org/2006/time#TemporalEntity,rdfs:subClassOf,http://kbpedia.org/kko/rc/TimeAttributes
http://www.w3.org/2006/time#TemporalUnit,rdfs:subClassOf,http://kbpedia.org/kko/rc/TimeParameter
http://www.w3.org/2006/timezone#TimeZone,rdfs:subClassOf,http://kbpedia.org/kko/rc/TimeZone
