s,p,o
http://dbpedia.org/ontology/Abbey,owl:equivalentClass,http://kbpedia.org/kko/rc/Abbey
http://dbpedia.org/ontology/ProgrammingLanguage,rdfs:subClassOf,http://kbpedia.org/kko/rc/AbstractProgrammingLanguage
http://dbpedia.org/ontology/Activity,owl:equivalentClass,http://kbpedia.org/kko/rc/Action
http://dbpedia.org/ontology/Actor,owl:equivalentClass,http://kbpedia.org/kko/rc/Actor
http://dbpedia.org/ontology/AdultActor,rdfs:subClassOf,http://kbpedia.org/kko/rc/Actor
http://dbpedia.org/ontology/VoiceActor,owl:equivalentClass,http://kbpedia.org/kko/rc/Actor-Voice
http://dbpedia.org/ontology/ClericalAdministrativeRegion,rdfs:subClassOf,http://kbpedia.org/kko/rc/AdministrativeDistrict
http://dbpedia.org/ontology/GovernmentalAdministrativeRegion,owl:equivalentClass,http://kbpedia.org/kko/rc/AdministrativeDistrict
http://dbpedia.org/ontology/MicroRegion,rdfs:subClassOf,http://kbpedia.org/kko/rc/AdministrativeDistrict
http://dbpedia.org/ontology/BeautyQueen,rdfs:subClassOf,http://kbpedia.org/kko/rc/AdultFemaleHuman
http://dbpedia.org/ontology/Agent,owl:equivalentClass,http://kbpedia.org/kko/rc/Agent-Generic
http://dbpedia.org/ontology/Disease,owl:equivalentClass,http://kbpedia.org/kko/rc/AilmentCondition
http://dbpedia.org/ontology/Airline,owl:equivalentClass,http://kbpedia.org/kko/rc/AirlineCompany
http://dbpedia.org/ontology/Airport,owl:equivalentClass,http://kbpedia.org/kko/rc/Airport-Physical
http://dbpedia.org/ontology/Aircraft,owl:equivalentClass,http://kbpedia.org/kko/rc/AirTransportationVehicle
http://dbpedia.org/ontology/Album,owl:equivalentClass,http://kbpedia.org/kko/rc/Album
http://dbpedia.org/ontology/Altitude,owl:equivalentClass,http://kbpedia.org/kko/rc/Altitude
http://dbpedia.org/ontology/Ambassador,owl:equivalentClass,http://kbpedia.org/kko/rc/Ambassador
http://dbpedia.org/ontology/Amphibian,owl:equivalentClass,http://kbpedia.org/kko/rc/Amphibian
http://dbpedia.org/ontology/AmusementParkAttraction,owl:equivalentClass,http://kbpedia.org/kko/rc/AmusementParkRide
http://dbpedia.org/ontology/WaterRide,rdfs:subClassOf,http://kbpedia.org/kko/rc/AmusementParkRide
http://dbpedia.org/ontology/Animal,owl:equivalentClass,http://kbpedia.org/kko/rc/Animal
http://dbpedia.org/ontology/AnatomicalStructure,rdfs:subClassOf,http://kbpedia.org/kko/rc/AnimalBodyPart
http://dbpedia.org/ontology/HorseTrainer,rdfs:subClassOf,http://kbpedia.org/kko/rc/AnimalTrainer
http://dbpedia.org/ontology/Anime,owl:equivalentClass,http://kbpedia.org/kko/rc/Anime
http://dbpedia.org/ontology/Arachnid,owl:equivalentClass,http://kbpedia.org/kko/rc/Arachnid
http://dbpedia.org/ontology/Archaea,owl:equivalentClass,http://kbpedia.org/kko/rc/Archaea
http://dbpedia.org/ontology/Archeologist,owl:equivalentClass,http://kbpedia.org/kko/rc/Archaeologist
http://dbpedia.org/ontology/Archipelago,owl:equivalentClass,http://kbpedia.org/kko/rc/Archipelago
http://dbpedia.org/ontology/Architect,owl:equivalentClass,http://kbpedia.org/kko/rc/Architect
http://dbpedia.org/ontology/ArchitecturalStructure,rdfs:subClassOf,http://kbpedia.org/kko/rc/ArchitecturalTypeByStyle
http://dbpedia.org/ontology/Archive,owl:equivalentClass,http://kbpedia.org/kko/rc/Archive
http://dbpedia.org/ontology/Area,owl:equivalentClass,http://kbpedia.org/kko/rc/Area
http://dbpedia.org/ontology/Aristocrat,owl:equivalentClass,http://kbpedia.org/kko/rc/Aristocrat
http://dbpedia.org/ontology/BritishRoyalty,rdfs:subClassOf,http://kbpedia.org/kko/rc/Aristocrat
http://dbpedia.org/ontology/Royalty,owl:equivalentClass,http://kbpedia.org/kko/rc/Aristocrat
http://dbpedia.org/ontology/NobleFamily,owl:equivalentClass,http://kbpedia.org/kko/rc/AristocraticFamilyLine
http://dbpedia.org/ontology/Noble,owl:equivalentClass,http://kbpedia.org/kko/rc/AristocratTypeByTitle
http://dbpedia.org/ontology/Arrondissement,owl:equivalentClass,http://kbpedia.org/kko/rc/Arrondissement
http://dbpedia.org/ontology/Artery,owl:equivalentClass,http://kbpedia.org/kko/rc/Artery
http://dbpedia.org/ontology/Article,owl:equivalentClass,http://kbpedia.org/kko/rc/Article-PCW
http://dbpedia.org/ontology/Artist,owl:equivalentClass,http://kbpedia.org/kko/rc/Artist
http://dbpedia.org/ontology/BeautyQueen,rdfs:subClassOf,http://kbpedia.org/kko/rc/Artist-Performer
http://dbpedia.org/ontology/ArtisticGenre,rdfs:subClassOf,http://kbpedia.org/kko/rc/ArtistTypeByArtForm
http://dbpedia.org/ontology/Asteroid,owl:equivalentClass,http://kbpedia.org/kko/rc/Asteroid
http://dbpedia.org/ontology/Astronaut,owl:equivalentClass,http://kbpedia.org/kko/rc/Astronaut
http://dbpedia.org/ontology/ArcherPlayer,rdfs:subClassOf,http://kbpedia.org/kko/rc/Athlete
http://dbpedia.org/ontology/Athlete,owl:equivalentClass,http://kbpedia.org/kko/rc/Athlete
http://dbpedia.org/ontology/AthleticsPlayer,owl:equivalentClass,http://kbpedia.org/kko/rc/Athlete
http://dbpedia.org/ontology/Biathlete,rdfs:subClassOf,http://kbpedia.org/kko/rc/Athlete
http://dbpedia.org/ontology/BobsleighAthlete,rdfs:subClassOf,http://kbpedia.org/kko/rc/Athlete
http://dbpedia.org/ontology/Canoeist,rdfs:subClassOf,http://kbpedia.org/kko/rc/Athlete
http://dbpedia.org/ontology/Curler,rdfs:subClassOf,http://kbpedia.org/kko/rc/Athlete
http://dbpedia.org/ontology/DartsPlayer,rdfs:subClassOf,http://kbpedia.org/kko/rc/Athlete
http://dbpedia.org/ontology/GaelicGamesPlayer,rdfs:subClassOf,http://kbpedia.org/kko/rc/Athlete
http://dbpedia.org/ontology/HorseRider,rdfs:subClassOf,http://kbpedia.org/kko/rc/Athlete
http://dbpedia.org/ontology/NationalCollegiateAthleticAssociationAthlete,rdfs:subClassOf,http://kbpedia.org/kko/rc/Athlete
http://dbpedia.org/ontology/NetballPlayer,rdfs:subClassOf,http://kbpedia.org/kko/rc/Athlete
http://dbpedia.org/ontology/Rower,rdfs:subClassOf,http://kbpedia.org/kko/rc/Athlete
http://dbpedia.org/ontology/Skater,rdfs:subClassOf,http://kbpedia.org/kko/rc/Athlete
http://dbpedia.org/ontology/Ski-jumper,rdfs:subClassOf,http://kbpedia.org/kko/rc/Athlete
http://dbpedia.org/ontology/SnookerChamp,rdfs:subClassOf,http://kbpedia.org/kko/rc/Athlete
http://dbpedia.org/ontology/SnookerPlayer,rdfs:subClassOf,http://kbpedia.org/kko/rc/Athlete
http://dbpedia.org/ontology/SpeedSkater,rdfs:subClassOf,http://kbpedia.org/kko/rc/Athlete
http://dbpedia.org/ontology/SportsTeamMember,rdfs:subClassOf,http://kbpedia.org/kko/rc/Athlete
http://dbpedia.org/ontology/TableTennisPlayer,rdfs:subClassOf,http://kbpedia.org/kko/rc/Athlete
http://dbpedia.org/ontology/TeamMember,rdfs:subClassOf,http://kbpedia.org/kko/rc/Athlete
http://dbpedia.org/ontology/WaterPoloPlayer,rdfs:subClassOf,http://kbpedia.org/kko/rc/Athlete
http://dbpedia.org/ontology/WinterSportPlayer,rdfs:subClassOf,http://kbpedia.org/kko/rc/Athlete
http://dbpedia.org/ontology/Athletics,owl:equivalentClass,http://kbpedia.org/kko/rc/AthleticActivity
http://dbpedia.org/ontology/Atoll,owl:equivalentClass,http://kbpedia.org/kko/rc/Atoll
http://dbpedia.org/ontology/Attack,owl:equivalentClass,http://kbpedia.org/kko/rc/AttackOnObject
http://dbpedia.org/ontology/AustralianFootballLeague,owl:equivalentClass,http://kbpedia.org/kko/rc/AustralianFootballLeague
http://dbpedia.org/ontology/AutomobileEngine,owl:equivalentClass,http://kbpedia.org/kko/rc/AutoEngine
http://dbpedia.org/ontology/Automobile,owl:equivalentClass,http://kbpedia.org/kko/rc/Automobile
http://dbpedia.org/ontology/Award,owl:equivalentClass,http://kbpedia.org/kko/rc/AwardPractice
http://dbpedia.org/ontology/Bacteria,owl:equivalentClass,http://kbpedia.org/kko/rc/Bacterium
http://dbpedia.org/ontology/BadmintonPlayer,owl:equivalentClass,http://kbpedia.org/kko/rc/BadmintonPlayer
http://dbpedia.org/ontology/Band,owl:equivalentClass,http://kbpedia.org/kko/rc/Band-MusicGroup
http://dbpedia.org/ontology/Bank,owl:equivalentClass,http://kbpedia.org/kko/rc/BankOrganization
http://dbpedia.org/ontology/Baronet,owl:equivalentClass,http://kbpedia.org/kko/rc/Baronet
http://dbpedia.org/ontology/BaseballPlayer,owl:equivalentClass,http://kbpedia.org/kko/rc/BaseballPlayer
http://dbpedia.org/ontology/BaseballSeason,owl:equivalentClass,http://kbpedia.org/kko/rc/BaseballSeason
http://dbpedia.org/ontology/BaseballTeam,owl:equivalentClass,http://kbpedia.org/kko/rc/BaseballTeam
http://dbpedia.org/ontology/BaseballLeague,owl:equivalentClass,http://kbpedia.org/kko/rc/BasketballLeague
http://dbpedia.org/ontology/BasketballPlayer,owl:equivalentClass,http://kbpedia.org/kko/rc/BasketballPlayer
http://dbpedia.org/ontology/BasketballTeam,owl:equivalentClass,http://kbpedia.org/kko/rc/BasketballTeam
http://dbpedia.org/ontology/Bay,owl:equivalentClass,http://kbpedia.org/kko/rc/Bay
http://dbpedia.org/ontology/Beach,owl:equivalentClass,http://kbpedia.org/kko/rc/Beach
http://dbpedia.org/ontology/Beer,owl:equivalentClass,http://kbpedia.org/kko/rc/Beer
http://dbpedia.org/ontology/Species,owl:equivalentClass,http://kbpedia.org/kko/rc/BiologicalSpecies
http://dbpedia.org/ontology/Taxon,owl:equivalentClass,http://kbpedia.org/kko/rc/BiologicalTaxon
http://dbpedia.org/ontology/Biologist,owl:equivalentClass,http://kbpedia.org/kko/rc/Biologist
http://dbpedia.org/ontology/Biomolecule,owl:equivalentClass,http://kbpedia.org/kko/rc/BiopolymerMolecule
http://dbpedia.org/ontology/Bird,owl:equivalentClass,http://kbpedia.org/kko/rc/Bird
http://dbpedia.org/ontology/Birth,owl:equivalentClass,http://kbpedia.org/kko/rc/BirthEvent
http://dbpedia.org/ontology/ChristianBishop,owl:equivalentClass,http://kbpedia.org/kko/rc/Bishop-Clerical
http://dbpedia.org/ontology/BloodType,owl:equivalentClass,http://kbpedia.org/kko/rc/BloodType
http://dbpedia.org/ontology/BloodVessel,owl:equivalentClass,http://kbpedia.org/kko/rc/BloodVessel
http://dbpedia.org/ontology/BoardGame,owl:equivalentClass,http://kbpedia.org/kko/rc/BoardGame
http://dbpedia.org/ontology/Bodybuilder,owl:equivalentClass,http://kbpedia.org/kko/rc/Bodybuilder
http://dbpedia.org/ontology/BodyOfWater,owl:equivalentClass,http://kbpedia.org/kko/rc/BodyOfWater
http://dbpedia.org/ontology/Bone,owl:equivalentClass,http://kbpedia.org/kko/rc/Bone-BodyPart
http://dbpedia.org/ontology/Book,owl:equivalentClass,http://kbpedia.org/kko/rc/Book
http://dbpedia.org/ontology/AmateurBoxer,rdfs:subClassOf,http://kbpedia.org/kko/rc/Boxer
http://dbpedia.org/ontology/Boxer,owl:equivalentClass,http://kbpedia.org/kko/rc/Boxer
http://dbpedia.org/ontology/Boxing,rdfs:subClassOf,http://kbpedia.org/kko/rc/BoxingSport
http://dbpedia.org/ontology/BoxingCategory,rdfs:subClassOf,http://kbpedia.org/kko/rc/BoxingSport
http://dbpedia.org/ontology/BoxingStyle,rdfs:subClassOf,http://kbpedia.org/kko/rc/BoxingSport
http://dbpedia.org/ontology/Brain,owl:equivalentClass,http://kbpedia.org/kko/rc/Brain
http://dbpedia.org/ontology/Brewery,owl:equivalentClass,http://kbpedia.org/kko/rc/Brewery
http://dbpedia.org/ontology/Bridge,owl:equivalentClass,http://kbpedia.org/kko/rc/Bridge
http://dbpedia.org/ontology/Broadcast,rdfs:subClassOf,http://kbpedia.org/kko/rc/BroadcastMediaShow
http://dbpedia.org/ontology/Building,owl:equivalentClass,http://kbpedia.org/kko/rc/Building
http://dbpedia.org/ontology/BusinessPerson,owl:equivalentClass,http://kbpedia.org/kko/rc/BusinessPerson
http://dbpedia.org/ontology/BusCompany,owl:equivalentClass,http://kbpedia.org/kko/rc/BusLine
http://dbpedia.org/ontology/GovernmentCabinet,owl:equivalentClass,http://kbpedia.org/kko/rc/CabinetOffice
http://dbpedia.org/ontology/Year,owl:equivalentClass,http://kbpedia.org/kko/rc/CalendarYear
http://dbpedia.org/ontology/Camera,owl:equivalentClass,http://kbpedia.org/kko/rc/Camera
http://dbpedia.org/ontology/Canal,owl:equivalentClass,http://kbpedia.org/kko/rc/Canal
http://dbpedia.org/ontology/Canton,owl:equivalentClass,http://kbpedia.org/kko/rc/Canton-Swiss
http://dbpedia.org/ontology/Cape,owl:equivalentClass,http://kbpedia.org/kko/rc/Cape-Topographical
http://dbpedia.org/ontology/Capital,rdfs:subClassOf,http://kbpedia.org/kko/rc/CapitalCityOfRegion
http://dbpedia.org/ontology/CapitalOfRegion,owl:equivalentClass,http://kbpedia.org/kko/rc/CapitalCityOfRegion
http://dbpedia.org/ontology/CardGame,owl:equivalentClass,http://kbpedia.org/kko/rc/CardGame
http://dbpedia.org/ontology/Racecourse,owl:equivalentClass,http://kbpedia.org/kko/rc/CarRaceTrack
http://dbpedia.org/ontology/DTMRacer,rdfs:subClassOf,http://kbpedia.org/kko/rc/CarRacing
http://dbpedia.org/ontology/Cartoon,owl:equivalentClass,http://kbpedia.org/kko/rc/Cartoon
http://dbpedia.org/ontology/HollywoodCartoon,rdfs:subClassOf,http://kbpedia.org/kko/rc/Cartoon
http://dbpedia.org/ontology/AnimangaCharacter,rdfs:subClassOf,http://kbpedia.org/kko/rc/CartoonCharacter
http://dbpedia.org/ontology/ComicsCharacter,owl:equivalentClass,http://kbpedia.org/kko/rc/CartoonCharacter
http://dbpedia.org/ontology/DisneyCharacter,rdfs:subClassOf,http://kbpedia.org/kko/rc/CartoonCharacter
http://dbpedia.org/ontology/NarutoCharacter,rdfs:subClassOf,http://kbpedia.org/kko/rc/CartoonCharacter
http://dbpedia.org/ontology/ComicsCreator,owl:equivalentClass,http://kbpedia.org/kko/rc/Cartoonist
http://dbpedia.org/ontology/Casino,owl:equivalentClass,http://kbpedia.org/kko/rc/Casino
http://dbpedia.org/ontology/Castle,owl:equivalentClass,http://kbpedia.org/kko/rc/Castle
http://dbpedia.org/ontology/ArtistDiscography,rdfs:subClassOf,http://kbpedia.org/kko/rc/Catalog
http://dbpedia.org/ontology/Caterer,owl:equivalentClass,http://kbpedia.org/kko/rc/Caterer-Person
http://dbpedia.org/ontology/Cave,owl:equivalentClass,http://kbpedia.org/kko/rc/Cave
http://dbpedia.org/ontology/Celebrity,owl:equivalentClass,http://kbpedia.org/kko/rc/Celebrity
http://dbpedia.org/ontology/PoliticianSpouse,rdfs:subClassOf,http://kbpedia.org/kko/rc/Celebrity-Political
http://dbpedia.org/ontology/CelestialBody,owl:equivalentClass,http://kbpedia.org/kko/rc/CelestialBody
http://dbpedia.org/ontology/Globularswarm,rdfs:subClassOf,http://kbpedia.org/kko/rc/CelestialObject
http://dbpedia.org/ontology/Openswarm,rdfs:subClassOf,http://kbpedia.org/kko/rc/CelestialObject
http://dbpedia.org/ontology/Swarm,rdfs:subClassOf,http://kbpedia.org/kko/rc/CelestialObject
http://dbpedia.org/ontology/Chancellor,owl:equivalentClass,http://kbpedia.org/kko/rc/Chancellor-HeadOfGovernment
http://dbpedia.org/ontology/ChartsPlacements,owl:equivalentClass,http://kbpedia.org/kko/rc/Chart
http://dbpedia.org/ontology/Cheese,owl:equivalentClass,http://kbpedia.org/kko/rc/Cheese
http://dbpedia.org/ontology/Chef,owl:equivalentClass,http://kbpedia.org/kko/rc/Chef
http://dbpedia.org/ontology/ChemicalCompound,owl:equivalentClass,http://kbpedia.org/kko/rc/ChemicalSubstanceType
http://dbpedia.org/ontology/ChemicalSubstance,owl:equivalentClass,http://kbpedia.org/kko/rc/ChemicalSubstanceType
http://dbpedia.org/ontology/ChristianDoctrine,owl:equivalentClass,http://kbpedia.org/kko/rc/Christianity
http://dbpedia.org/ontology/Church,owl:equivalentClass,http://kbpedia.org/kko/rc/Church-Building
http://dbpedia.org/ontology/City,owl:equivalentClass,http://kbpedia.org/kko/rc/City
http://dbpedia.org/ontology/Cleric,owl:equivalentClass,http://kbpedia.org/kko/rc/Cleric
http://dbpedia.org/ontology/Priest,rdfs:subClassOf,http://kbpedia.org/kko/rc/Cleric
http://dbpedia.org/ontology/Vicar,rdfs:subClassOf,http://kbpedia.org/kko/rc/Cleric
http://dbpedia.org/ontology/LineOfFashion,kko:superClassOf,http://kbpedia.org/kko/rc/ClothingTypeByStyle
http://dbpedia.org/ontology/HockeyClub,rdfs:subClassOf,http://kbpedia.org/kko/rc/Club-Organization
http://dbpedia.org/ontology/CoalPit,owl:equivalentClass,http://kbpedia.org/kko/rc/CoalField-Developed
http://dbpedia.org/ontology/Type,rdfs:subClassOf,http://kbpedia.org/kko/rc/Collection
http://dbpedia.org/ontology/College,owl:equivalentClass,http://kbpedia.org/kko/rc/College
http://dbpedia.org/ontology/CollegeCoach,owl:equivalentClass,http://kbpedia.org/kko/rc/CollegeCoach
http://dbpedia.org/ontology/Colour,owl:equivalentClass,http://kbpedia.org/kko/rc/Color
http://dbpedia.org/ontology/Comedian,owl:equivalentClass,http://kbpedia.org/kko/rc/Comedian
http://dbpedia.org/ontology/Humorist,rdfs:subClassOf,http://kbpedia.org/kko/rc/Comedian
http://dbpedia.org/ontology/ComedyGroup,owl:equivalentClass,http://kbpedia.org/kko/rc/ComedyTeam
http://dbpedia.org/ontology/Comic,owl:equivalentClass,http://kbpedia.org/kko/rc/ComicalMode
http://dbpedia.org/ontology/Comics,owl:equivalentClass,http://kbpedia.org/kko/rc/ComicBookSeries
http://dbpedia.org/ontology/Manhua,rdfs:subClassOf,http://kbpedia.org/kko/rc/ComicBookSeries
http://dbpedia.org/ontology/Manhwa,rdfs:subClassOf,http://kbpedia.org/kko/rc/ComicBookSeries
http://dbpedia.org/ontology/ComicStrip,owl:equivalentClass,http://kbpedia.org/kko/rc/ComicStrip
http://dbpedia.org/ontology/Company,rdfs:subClassOf,http://kbpedia.org/kko/rc/CommercialOrganization
http://dbpedia.org/ontology/Community,owl:equivalentClass,http://kbpedia.org/kko/rc/Community
http://dbpedia.org/ontology/Competition,owl:equivalentClass,http://kbpedia.org/kko/rc/Competition
http://dbpedia.org/ontology/GrossDomesticProduct,rdfs:subClassOf,http://kbpedia.org/kko/rc/ComplexQuantityPredicate
http://dbpedia.org/ontology/GrossDomesticProductPerCapita,rdfs:subClassOf,http://kbpedia.org/kko/rc/ComplexQuantityPredicate
http://dbpedia.org/ontology/File,owl:equivalentClass,http://kbpedia.org/kko/rc/ComputerFile
http://dbpedia.org/ontology/VideoGame,owl:equivalentClass,http://kbpedia.org/kko/rc/ComputerGameProgram
http://dbpedia.org/ontology/ConcentrationCamp,owl:equivalentClass,http://kbpedia.org/kko/rc/ConcentrationCamp
http://dbpedia.org/ontology/ScientificConcept,rdfs:subClassOf,http://kbpedia.org/kko/rc/Concept
http://dbpedia.org/ontology/Work,owl:equivalentClass,http://kbpedia.org/kko/rc/ConceptualWork
http://dbpedia.org/ontology/MultiVolumePublication,rdfs:subClassOf,http://kbpedia.org/kko/rc/ConceptualWorkSeries-Periodic
http://dbpedia.org/ontology/AcademicConference,rdfs:subClassOf,http://kbpedia.org/kko/rc/Conference
http://dbpedia.org/ontology/MilitaryConflict,owl:equivalentClass,http://kbpedia.org/kko/rc/ConflictEvent
http://dbpedia.org/ontology/Conifer,owl:equivalentClass,http://kbpedia.org/kko/rc/Conifer
http://dbpedia.org/ontology/Constellation,owl:equivalentClass,http://kbpedia.org/kko/rc/Constellation
http://dbpedia.org/ontology/ArchitecturalStructure,rdfs:subClassOf,http://kbpedia.org/kko/rc/ConstructionArtifact
http://dbpedia.org/ontology/Contest,owl:equivalentClass,http://kbpedia.org/kko/rc/Contest
http://dbpedia.org/ontology/Continent,owl:equivalentClass,http://kbpedia.org/kko/rc/Continent
http://dbpedia.org/ontology/Convention,owl:equivalentClass,http://kbpedia.org/kko/rc/Convention-Meeting
http://dbpedia.org/ontology/ConveyorSystem,rdfs:subClassOf,http://kbpedia.org/kko/rc/Conveying-Generic
http://dbpedia.org/ontology/Country,owl:equivalentClass,http://kbpedia.org/kko/rc/Country
http://dbpedia.org/ontology/CountrySeat,owl:equivalentClass,http://kbpedia.org/kko/rc/CountySeat
http://dbpedia.org/ontology/Case,owl:equivalentClass,http://kbpedia.org/kko/rc/CourtCase
http://dbpedia.org/ontology/LegalCase,owl:equivalentClass,http://kbpedia.org/kko/rc/CourtCase
http://dbpedia.org/ontology/SupremeCourtOfTheUnitedStatesCase,rdfs:subClassOf,http://kbpedia.org/kko/rc/CourtCase-Appellate
http://dbpedia.org/ontology/Crater,owl:equivalentClass,http://kbpedia.org/kko/rc/Crater
http://dbpedia.org/ontology/LunarCrater,owl:equivalentClass,http://kbpedia.org/kko/rc/Crater
http://dbpedia.org/ontology/Creek,owl:equivalentClass,http://kbpedia.org/kko/rc/Creek
http://dbpedia.org/ontology/Cricketer,owl:equivalentClass,http://kbpedia.org/kko/rc/Cricketer
http://dbpedia.org/ontology/CricketGround,owl:equivalentClass,http://kbpedia.org/kko/rc/CricketField
http://dbpedia.org/ontology/CricketTeam,owl:equivalentClass,http://kbpedia.org/kko/rc/CricketTeam
http://dbpedia.org/ontology/Criminal,owl:equivalentClass,http://kbpedia.org/kko/rc/Criminal
http://dbpedia.org/ontology/Crustacean,owl:equivalentClass,http://kbpedia.org/kko/rc/Crustacean
http://dbpedia.org/ontology/CultivatedVariety,owl:equivalentClass,http://kbpedia.org/kko/rc/Cultivar
http://dbpedia.org/ontology/Currency,owl:equivalentClass,http://kbpedia.org/kko/rc/Currency
http://dbpedia.org/ontology/Cycad,owl:equivalentClass,http://kbpedia.org/kko/rc/Cycad
http://dbpedia.org/ontology/CyclingCompetition,owl:equivalentClass,http://kbpedia.org/kko/rc/CyclingSportsEvent
http://dbpedia.org/ontology/CyclingRace,owl:equivalentClass,http://kbpedia.org/kko/rc/CyclingSportsEvent
http://dbpedia.org/ontology/Cyclist,owl:equivalentClass,http://kbpedia.org/kko/rc/Cyclist-Athlete
http://dbpedia.org/ontology/Dam,owl:equivalentClass,http://kbpedia.org/kko/rc/Dam
http://dbpedia.org/ontology/Dancer,owl:equivalentClass,http://kbpedia.org/kko/rc/Dancer-Performer
http://dbpedia.org/ontology/Database,owl:equivalentClass,http://kbpedia.org/kko/rc/Database-AbstractContent
http://dbpedia.org/ontology/Decoration,owl:equivalentClass,http://kbpedia.org/kko/rc/Decoration
http://dbpedia.org/ontology/Demographics,owl:equivalentClass,http://kbpedia.org/kko/rc/Demographics
http://dbpedia.org/ontology/Department,owl:equivalentClass,http://kbpedia.org/kko/rc/Department
http://dbpedia.org/ontology/Depth,owl:equivalentClass,http://kbpedia.org/kko/rc/DepthPerception
http://dbpedia.org/ontology/Desert,owl:equivalentClass,http://kbpedia.org/kko/rc/Desert
http://dbpedia.org/ontology/DigitalCamera,owl:equivalentClass,http://kbpedia.org/kko/rc/DigitalCamera
http://dbpedia.org/ontology/Dike,owl:equivalentClass,http://kbpedia.org/kko/rc/Dike
http://dbpedia.org/ontology/Diocese,owl:equivalentClass,http://kbpedia.org/kko/rc/Diocese
http://dbpedia.org/ontology/Diploma,owl:equivalentClass,http://kbpedia.org/kko/rc/Diploma
http://dbpedia.org/ontology/MovieDirector,owl:equivalentClass,http://kbpedia.org/kko/rc/Director-Movie
http://dbpedia.org/ontology/District,owl:equivalentClass,http://kbpedia.org/kko/rc/District-State-Geopolitical
http://dbpedia.org/ontology/HighDiver,rdfs:subClassOf,http://kbpedia.org/kko/rc/Diver
http://dbpedia.org/ontology/Divorce,owl:equivalentClass,http://kbpedia.org/kko/rc/Divorce
http://dbpedia.org/ontology/Medician,owl:equivalentClass,http://kbpedia.org/kko/rc/Doctor-Medical
http://dbpedia.org/ontology/Document,owl:equivalentClass,http://kbpedia.org/kko/rc/Document
http://dbpedia.org/ontology/DocumentType,rdfs:subClassOf,http://kbpedia.org/kko/rc/Document
http://dbpedia.org/ontology/Dog,owl:equivalentClass,http://kbpedia.org/kko/rc/Dog
http://dbpedia.org/ontology/Cat,owl:equivalentClass,http://kbpedia.org/kko/rc/DomesticCat
http://dbpedia.org/ontology/Beverage,owl:equivalentClass,http://kbpedia.org/kko/rc/Drink
http://dbpedia.org/ontology/MotorsportRacer,rdfs:subClassOf,http://kbpedia.org/kko/rc/Driver-TransportationProfessional
http://dbpedia.org/ontology/RacingDriver,rdfs:subClassOf,http://kbpedia.org/kko/rc/Driver-TransportationProfessional
http://dbpedia.org/ontology/RallyDriver,rdfs:subClassOf,http://kbpedia.org/kko/rc/Driver-TransportationProfessional
http://dbpedia.org/ontology/BrownDwarf,rdfs:subClassOf,http://kbpedia.org/kko/rc/DwarfStar
http://dbpedia.org/ontology/Death,rdfs:subClassOf,http://kbpedia.org/kko/rc/Dying
http://dbpedia.org/ontology/Earthquake,owl:equivalentClass,http://kbpedia.org/kko/rc/Earthquake
http://dbpedia.org/ontology/Economist,owl:equivalentClass,http://kbpedia.org/kko/rc/Economist
http://dbpedia.org/ontology/EducationalInstitution,rdfs:subClassOf,http://kbpedia.org/kko/rc/EducationalOrganization
http://dbpedia.org/ontology/SambaSchool,rdfs:subClassOf,http://kbpedia.org/kko/rc/EducationalOrganization
http://dbpedia.org/ontology/OfficeHolder,owl:equivalentClass,http://kbpedia.org/kko/rc/ElectedOfficial
http://dbpedia.org/ontology/Election,owl:equivalentClass,http://kbpedia.org/kko/rc/Election
http://dbpedia.org/ontology/ChemicalElement,owl:equivalentClass,http://kbpedia.org/kko/rc/ElementStuff
http://dbpedia.org/ontology/Embryology,owl:equivalentClass,http://kbpedia.org/kko/rc/Embryology
http://dbpedia.org/ontology/Employer,owl:equivalentClass,http://kbpedia.org/kko/rc/Employer
http://dbpedia.org/ontology/Engine,owl:equivalentClass,http://kbpedia.org/kko/rc/Engine
http://dbpedia.org/ontology/Engineer,owl:equivalentClass,http://kbpedia.org/kko/rc/Engineer
http://dbpedia.org/ontology/Enzyme,owl:equivalentClass,http://kbpedia.org/kko/rc/Enzyme
http://dbpedia.org/ontology/Escalator,owl:equivalentClass,http://kbpedia.org/kko/rc/Escalator
http://dbpedia.org/ontology/Eukaryote,owl:equivalentClass,http://kbpedia.org/kko/rc/Eukaryotes
http://dbpedia.org/ontology/HumanGene,rdfs:subClassOf,http://kbpedia.org/kko/rc/EukaryoticGene
http://dbpedia.org/ontology/MouseGene,rdfs:subClassOf,http://kbpedia.org/kko/rc/EukaryoticGene
http://dbpedia.org/ontology/Event,owl:equivalentClass,http://kbpedia.org/kko/rc/Event
http://dbpedia.org/ontology/Lieutenant,rdfs:subClassOf,http://kbpedia.org/kko/rc/Executive-PublicOfficial
http://dbpedia.org/ontology/Intercommunality,kko:superClassOf,http://kbpedia.org/kko/rc/ExurbanNeighborhood
http://dbpedia.org/ontology/Infrastructure,rdfs:subClassOf,http://kbpedia.org/kko/rc/Facility-Construct
http://dbpedia.org/ontology/Factory,owl:equivalentClass,http://kbpedia.org/kko/rc/FactoryBuilding
http://dbpedia.org/ontology/Family,owl:equivalentClass,http://kbpedia.org/kko/rc/Family-Human
http://dbpedia.org/ontology/Farmer,owl:equivalentClass,http://kbpedia.org/kko/rc/Farmer
http://dbpedia.org/ontology/FashionDesigner,owl:equivalentClass,http://kbpedia.org/kko/rc/FashionDesigner
http://dbpedia.org/ontology/Model,owl:equivalentClass,http://kbpedia.org/kko/rc/FashionModel
http://dbpedia.org/ontology/Fern,owl:equivalentClass,http://kbpedia.org/kko/rc/Fern
http://dbpedia.org/ontology/FictionalCharacter,owl:equivalentClass,http://kbpedia.org/kko/rc/FictionalCharacter
http://dbpedia.org/ontology/MythologicalFigure,owl:equivalentClass,http://kbpedia.org/kko/rc/FictionalCharacter
http://dbpedia.org/ontology/AcademicSubject,owl:equivalentClass,http://kbpedia.org/kko/rc/FieldOfStudy
http://dbpedia.org/ontology/FigureSkater,owl:equivalentClass,http://kbpedia.org/kko/rc/FigureSkater
http://dbpedia.org/ontology/FilmFestival,owl:equivalentClass,http://kbpedia.org/kko/rc/FilmFestival
http://dbpedia.org/ontology/MovieGenre,owl:equivalentClass,http://kbpedia.org/kko/rc/FilmGenre
http://dbpedia.org/ontology/Fish,owl:equivalentClass,http://kbpedia.org/kko/rc/Fish
http://dbpedia.org/ontology/Flag,owl:equivalentClass,http://kbpedia.org/kko/rc/Flag
http://dbpedia.org/ontology/StormSurge,owl:equivalentClass,http://kbpedia.org/kko/rc/Flooding
http://dbpedia.org/ontology/FloweringPlant,owl:equivalentClass,http://kbpedia.org/kko/rc/FloralPlant
http://dbpedia.org/ontology/Food,owl:equivalentClass,http://kbpedia.org/kko/rc/Food
http://dbpedia.org/ontology/AmericanFootballPlayer,rdfs:subClassOf,http://kbpedia.org/kko/rc/FootballPlayer-American
http://dbpedia.org/ontology/GridironFootballPlayer,owl:equivalentClass,http://kbpedia.org/kko/rc/FootballPlayer-American
http://dbpedia.org/ontology/AustralianRulesFootballPlayer,owl:equivalentClass,http://kbpedia.org/kko/rc/FootballPlayer-Australian
http://dbpedia.org/ontology/CanadianFootballPlayer,owl:equivalentClass,http://kbpedia.org/kko/rc/FootballPlayer-Canadian
http://dbpedia.org/ontology/FootballLeagueSeason,rdfs:subClassOf,http://kbpedia.org/kko/rc/FootballSeason
http://dbpedia.org/ontology/AmericanFootballTeam,rdfs:subClassOf,http://kbpedia.org/kko/rc/FootballTeam
http://dbpedia.org/ontology/AustralianFootballTeam,rdfs:subClassOf,http://kbpedia.org/kko/rc/FootballTeam
http://dbpedia.org/ontology/CanadianFootballTeam,rdfs:subClassOf,http://kbpedia.org/kko/rc/FootballTeam
http://dbpedia.org/ontology/OverseasDepartment,rdfs:subClassOf,http://kbpedia.org/kko/rc/ForeignOffice
http://dbpedia.org/ontology/Forest,owl:equivalentClass,http://kbpedia.org/kko/rc/Forest
http://dbpedia.org/ontology/FormulaOneRacer,owl:equivalentClass,http://kbpedia.org/kko/rc/FormulaOneRacer
http://dbpedia.org/ontology/Fort,owl:equivalentClass,http://kbpedia.org/kko/rc/FortTheShelterRegion
http://dbpedia.org/ontology/Fungus,owl:equivalentClass,http://kbpedia.org/kko/rc/Fungus
http://dbpedia.org/ontology/Galaxy,owl:equivalentClass,http://kbpedia.org/kko/rc/Galaxy
http://dbpedia.org/ontology/Game,owl:equivalentClass,http://kbpedia.org/kko/rc/Game
http://dbpedia.org/ontology/Garden,owl:equivalentClass,http://kbpedia.org/kko/rc/Garden
http://dbpedia.org/ontology/Gate,owl:equivalentClass,http://kbpedia.org/kko/rc/Gate
http://dbpedia.org/ontology/GatedCommunity,owl:equivalentClass,http://kbpedia.org/kko/rc/GatedCommunity
http://dbpedia.org/ontology/Gene,owl:equivalentClass,http://kbpedia.org/kko/rc/Gene-HereditaryUnit
http://dbpedia.org/ontology/SoccerManager,rdfs:subClassOf,http://kbpedia.org/kko/rc/GeneralManager-SportsTeam
http://dbpedia.org/ontology/SportsManager,kko:superClassOf,http://kbpedia.org/kko/rc/GeneralManager-SportsTeam
http://dbpedia.org/ontology/GeneLocation,rdfs:subClassOf,http://kbpedia.org/kko/rc/Genome-GIS
http://dbpedia.org/ontology/HumanGeneLocation,rdfs:subClassOf,http://kbpedia.org/kko/rc/Genome-GIS
http://dbpedia.org/ontology/MouseGeneLocation,rdfs:subClassOf,http://kbpedia.org/kko/rc/Genome-GIS
http://dbpedia.org/ontology/Genre,rdfs:subClassOf,http://kbpedia.org/kko/rc/GenreTypes
http://dbpedia.org/ontology/CardinalDirection,owl:equivalentClass,http://kbpedia.org/kko/rc/GeographicalDirection-General
http://dbpedia.org/ontology/GeologicalPeriod,owl:equivalentClass,http://kbpedia.org/kko/rc/GeologicalTimePeriod
http://dbpedia.org/ontology/GeopoliticalOrganisation,owl:equivalentClass,http://kbpedia.org/kko/rc/GeopoliticalEntity
http://dbpedia.org/ontology/Region,rdfs:subClassOf,http://kbpedia.org/kko/rc/GeopoliticalEntity
http://dbpedia.org/ontology/GovernmentType,owl:equivalentClass,http://kbpedia.org/kko/rc/GeopoliticalEntityBySystemOfGovernment
http://dbpedia.org/ontology/Ginkgo,owl:equivalentClass,http://kbpedia.org/kko/rc/Ginkgo
http://dbpedia.org/ontology/Glacier,owl:equivalentClass,http://kbpedia.org/kko/rc/Glacier
http://dbpedia.org/ontology/Gnetophytes,owl:equivalentClass,http://kbpedia.org/kko/rc/GnetopsidaClass
http://dbpedia.org/ontology/Deity,owl:equivalentClass,http://kbpedia.org/kko/rc/God
http://dbpedia.org/ontology/GolfCourse,owl:equivalentClass,http://kbpedia.org/kko/rc/GolfCourse
http://dbpedia.org/ontology/GolfPlayer,owl:equivalentClass,http://kbpedia.org/kko/rc/Golfer
http://dbpedia.org/ontology/GolfTournament,owl:equivalentClass,http://kbpedia.org/kko/rc/GolfTournament
http://dbpedia.org/ontology/GovernmentAgency,owl:equivalentClass,http://kbpedia.org/kko/rc/GovernmentAgency
http://dbpedia.org/ontology/Grape,owl:equivalentClass,http://kbpedia.org/kko/rc/Grape
http://dbpedia.org/ontology/GraveMonument,rdfs:subClassOf,http://kbpedia.org/kko/rc/GraveMarker
http://dbpedia.org/ontology/Cemetery,owl:equivalentClass,http://kbpedia.org/kko/rc/Graveyard
http://dbpedia.org/ontology/GreenAlga,owl:equivalentClass,http://kbpedia.org/kko/rc/GreenAlgae
http://dbpedia.org/ontology/Guitar,owl:equivalentClass,http://kbpedia.org/kko/rc/Guitar
http://dbpedia.org/ontology/Guitarist,owl:equivalentClass,http://kbpedia.org/kko/rc/Guitarist
http://dbpedia.org/ontology/Gymnast,owl:equivalentClass,http://kbpedia.org/kko/rc/Gymnast
http://dbpedia.org/ontology/Blazon,rdfs:subClassOf,http://kbpedia.org/kko/rc/HeraldicDevice
http://dbpedia.org/ontology/Egyptologist,rdfs:subClassOf,http://kbpedia.org/kko/rc/Historian
http://dbpedia.org/ontology/Historian,owl:equivalentClass,http://kbpedia.org/kko/rc/Historian
http://dbpedia.org/ontology/HistoricalCountry,rdfs:subClassOf,http://kbpedia.org/kko/rc/HistoricalSite
http://dbpedia.org/ontology/HistoricalDistrict,rdfs:subClassOf,http://kbpedia.org/kko/rc/HistoricalSite
http://dbpedia.org/ontology/HistoricalProvince,rdfs:subClassOf,http://kbpedia.org/kko/rc/HistoricalSite
http://dbpedia.org/ontology/HistoricalRegion,rdfs:subClassOf,http://kbpedia.org/kko/rc/HistoricalSite
http://dbpedia.org/ontology/HistoricalSettlement,rdfs:subClassOf,http://kbpedia.org/kko/rc/HistoricalSite
http://dbpedia.org/ontology/HistoricPlace,owl:equivalentClass,http://kbpedia.org/kko/rc/HistoricalSite
http://dbpedia.org/ontology/HistoricBuilding,owl:equivalentClass,http://kbpedia.org/kko/rc/HistoricBuilding
http://dbpedia.org/ontology/HistoricalPeriod,owl:equivalentClass,http://kbpedia.org/kko/rc/HistoricPeriod
http://dbpedia.org/ontology/PeriodOfArtisticStyle,rdfs:subClassOf,http://kbpedia.org/kko/rc/HistoricPeriod
http://dbpedia.org/ontology/ProtohistoricalPeriod,rdfs:subClassOf,http://kbpedia.org/kko/rc/HistoricPeriod
http://dbpedia.org/ontology/HockeyTeam,owl:equivalentClass,http://kbpedia.org/kko/rc/HockeyTeam
http://dbpedia.org/ontology/Holiday,owl:equivalentClass,http://kbpedia.org/kko/rc/Holiday
http://dbpedia.org/ontology/RomanEmperor,owl:equivalentClass,http://kbpedia.org/kko/rc/HolyRomanEmperor
http://dbpedia.org/ontology/Horse,owl:equivalentClass,http://kbpedia.org/kko/rc/Horse
http://dbpedia.org/ontology/HorseRiding,owl:equivalentClass,http://kbpedia.org/kko/rc/HorsebackRiding
http://dbpedia.org/ontology/HorseRace,owl:equivalentClass,http://kbpedia.org/kko/rc/HorseRacingEvent
http://dbpedia.org/ontology/Hospital,owl:equivalentClass,http://kbpedia.org/kko/rc/HospitalBuilding
http://dbpedia.org/ontology/Hotel,owl:equivalentClass,http://kbpedia.org/kko/rc/HotelBuilding
http://dbpedia.org/ontology/HotSpring,owl:equivalentClass,http://kbpedia.org/kko/rc/HotSpring
http://dbpedia.org/ontology/PersonFunction,rdfs:subClassOf,http://kbpedia.org/kko/rc/HumanActivity
http://dbpedia.org/ontology/GivenName,owl:equivalentClass,http://kbpedia.org/kko/rc/HumanGivenName
http://dbpedia.org/ontology/Agglomeration,rdfs:subClassOf,http://kbpedia.org/kko/rc/HumanResidenceArea
http://dbpedia.org/ontology/Surname,owl:equivalentClass,http://kbpedia.org/kko/rc/HumanSurname
http://dbpedia.org/ontology/PersonalEvent,rdfs:subClassOf,http://kbpedia.org/kko/rc/HumanTypeByLifeStageType
http://dbpedia.org/ontology/IceHockeyPlayer,owl:equivalentClass,http://kbpedia.org/kko/rc/IceHockeyPlayer
http://dbpedia.org/ontology/ElectionDiagram,rdfs:subClassOf,http://kbpedia.org/kko/rc/Infographic
http://dbpedia.org/ontology/InformationAppliance,rdfs:subClassOf,http://kbpedia.org/kko/rc/InformationManagementUse
http://dbpedia.org/ontology/Insect,owl:equivalentClass,http://kbpedia.org/kko/rc/Insect
http://dbpedia.org/ontology/Rebellion,rdfs:subClassOf,http://kbpedia.org/kko/rc/Insurgency
http://dbpedia.org/ontology/InternationalOrganisation,owl:equivalentClass,http://kbpedia.org/kko/rc/InternationalOrganization
http://dbpedia.org/ontology/Imdb,owl:equivalentClass,http://kbpedia.org/kko/rc/InternetMovieDatabase
http://dbpedia.org/ontology/MemberResistanceMovement,owl:equivalentClass,http://kbpedia.org/kko/rc/IrregularMilitaryForce
http://dbpedia.org/ontology/Island,owl:equivalentClass,http://kbpedia.org/kko/rc/Island
http://dbpedia.org/ontology/Jockey,owl:equivalentClass,http://kbpedia.org/kko/rc/Jockey
http://dbpedia.org/ontology/Journalist,owl:equivalentClass,http://kbpedia.org/kko/rc/Journalist
http://dbpedia.org/ontology/AcademicJournal,rdfs:subClassOf,http://kbpedia.org/kko/rc/JournalSeries
http://dbpedia.org/ontology/UndergroundJournal,rdfs:subClassOf,http://kbpedia.org/kko/rc/JournalSeries
http://dbpedia.org/ontology/Judge,owl:equivalentClass,http://kbpedia.org/kko/rc/Judge
http://dbpedia.org/ontology/PolishKing,rdfs:subClassOf,http://kbpedia.org/kko/rc/King-HeadOfState
http://dbpedia.org/ontology/LacrossePlayer,owl:equivalentClass,http://kbpedia.org/kko/rc/LacrossePlayer
http://dbpedia.org/ontology/Lake,owl:equivalentClass,http://kbpedia.org/kko/rc/Lake
http://dbpedia.org/ontology/NaturalPlace,rdfs:subClassOf,http://kbpedia.org/kko/rc/LandTopographicalFeature
http://dbpedia.org/ontology/Language,owl:equivalentClass,http://kbpedia.org/kko/rc/Language
http://dbpedia.org/ontology/Law,owl:equivalentClass,http://kbpedia.org/kko/rc/Law
http://dbpedia.org/ontology/LawFirm,owl:equivalentClass,http://kbpedia.org/kko/rc/LawFirm
http://dbpedia.org/ontology/Lawyer,owl:equivalentClass,http://kbpedia.org/kko/rc/Lawyer
http://dbpedia.org/ontology/SystemOfLaw,owl:equivalentClass,http://kbpedia.org/kko/rc/LegalCode
http://dbpedia.org/ontology/Legislature,owl:equivalentClass,http://kbpedia.org/kko/rc/LegislativeOrganization
http://dbpedia.org/ontology/Senator,rdfs:subClassOf,http://kbpedia.org/kko/rc/Legislator
http://dbpedia.org/ontology/Letter,owl:equivalentClass,http://kbpedia.org/kko/rc/Letter-Alphabetic
http://dbpedia.org/ontology/Library,owl:equivalentClass,http://kbpedia.org/kko/rc/Library-Organization
http://dbpedia.org/ontology/Ligament,owl:equivalentClass,http://kbpedia.org/kko/rc/Ligament
http://dbpedia.org/ontology/Lighthouse,owl:equivalentClass,http://kbpedia.org/kko/rc/Lighthouse
http://dbpedia.org/ontology/Linguist,owl:equivalentClass,http://kbpedia.org/kko/rc/Linguist
http://dbpedia.org/ontology/Lipid,owl:equivalentClass,http://kbpedia.org/kko/rc/Lipid
http://dbpedia.org/ontology/List,owl:equivalentClass,http://kbpedia.org/kko/rc/List-Information
http://dbpedia.org/ontology/Parish,owl:equivalentClass,http://kbpedia.org/kko/rc/LocalReligiousCongregation
http://dbpedia.org/ontology/ClubMoss,owl:equivalentClass,http://kbpedia.org/kko/rc/LycophytinaSubdivision
http://dbpedia.org/ontology/Lymph,owl:equivalentClass,http://kbpedia.org/kko/rc/LymphFluid
http://dbpedia.org/ontology/Magazine,owl:equivalentClass,http://kbpedia.org/kko/rc/Magazine
http://dbpedia.org/ontology/Mammal,owl:equivalentClass,http://kbpedia.org/kko/rc/Mammal
http://dbpedia.org/ontology/Manga,owl:equivalentClass,http://kbpedia.org/kko/rc/Manga
http://dbpedia.org/ontology/Marriage,owl:equivalentClass,http://kbpedia.org/kko/rc/Marriage-Agreement
http://dbpedia.org/ontology/MartialArtist,owl:equivalentClass,http://kbpedia.org/kko/rc/MartialArtist
http://dbpedia.org/ontology/MixedMartialArtsEvent,owl:equivalentClass,http://kbpedia.org/kko/rc/MartialArtsSportsEvent
http://dbpedia.org/ontology/Media,rdfs:subClassOf,http://kbpedia.org/kko/rc/MassCommunicating
http://dbpedia.org/ontology/PublicTransitSystem,owl:equivalentClass,http://kbpedia.org/kko/rc/MassTransitSystem
http://dbpedia.org/ontology/BullFighter,owl:equivalentClass,http://kbpedia.org/kko/rc/Matador
http://dbpedia.org/ontology/MathematicalConcept,rdfs:subClassOf,http://kbpedia.org/kko/rc/MathematicalThing
http://dbpedia.org/ontology/Mayor,owl:equivalentClass,http://kbpedia.org/kko/rc/Mayor
http://dbpedia.org/ontology/Broadcaster,rdfs:subClassOf,http://kbpedia.org/kko/rc/MediaOrganization
http://dbpedia.org/ontology/BroadcastNetwork,rdfs:subClassOf,http://kbpedia.org/kko/rc/MediaOrganization
http://dbpedia.org/ontology/BiologicalDatabase,kko:superClassOf,http://kbpedia.org/kko/rc/MedicalDatabase
http://dbpedia.org/ontology/Medicine,owl:equivalentClass,http://kbpedia.org/kko/rc/MedicalFieldOfStudy
http://dbpedia.org/ontology/Meeting,owl:equivalentClass,http://kbpedia.org/kko/rc/Meeting-SocialGathering
http://dbpedia.org/ontology/Memorial,owl:equivalentClass,http://kbpedia.org/kko/rc/MemorialMarker
http://dbpedia.org/ontology/MilitaryAircraft,owl:equivalentClass,http://kbpedia.org/kko/rc/MilitaryAircraft
http://dbpedia.org/ontology/MilitaryStructure,owl:equivalentClass,http://kbpedia.org/kko/rc/MilitaryFacility
http://dbpedia.org/ontology/MilitaryUnit,rdfs:subClassOf,http://kbpedia.org/kko/rc/MilitaryOrganization
http://dbpedia.org/ontology/MilitaryPerson,owl:equivalentClass,http://kbpedia.org/kko/rc/MilitaryPerson
http://dbpedia.org/ontology/MilitaryVehicle,owl:equivalentClass,http://kbpedia.org/kko/rc/MilitaryVehicle
http://dbpedia.org/ontology/Mill,owl:equivalentClass,http://kbpedia.org/kko/rc/Mill-ManufacturingFacility
http://dbpedia.org/ontology/Mine,owl:equivalentClass,http://kbpedia.org/kko/rc/Mine-ExcavationFacility
http://dbpedia.org/ontology/Mineral,owl:equivalentClass,http://kbpedia.org/kko/rc/Mineral
http://dbpedia.org/ontology/VicePrimeMinister,rdfs:subClassOf,http://kbpedia.org/kko/rc/Minister-Governmental
http://dbpedia.org/ontology/MobilePhone,owl:equivalentClass,http://kbpedia.org/kko/rc/MobilePhone
http://dbpedia.org/ontology/Mollusca,owl:equivalentClass,http://kbpedia.org/kko/rc/Mollusk
http://dbpedia.org/ontology/Monarch,owl:equivalentClass,http://kbpedia.org/kko/rc/Monarch-HeadOfState
http://dbpedia.org/ontology/Fiefdom,rdfs:subClassOf,http://kbpedia.org/kko/rc/Monarchy
http://dbpedia.org/ontology/HistoricalAreaOfAuthority,rdfs:subClassOf,http://kbpedia.org/kko/rc/Monarchy
http://dbpedia.org/ontology/Regency,rdfs:subClassOf,http://kbpedia.org/kko/rc/Monarchy
http://dbpedia.org/ontology/Monastery,owl:equivalentClass,http://kbpedia.org/kko/rc/Monastery-Residence
http://dbpedia.org/ontology/Monument,owl:equivalentClass,http://kbpedia.org/kko/rc/Monument
http://dbpedia.org/ontology/Mosque,owl:equivalentClass,http://kbpedia.org/kko/rc/Mosque
http://dbpedia.org/ontology/Moss,owl:equivalentClass,http://kbpedia.org/kko/rc/Moss
http://dbpedia.org/ontology/Motorcycle,owl:equivalentClass,http://kbpedia.org/kko/rc/Motorcycle
http://dbpedia.org/ontology/MotocycleRacer,owl:equivalentClass,http://kbpedia.org/kko/rc/Motorcyclist-Professional
http://dbpedia.org/ontology/MotorcycleRider,rdfs:subClassOf,http://kbpedia.org/kko/rc/Motorcyclist-Professional
http://dbpedia.org/ontology/SpeedwayRider,rdfs:subClassOf,http://kbpedia.org/kko/rc/Motorcyclist-Professional
http://dbpedia.org/ontology/MotorRace,owl:equivalentClass,http://kbpedia.org/kko/rc/MotorRacing
http://dbpedia.org/ontology/Mountain,owl:equivalentClass,http://kbpedia.org/kko/rc/Mountain
http://dbpedia.org/ontology/MountainRange,owl:equivalentClass,http://kbpedia.org/kko/rc/MountainRange
http://dbpedia.org/ontology/Film,owl:equivalentClass,http://kbpedia.org/kko/rc/Movie
http://dbpedia.org/ontology/MovingImage,owl:equivalentClass,http://kbpedia.org/kko/rc/MovingImage
http://dbpedia.org/ontology/FormerMunicipality,rdfs:subClassOf,http://kbpedia.org/kko/rc/Municipality
http://dbpedia.org/ontology/Municipality,owl:equivalentClass,http://kbpedia.org/kko/rc/Municipality
http://dbpedia.org/ontology/Murderer,owl:equivalentClass,http://kbpedia.org/kko/rc/Murderer
http://dbpedia.org/ontology/Muscle,owl:equivalentClass,http://kbpedia.org/kko/rc/Muscle
http://dbpedia.org/ontology/Museum,owl:equivalentClass,http://kbpedia.org/kko/rc/Museum-Organization
http://dbpedia.org/ontology/Musical,owl:equivalentClass,http://kbpedia.org/kko/rc/Musical
http://dbpedia.org/ontology/MusicComposer,owl:equivalentClass,http://kbpedia.org/kko/rc/MusicalComposer
http://dbpedia.org/ontology/MusicalWork,owl:equivalentClass,http://kbpedia.org/kko/rc/MusicalComposition
http://dbpedia.org/ontology/ClassicalMusicComposition,owl:equivalentClass,http://kbpedia.org/kko/rc/MusicalComposition-Classical
http://dbpedia.org/ontology/EurovisionSongContestEntry,rdfs:subClassOf,http://kbpedia.org/kko/rc/MusicalComposition-Song
http://dbpedia.org/ontology/Song,owl:equivalentClass,http://kbpedia.org/kko/rc/MusicalComposition-Song
http://dbpedia.org/ontology/Instrument,owl:equivalentClass,http://kbpedia.org/kko/rc/MusicalInstrument
http://dbpedia.org/ontology/Instrumentalist,owl:equivalentClass,http://kbpedia.org/kko/rc/MusicalInstrumentPlayer
http://dbpedia.org/ontology/ClassicalMusicArtist,owl:equivalentClass,http://kbpedia.org/kko/rc/MusicalPerformer
http://dbpedia.org/ontology/MusicalArtist,owl:equivalentClass,http://kbpedia.org/kko/rc/MusicalPerformer
http://dbpedia.org/ontology/MusicDirector,owl:equivalentClass,http://kbpedia.org/kko/rc/MusicDirector
http://dbpedia.org/ontology/MusicFestival,owl:equivalentClass,http://kbpedia.org/kko/rc/MusicFestival
http://dbpedia.org/ontology/Single,owl:equivalentClass,http://kbpedia.org/kko/rc/MusicSingle
http://dbpedia.org/ontology/MusicGenre,owl:equivalentClass,http://kbpedia.org/kko/rc/MusicTypeByGenre
http://dbpedia.org/ontology/Name,owl:equivalentClass,http://kbpedia.org/kko/rc/Name
http://dbpedia.org/ontology/NascarDriver,owl:equivalentClass,http://kbpedia.org/kko/rc/NASCARDriver
http://dbpedia.org/ontology/NationalAnthem,owl:equivalentClass,http://kbpedia.org/kko/rc/NationalAnthem
http://dbpedia.org/ontology/NaturalRegion,owl:equivalentClass,http://kbpedia.org/kko/rc/NaturalRegion
http://dbpedia.org/ontology/CityDistrict,owl:equivalentClass,http://kbpedia.org/kko/rc/Neighborhood
http://dbpedia.org/ontology/Nerve,owl:equivalentClass,http://kbpedia.org/kko/rc/Nerve
http://dbpedia.org/ontology/Newspaper,owl:equivalentClass,http://kbpedia.org/kko/rc/NewspaperSeries
http://dbpedia.org/ontology/NobelPrize,owl:equivalentClass,http://kbpedia.org/kko/rc/NobelPrize
http://dbpedia.org/ontology/Non-ProfitOrganisation,owl:equivalentClass,http://kbpedia.org/kko/rc/NonProfitOrganization
http://dbpedia.org/ontology/RecordOffice,rdfs:subClassOf,http://kbpedia.org/kko/rc/NonProfitOrganization
http://dbpedia.org/ontology/NordicCombined,owl:equivalentClass,http://kbpedia.org/kko/rc/NordicCombinedSportsEvent
http://dbpedia.org/ontology/Annotation,rdfs:subClassOf,http://kbpedia.org/kko/rc/Note-Document
http://dbpedia.org/ontology/Novel,owl:equivalentClass,http://kbpedia.org/kko/rc/Novel
http://dbpedia.org/ontology/LightNovel,owl:equivalentClass,http://kbpedia.org/kko/rc/Novella
http://dbpedia.org/ontology/NuclearPowerStation,owl:equivalentClass,http://kbpedia.org/kko/rc/NuclearPowerStation
http://dbpedia.org/ontology/Fashion,owl:equivalentClass,http://kbpedia.org/kko/rc/ObjectTypeByStyle
http://dbpedia.org/ontology/Ocean,owl:equivalentClass,http://kbpedia.org/kko/rc/Ocean
http://dbpedia.org/ontology/StatedResolution,rdfs:subClassOf,http://kbpedia.org/kko/rc/OfficialDocument
http://dbpedia.org/ontology/OlympicEvent,rdfs:subClassOf,http://kbpedia.org/kko/rc/OlympicCompetition
http://dbpedia.org/ontology/OlympicResult,rdfs:subClassOf,http://kbpedia.org/kko/rc/OlympicCompetition
http://dbpedia.org/ontology/Olympics,rdfs:subClassOf,http://kbpedia.org/kko/rc/OlympicGames
http://dbpedia.org/ontology/Opera,owl:equivalentClass,http://kbpedia.org/kko/rc/Opera
http://dbpedia.org/ontology/Organ,owl:equivalentClass,http://kbpedia.org/kko/rc/Organ-MusicalInstrument
http://dbpedia.org/ontology/EmployersOrganisation,rdfs:subClassOf,http://kbpedia.org/kko/rc/Organization
http://dbpedia.org/ontology/Organisation,owl:equivalentClass,http://kbpedia.org/kko/rc/Organization
http://dbpedia.org/ontology/OrganisationMember,rdfs:subClassOf,http://kbpedia.org/kko/rc/Organization
http://dbpedia.org/ontology/Orphan,owl:equivalentClass,http://kbpedia.org/kko/rc/Orphan
http://dbpedia.org/ontology/Painter,owl:equivalentClass,http://kbpedia.org/kko/rc/Painter-FineArtist
http://dbpedia.org/ontology/Painting,owl:equivalentClass,http://kbpedia.org/kko/rc/Painting-ArtForm
http://dbpedia.org/ontology/Deanery,rdfs:subClassOf,http://kbpedia.org/kko/rc/Parish-EcclesiasticalDistrict
http://dbpedia.org/ontology/Park,owl:equivalentClass,http://kbpedia.org/kko/rc/Park
http://dbpedia.org/ontology/Parliament,owl:equivalentClass,http://kbpedia.org/kko/rc/Parliament
http://dbpedia.org/ontology/MemberOfParliament,owl:equivalentClass,http://kbpedia.org/kko/rc/ParliamentMember
http://dbpedia.org/ontology/NoteworthyPartOfBuilding,rdfs:subClassOf,http://kbpedia.org/kko/rc/PartOfBuilding
http://dbpedia.org/ontology/MountainPass,owl:equivalentClass,http://kbpedia.org/kko/rc/Pass-Geographical
http://dbpedia.org/ontology/ChristianPatriarch,owl:equivalentClass,http://kbpedia.org/kko/rc/Patriarch
http://dbpedia.org/ontology/PeriodicalLiterature,rdfs:subClassOf,http://kbpedia.org/kko/rc/Periodical
http://dbpedia.org/ontology/Person,owl:equivalentClass,http://kbpedia.org/kko/rc/Person
http://dbpedia.org/ontology/ChessPlayer,rdfs:subClassOf,http://kbpedia.org/kko/rc/PersonTypeByActivity
http://dbpedia.org/ontology/EthnicGroup,owl:equivalentClass,http://kbpedia.org/kko/rc/PersonTypeByEthnicity
http://dbpedia.org/ontology/CareerStation,rdfs:subClassOf,http://kbpedia.org/kko/rc/PersonTypeByOccupation
http://dbpedia.org/ontology/Profession,rdfs:subClassOf,http://kbpedia.org/kko/rc/PersonTypeByOccupation
http://dbpedia.org/ontology/Deputy,rdfs:subClassOf,http://kbpedia.org/kko/rc/PersonWithOccupation
http://dbpedia.org/ontology/Drug,owl:equivalentClass,http://kbpedia.org/kko/rc/PharmacyProductType
http://dbpedia.org/ontology/Philosopher,owl:equivalentClass,http://kbpedia.org/kko/rc/Philosopher
http://dbpedia.org/ontology/PhilosophicalConcept,owl:equivalentClass,http://kbpedia.org/kko/rc/PhilosophyBeliefs
http://dbpedia.org/ontology/Photographer,owl:equivalentClass,http://kbpedia.org/kko/rc/Photographer
http://dbpedia.org/ontology/Device,owl:equivalentClass,http://kbpedia.org/kko/rc/PhysicalDevice
http://dbpedia.org/ontology/Planet,owl:equivalentClass,http://kbpedia.org/kko/rc/Planet
http://dbpedia.org/ontology/Plant,owl:equivalentClass,http://kbpedia.org/kko/rc/Plant
http://dbpedia.org/ontology/Play,owl:equivalentClass,http://kbpedia.org/kko/rc/Play
http://dbpedia.org/ontology/PlayboyPlaymate,owl:equivalentClass,http://kbpedia.org/kko/rc/PlayboyModel
http://dbpedia.org/ontology/PlayWright,owl:equivalentClass,http://kbpedia.org/kko/rc/Playwright
http://dbpedia.org/ontology/Poem,owl:equivalentClass,http://kbpedia.org/kko/rc/Poem
http://dbpedia.org/ontology/Poet,owl:equivalentClass,http://kbpedia.org/kko/rc/Poet
http://dbpedia.org/ontology/PokerPlayer,owl:equivalentClass,http://kbpedia.org/kko/rc/PokerPlayer
http://dbpedia.org/ontology/PoliticalFunction,rdfs:subClassOf,http://kbpedia.org/kko/rc/PoliticalAction
http://dbpedia.org/ontology/Ideology,owl:equivalentClass,http://kbpedia.org/kko/rc/PoliticalBeliefSystem
http://dbpedia.org/ontology/PoliticalConcept,rdfs:subClassOf,http://kbpedia.org/kko/rc/PoliticalBeliefSystem
http://dbpedia.org/ontology/PoliticalParty,owl:equivalentClass,http://kbpedia.org/kko/rc/PoliticalParty
http://dbpedia.org/ontology/Politician,owl:equivalentClass,http://kbpedia.org/kko/rc/Politician
http://dbpedia.org/ontology/Polyhedron,owl:equivalentClass,http://kbpedia.org/kko/rc/Polyhedron
http://dbpedia.org/ontology/Polysaccharide,owl:equivalentClass,http://kbpedia.org/kko/rc/Polysaccharide
http://dbpedia.org/ontology/Pope,owl:equivalentClass,http://kbpedia.org/kko/rc/Pope
http://dbpedia.org/ontology/FrenchLocality,rdfs:subClassOf,http://kbpedia.org/kko/rc/PopulatedLocality
http://dbpedia.org/ontology/Locality,owl:equivalentClass,http://kbpedia.org/kko/rc/PopulatedLocality
http://dbpedia.org/ontology/PopulatedPlace,owl:equivalentClass,http://kbpedia.org/kko/rc/PopulatedPlace
http://dbpedia.org/ontology/SubMunicipality,rdfs:subClassOf,http://kbpedia.org/kko/rc/PopulatedPlacePart
http://dbpedia.org/ontology/Population,rdfs:subClassOf,http://kbpedia.org/kko/rc/PopulationOfType-Organism-Whole
http://dbpedia.org/ontology/Pornstar,owl:equivalentClass,http://kbpedia.org/kko/rc/PornStar
http://dbpedia.org/ontology/Port,owl:equivalentClass,http://kbpedia.org/kko/rc/PortFacility
http://dbpedia.org/ontology/PowerStation,owl:equivalentClass,http://kbpedia.org/kko/rc/PowerGenerationComplex
http://dbpedia.org/ontology/Prefecture,owl:equivalentClass,http://kbpedia.org/kko/rc/Prefecture
http://dbpedia.org/ontology/PrehistoricalPeriod,owl:equivalentClass,http://kbpedia.org/kko/rc/Prehistoric
http://dbpedia.org/ontology/President,rdfs:subClassOf,http://kbpedia.org/kko/rc/PresidentOfOrganization
http://dbpedia.org/ontology/PrimeMinister,owl:equivalentClass,http://kbpedia.org/kko/rc/PrimeMinister-HeadOfGovernment
http://dbpedia.org/ontology/Prison,owl:equivalentClass,http://kbpedia.org/kko/rc/Prison
http://dbpedia.org/ontology/Producer,owl:equivalentClass,http://kbpedia.org/kko/rc/Producer
http://dbpedia.org/ontology/NationalFootballLeagueEvent,rdfs:subClassOf,http://kbpedia.org/kko/rc/ProfessionalSportsEvent
http://dbpedia.org/ontology/Professor,owl:equivalentClass,http://kbpedia.org/kko/rc/Professor
http://dbpedia.org/ontology/Project,rdfs:subClassOf,http://kbpedia.org/kko/rc/Project
http://dbpedia.org/ontology/Drama,owl:equivalentClass,http://kbpedia.org/kko/rc/PropositionalConceptualWork-DramaGenre
http://dbpedia.org/ontology/Protein,owl:equivalentClass,http://kbpedia.org/kko/rc/ProteinMolecule
http://dbpedia.org/ontology/Province,owl:equivalentClass,http://kbpedia.org/kko/rc/Province
http://dbpedia.org/ontology/SumoWrestler,rdfs:subClassOf,http://kbpedia.org/kko/rc/ProWrestler
http://dbpedia.org/ontology/Psychologist,owl:equivalentClass,http://kbpedia.org/kko/rc/Psychologist
http://dbpedia.org/ontology/Venue,rdfs:subClassOf,http://kbpedia.org/kko/rc/PublicPlace
http://dbpedia.org/ontology/DistrictWaterBoard,rdfs:subClassOf,http://kbpedia.org/kko/rc/PublicWaterSystem
http://dbpedia.org/ontology/Publisher,owl:equivalentClass,http://kbpedia.org/kko/rc/Publisher
http://dbpedia.org/ontology/Pyramid,owl:equivalentClass,http://kbpedia.org/kko/rc/PyramidMonument
http://dbpedia.org/ontology/RaceHorse,owl:equivalentClass,http://kbpedia.org/kko/rc/Racehorse
http://dbpedia.org/ontology/RaceTrack,owl:equivalentClass,http://kbpedia.org/kko/rc/RaceTrack
http://dbpedia.org/ontology/GrandPrix,rdfs:subClassOf,http://kbpedia.org/kko/rc/RacingSportsEvent
http://dbpedia.org/ontology/Race,owl:equivalentClass,http://kbpedia.org/kko/rc/RacingSportsEvent
http://dbpedia.org/ontology/RadioProgram,owl:equivalentClass,http://kbpedia.org/kko/rc/RadioShow
http://dbpedia.org/ontology/RadioStation,owl:equivalentClass,http://kbpedia.org/kko/rc/RadioStation-Organization
http://dbpedia.org/ontology/RadioHost,kko:superClassOf,http://kbpedia.org/kko/rc/RadioTalkShowHost
http://dbpedia.org/ontology/RailwayStation,owl:equivalentClass,http://kbpedia.org/kko/rc/RailroadStation
http://dbpedia.org/ontology/TramStation,rdfs:subClassOf,http://kbpedia.org/kko/rc/RailroadStation
http://dbpedia.org/ontology/RailwayLine,owl:equivalentClass,http://kbpedia.org/kko/rc/Railway
http://dbpedia.org/ontology/TrainCarriage,rdfs:subClassOf,http://kbpedia.org/kko/rc/RailwayTramwayCar
http://dbpedia.org/ontology/SnookerWorldRanking,rdfs:subClassOf,http://kbpedia.org/kko/rc/Rating
http://dbpedia.org/ontology/RecordLabel,owl:equivalentClass,http://kbpedia.org/kko/rc/RecordCompany
http://dbpedia.org/ontology/Referee,owl:equivalentClass,http://kbpedia.org/kko/rc/Referee
http://dbpedia.org/ontology/Reference,owl:equivalentClass,http://kbpedia.org/kko/rc/ReferenceWork
http://dbpedia.org/ontology/TheologicalConcept,rdfs:subClassOf,http://kbpedia.org/kko/rc/ReligiousBeliefs
http://dbpedia.org/ontology/ReligiousBuilding,owl:equivalentClass,http://kbpedia.org/kko/rc/ReligiousBuilding
http://dbpedia.org/ontology/ClericalOrder,owl:equivalentClass,http://kbpedia.org/kko/rc/ReligiousOrganization
http://dbpedia.org/ontology/ReligiousOrganisation,owl:equivalentClass,http://kbpedia.org/kko/rc/ReligiousOrganization
http://dbpedia.org/ontology/Religious,owl:equivalentClass,http://kbpedia.org/kko/rc/ReligiousPerson
http://dbpedia.org/ontology/Reptile,owl:equivalentClass,http://kbpedia.org/kko/rc/Reptile
http://dbpedia.org/ontology/ResearchProject,owl:equivalentClass,http://kbpedia.org/kko/rc/ResearchProject
http://dbpedia.org/ontology/ProtectedArea,rdfs:subClassOf,http://kbpedia.org/kko/rc/Reserve-OutdoorRegion
http://dbpedia.org/ontology/RestArea,owl:equivalentClass,http://kbpedia.org/kko/rc/RestArea
http://dbpedia.org/ontology/Restaurant,owl:equivalentClass,http://kbpedia.org/kko/rc/Restaurant
http://dbpedia.org/ontology/Resume,owl:equivalentClass,http://kbpedia.org/kko/rc/Resume
http://dbpedia.org/ontology/River,owl:equivalentClass,http://kbpedia.org/kko/rc/River
http://dbpedia.org/ontology/Road,owl:equivalentClass,http://kbpedia.org/kko/rc/Roadway
http://dbpedia.org/ontology/RoadJunction,owl:equivalentClass,http://kbpedia.org/kko/rc/RoadwayJunction
http://dbpedia.org/ontology/RocketEngine,owl:equivalentClass,http://kbpedia.org/kko/rc/RocketEngine
http://dbpedia.org/ontology/Rocket,rdfs:subClassOf,http://kbpedia.org/kko/rc/RocketPropelledTransportationDevice
http://dbpedia.org/ontology/RollerCoaster,owl:equivalentClass,http://kbpedia.org/kko/rc/RollerCoaster
http://dbpedia.org/ontology/Cardinal,owl:equivalentClass,http://kbpedia.org/kko/rc/RomanCatholicCardinal
http://dbpedia.org/ontology/RugbyPlayer,owl:equivalentClass,http://kbpedia.org/kko/rc/RugbyPlayer
http://dbpedia.org/ontology/Fencer,kko:superClassOf,http://kbpedia.org/kko/rc/SabreFencer
http://dbpedia.org/ontology/Saint,owl:equivalentClass,http://kbpedia.org/kko/rc/Saint
http://dbpedia.org/ontology/Sales,owl:equivalentClass,http://kbpedia.org/kko/rc/SalesActivity
http://dbpedia.org/ontology/ArtificialSatellite,owl:equivalentClass,http://kbpedia.org/kko/rc/Satellite
http://dbpedia.org/ontology/Satellite,rdfs:subClassOf,http://kbpedia.org/kko/rc/Satellite-HeavenlyBody
http://dbpedia.org/ontology/School,owl:equivalentClass,http://kbpedia.org/kko/rc/School-AcademicOrganization
http://dbpedia.org/ontology/Scientist,owl:equivalentClass,http://kbpedia.org/kko/rc/Scientist
http://dbpedia.org/ontology/ScreenWriter,owl:equivalentClass,http://kbpedia.org/kko/rc/Screenwriter
http://dbpedia.org/ontology/Sculptor,owl:equivalentClass,http://kbpedia.org/kko/rc/Sculptor
http://dbpedia.org/ontology/Sculpture,owl:equivalentClass,http://kbpedia.org/kko/rc/Sculpture
http://dbpedia.org/ontology/Sea,owl:equivalentClass,http://kbpedia.org/kko/rc/Sea
http://dbpedia.org/ontology/SerialKiller,owl:equivalentClass,http://kbpedia.org/kko/rc/SerialKiller
http://dbpedia.org/ontology/FillingStation,owl:equivalentClass,http://kbpedia.org/kko/rc/ServiceStation
http://dbpedia.org/ontology/Ship,owl:equivalentClass,http://kbpedia.org/kko/rc/Ship
http://dbpedia.org/ontology/ShoppingMall,owl:equivalentClass,http://kbpedia.org/kko/rc/ShoppingMallBuilding
http://dbpedia.org/ontology/Shrine,owl:equivalentClass,http://kbpedia.org/kko/rc/Shrine-Religious
http://dbpedia.org/ontology/Singer,owl:equivalentClass,http://kbpedia.org/kko/rc/Singer
http://dbpedia.org/ontology/SkiArea,owl:equivalentClass,http://kbpedia.org/kko/rc/SkiArea
http://dbpedia.org/ontology/SkiResort,owl:equivalentClass,http://kbpedia.org/kko/rc/SkiResort-Attraction
http://dbpedia.org/ontology/Skyscraper,owl:equivalentClass,http://kbpedia.org/kko/rc/Skyscraper
http://dbpedia.org/ontology/CrossCountrySkier,rdfs:subClassOf,http://kbpedia.org/kko/rc/SnowSkier
http://dbpedia.org/ontology/Skier,owl:equivalentClass,http://kbpedia.org/kko/rc/SnowSkier
http://dbpedia.org/ontology/Soccer,owl:equivalentClass,http://kbpedia.org/kko/rc/Soccer
http://dbpedia.org/ontology/SoccerTournament,owl:equivalentClass,http://kbpedia.org/kko/rc/SoccerCompetition
http://dbpedia.org/ontology/SoccerPlayer,owl:equivalentClass,http://kbpedia.org/kko/rc/SoccerPlayer
http://dbpedia.org/ontology/PublicService,rdfs:subClassOf,http://kbpedia.org/kko/rc/SociabilityBasedAction
http://dbpedia.org/ontology/Group,kko:superClassOf,http://kbpedia.org/kko/rc/SocialGroup
http://dbpedia.org/ontology/SocietalEvent,owl:equivalentClass,http://kbpedia.org/kko/rc/SocialOccurrence
http://dbpedia.org/ontology/HumanDevelopmentIndex,rdfs:subClassOf,http://kbpedia.org/kko/rc/SocialQuantity
http://dbpedia.org/ontology/Software,rdfs:subClassOf,http://kbpedia.org/kko/rc/SoftwareObject-Individual
http://dbpedia.org/ontology/SolarEclipse,owl:equivalentClass,http://kbpedia.org/kko/rc/SolarEclipse
http://dbpedia.org/ontology/SongWriter,owl:equivalentClass,http://kbpedia.org/kko/rc/Songwriter
http://dbpedia.org/ontology/Sound,owl:equivalentClass,http://kbpedia.org/kko/rc/Sound
http://dbpedia.org/ontology/Spacecraft,owl:equivalentClass,http://kbpedia.org/kko/rc/Spacecraft
http://dbpedia.org/ontology/SpaceMission,owl:equivalentClass,http://kbpedia.org/kko/rc/SpaceMission
http://dbpedia.org/ontology/SpaceShuttle,owl:equivalentClass,http://kbpedia.org/kko/rc/SpaceShuttle
http://dbpedia.org/ontology/SpaceStation,owl:equivalentClass,http://kbpedia.org/kko/rc/SpaceStation
http://dbpedia.org/ontology/Standard,rdfs:subClassOf,http://kbpedia.org/kko/rc/Specification
http://dbpedia.org/ontology/Sport,owl:equivalentClass,http://kbpedia.org/kko/rc/Sport
http://dbpedia.org/ontology/RugbyClub,rdfs:subClassOf,http://kbpedia.org/kko/rc/SportsClub
http://dbpedia.org/ontology/SoccerClub,rdfs:subClassOf,http://kbpedia.org/kko/rc/SportsClub
http://dbpedia.org/ontology/SportsClub,owl:equivalentClass,http://kbpedia.org/kko/rc/SportsClub
http://dbpedia.org/ontology/AmericanFootballCoach,rdfs:subClassOf,http://kbpedia.org/kko/rc/SportsCoach
http://dbpedia.org/ontology/Coach,owl:equivalentClass,http://kbpedia.org/kko/rc/SportsCoach
http://dbpedia.org/ontology/VolleyballCoach,rdfs:subClassOf,http://kbpedia.org/kko/rc/SportsCoach
http://dbpedia.org/ontology/SportCompetitionResult,rdfs:subClassOf,http://kbpedia.org/kko/rc/SportsCompetition
http://dbpedia.org/ontology/MotorsportSeason,rdfs:subClassOf,http://kbpedia.org/kko/rc/SportSeason
http://dbpedia.org/ontology/NationalFootballLeagueSeason,rdfs:subClassOf,http://kbpedia.org/kko/rc/SportSeason
http://dbpedia.org/ontology/NCAATeamSeason,rdfs:subClassOf,http://kbpedia.org/kko/rc/SportSeason
http://dbpedia.org/ontology/SoccerClubSeason,rdfs:subClassOf,http://kbpedia.org/kko/rc/SportSeason
http://dbpedia.org/ontology/SoccerLeagueSeason,rdfs:subClassOf,http://kbpedia.org/kko/rc/SportSeason
http://dbpedia.org/ontology/SportsSeason,owl:equivalentClass,http://kbpedia.org/kko/rc/SportSeason
http://dbpedia.org/ontology/SportsTeamSeason,owl:equivalentClass,http://kbpedia.org/kko/rc/SportSeason
http://dbpedia.org/ontology/FootballMatch,rdfs:subClassOf,http://kbpedia.org/kko/rc/SportsEvent
http://dbpedia.org/ontology/InternationalFootballLeagueEvent,rdfs:subClassOf,http://kbpedia.org/kko/rc/SportsEvent
http://dbpedia.org/ontology/SportsEvent,owl:equivalentClass,http://kbpedia.org/kko/rc/SportsEvent
http://dbpedia.org/ontology/AmericanFootballLeague,rdfs:subClassOf,http://kbpedia.org/kko/rc/SportsLeague
http://dbpedia.org/ontology/AutoRacingLeague,rdfs:subClassOf,http://kbpedia.org/kko/rc/SportsLeague
http://dbpedia.org/ontology/BasketballLeague,rdfs:subClassOf,http://kbpedia.org/kko/rc/SportsLeague
http://dbpedia.org/ontology/BowlingLeague,rdfs:subClassOf,http://kbpedia.org/kko/rc/SportsLeague
http://dbpedia.org/ontology/BoxingLeague,rdfs:subClassOf,http://kbpedia.org/kko/rc/SportsLeague
http://dbpedia.org/ontology/CanadianFootballLeague,rdfs:subClassOf,http://kbpedia.org/kko/rc/SportsLeague
http://dbpedia.org/ontology/CricketLeague,rdfs:subClassOf,http://kbpedia.org/kko/rc/SportsLeague
http://dbpedia.org/ontology/CurlingLeague,rdfs:subClassOf,http://kbpedia.org/kko/rc/SportsLeague
http://dbpedia.org/ontology/CyclingLeague,rdfs:subClassOf,http://kbpedia.org/kko/rc/SportsLeague
http://dbpedia.org/ontology/FieldHockeyLeague,rdfs:subClassOf,http://kbpedia.org/kko/rc/SportsLeague
http://dbpedia.org/ontology/FormulaOneRacing,rdfs:subClassOf,http://kbpedia.org/kko/rc/SportsLeague
http://dbpedia.org/ontology/GolfLeague,rdfs:subClassOf,http://kbpedia.org/kko/rc/SportsLeague
http://dbpedia.org/ontology/HandballLeague,rdfs:subClassOf,http://kbpedia.org/kko/rc/SportsLeague
http://dbpedia.org/ontology/IceHockeyLeague,rdfs:subClassOf,http://kbpedia.org/kko/rc/SportsLeague
http://dbpedia.org/ontology/InlineHockeyLeague,rdfs:subClassOf,http://kbpedia.org/kko/rc/SportsLeague
http://dbpedia.org/ontology/LacrosseLeague,rdfs:subClassOf,http://kbpedia.org/kko/rc/SportsLeague
http://dbpedia.org/ontology/MixedMartialArtsLeague,rdfs:subClassOf,http://kbpedia.org/kko/rc/SportsLeague
http://dbpedia.org/ontology/MotorcycleRacingLeague,rdfs:subClassOf,http://kbpedia.org/kko/rc/SportsLeague
http://dbpedia.org/ontology/PaintballLeague,rdfs:subClassOf,http://kbpedia.org/kko/rc/SportsLeague
http://dbpedia.org/ontology/PoloLeague,rdfs:subClassOf,http://kbpedia.org/kko/rc/SportsLeague
http://dbpedia.org/ontology/RadioControlledRacingLeague,rdfs:subClassOf,http://kbpedia.org/kko/rc/SportsLeague
http://dbpedia.org/ontology/RugbyLeague,rdfs:subClassOf,http://kbpedia.org/kko/rc/SportsLeague
http://dbpedia.org/ontology/SoccerLeague,rdfs:subClassOf,http://kbpedia.org/kko/rc/SportsLeague
http://dbpedia.org/ontology/SoftballLeague,rdfs:subClassOf,http://kbpedia.org/kko/rc/SportsLeague
http://dbpedia.org/ontology/SpeedwayLeague,rdfs:subClassOf,http://kbpedia.org/kko/rc/SportsLeague
http://dbpedia.org/ontology/SportsLeague,owl:equivalentClass,http://kbpedia.org/kko/rc/SportsLeague
http://dbpedia.org/ontology/TennisLeague,rdfs:subClassOf,http://kbpedia.org/kko/rc/SportsLeague
http://dbpedia.org/ontology/VideogamesLeague,rdfs:subClassOf,http://kbpedia.org/kko/rc/SportsLeague
http://dbpedia.org/ontology/VolleyballLeague,rdfs:subClassOf,http://kbpedia.org/kko/rc/SportsLeague
http://dbpedia.org/ontology/SportFacility,rdfs:subClassOf,http://kbpedia.org/kko/rc/SportsPlayingArea
http://dbpedia.org/ontology/CyclingTeam,rdfs:subClassOf,http://kbpedia.org/kko/rc/SportsTeam
http://dbpedia.org/ontology/FormulaOneTeam,rdfs:subClassOf,http://kbpedia.org/kko/rc/SportsTeam
http://dbpedia.org/ontology/HandballTeam,rdfs:subClassOf,http://kbpedia.org/kko/rc/SportsTeam
http://dbpedia.org/ontology/NationalSoccerClub,rdfs:subClassOf,http://kbpedia.org/kko/rc/SportsTeam
http://dbpedia.org/ontology/SpeedwayTeam,rdfs:subClassOf,http://kbpedia.org/kko/rc/SportsTeam
http://dbpedia.org/ontology/SportsTeam,owl:equivalentClass,http://kbpedia.org/kko/rc/SportsTeam
http://dbpedia.org/ontology/SquashPlayer,owl:equivalentClass,http://kbpedia.org/kko/rc/SquashPlayer
http://dbpedia.org/ontology/Arena,owl:equivalentClass,http://kbpedia.org/kko/rc/Stadium
http://dbpedia.org/ontology/Stadium,owl:equivalentClass,http://kbpedia.org/kko/rc/Stadium
http://dbpedia.org/ontology/Star,owl:equivalentClass,http://kbpedia.org/kko/rc/Star
http://dbpedia.org/ontology/State,owl:equivalentClass,http://kbpedia.org/kko/rc/State-Geopolitical
http://dbpedia.org/ontology/Governor,owl:equivalentClass,http://kbpedia.org/kko/rc/StateGovernor
http://dbpedia.org/ontology/Statistic,owl:equivalentClass,http://kbpedia.org/kko/rc/Statistics
http://dbpedia.org/ontology/StillImage,owl:equivalentClass,http://kbpedia.org/kko/rc/StillImage
http://dbpedia.org/ontology/Stream,owl:equivalentClass,http://kbpedia.org/kko/rc/Stream
http://dbpedia.org/ontology/Street,owl:equivalentClass,http://kbpedia.org/kko/rc/Street-Generic
http://dbpedia.org/ontology/Tram,owl:equivalentClass,http://kbpedia.org/kko/rc/Streetcar
http://dbpedia.org/ontology/PenaltyShootOut,rdfs:subClassOf,http://kbpedia.org/kko/rc/StructuredSportsEvent
http://dbpedia.org/ontology/MetroStation,owl:equivalentClass,http://kbpedia.org/kko/rc/SubwayStation
http://dbpedia.org/ontology/Surfer,owl:equivalentClass,http://kbpedia.org/kko/rc/Surfer
http://dbpedia.org/ontology/Swimmer,owl:equivalentClass,http://kbpedia.org/kko/rc/Swimmer
http://dbpedia.org/ontology/Synagogue,owl:equivalentClass,http://kbpedia.org/kko/rc/Synagogue
http://dbpedia.org/ontology/LiteraryGenre,rdfs:subClassOf,http://kbpedia.org/kko/rc/SystemOfWrittenMaterials
http://dbpedia.org/ontology/Host,owl:equivalentClass,http://kbpedia.org/kko/rc/TalkShowHost
http://dbpedia.org/ontology/Presenter,rdfs:subClassOf,http://kbpedia.org/kko/rc/TalkShowHost
http://dbpedia.org/ontology/Tax,owl:equivalentClass,http://kbpedia.org/kko/rc/Tax-COC
http://dbpedia.org/ontology/HandballPlayer,rdfs:subClassOf,http://kbpedia.org/kko/rc/TeamHandballPlayer
http://dbpedia.org/ontology/TeamSport,owl:equivalentClass,http://kbpedia.org/kko/rc/TeamSport
http://dbpedia.org/ontology/TelevisionDirector,owl:equivalentClass,http://kbpedia.org/kko/rc/TelevisionDirector
http://dbpedia.org/ontology/TelevisionPersonality,owl:equivalentClass,http://kbpedia.org/kko/rc/TelevisionStar
http://dbpedia.org/ontology/TelevisionStation,owl:equivalentClass,http://kbpedia.org/kko/rc/TelevisionStation
http://dbpedia.org/ontology/Temple,owl:equivalentClass,http://kbpedia.org/kko/rc/Temple
http://dbpedia.org/ontology/TennisPlayer,owl:equivalentClass,http://kbpedia.org/kko/rc/TennisPlayer
http://dbpedia.org/ontology/TennisTournament,owl:equivalentClass,http://kbpedia.org/kko/rc/TennisTournament
http://dbpedia.org/ontology/Station,rdfs:subClassOf,http://kbpedia.org/kko/rc/Terminal-TransferPoint
http://dbpedia.org/ontology/OldTerritory,rdfs:subClassOf,http://kbpedia.org/kko/rc/Territory
http://dbpedia.org/ontology/Territory,owl:equivalentClass,http://kbpedia.org/kko/rc/Territory
http://dbpedia.org/ontology/WrittenWork,owl:equivalentClass,http://kbpedia.org/kko/rc/TextualPCW
http://dbpedia.org/ontology/Theatre,owl:equivalentClass,http://kbpedia.org/kko/rc/Theater-PhysicalStructure
http://dbpedia.org/ontology/TheatreDirector,owl:equivalentClass,http://kbpedia.org/kko/rc/TheatreDirector
http://dbpedia.org/ontology/LifeCycleEvent,rdfs:subClassOf,http://kbpedia.org/kko/rc/TheHumanLifeCycle
http://dbpedia.org/ontology/TermOfOffice,rdfs:subClassOf,http://kbpedia.org/kko/rc/TimeInPosition-Served
http://dbpedia.org/ontology/TimePeriod,owl:equivalentClass,http://kbpedia.org/kko/rc/TimeInterval
http://dbpedia.org/ontology/YearInSpaceflight,rdfs:subClassOf,http://kbpedia.org/kko/rc/TimeInterval
http://dbpedia.org/ontology/TrackList,owl:equivalentClass,http://kbpedia.org/kko/rc/ToDoList
http://dbpedia.org/ontology/Tournament,owl:equivalentClass,http://kbpedia.org/kko/rc/Tournament
http://dbpedia.org/ontology/Tower,owl:equivalentClass,http://kbpedia.org/kko/rc/Tower
http://dbpedia.org/ontology/Town,owl:equivalentClass,http://kbpedia.org/kko/rc/Town
http://dbpedia.org/ontology/Square,owl:equivalentClass,http://kbpedia.org/kko/rc/TownSquare
http://dbpedia.org/ontology/TradeUnion,owl:equivalentClass,http://kbpedia.org/kko/rc/TradeUnion
http://dbpedia.org/ontology/Train,owl:equivalentClass,http://kbpedia.org/kko/rc/Train
http://dbpedia.org/ontology/Locomotive,owl:equivalentClass,http://kbpedia.org/kko/rc/TrainEngine
http://dbpedia.org/ontology/ElectricalSubstation,owl:equivalentClass,http://kbpedia.org/kko/rc/TransformerSubstation
http://dbpedia.org/ontology/MeanOfTransportation,owl:equivalentClass,http://kbpedia.org/kko/rc/TransportationDevice-Vehicle
http://dbpedia.org/ontology/On-SiteTransportation,rdfs:subClassOf,http://kbpedia.org/kko/rc/TransportationPathSystemType
http://dbpedia.org/ontology/LaunchPad,rdfs:subClassOf,http://kbpedia.org/kko/rc/TransportFacility
http://dbpedia.org/ontology/RouteStop,rdfs:subClassOf,http://kbpedia.org/kko/rc/TransportFacility
http://dbpedia.org/ontology/RouteOfTransportation,owl:equivalentClass,http://kbpedia.org/kko/rc/TravelRoute
http://dbpedia.org/ontology/Treadmill,owl:equivalentClass,http://kbpedia.org/kko/rc/Treadmill
http://dbpedia.org/ontology/Treaty,owl:equivalentClass,http://kbpedia.org/kko/rc/Treaty
http://dbpedia.org/ontology/RailwayTunnel,rdfs:subClassOf,http://kbpedia.org/kko/rc/Tunnel
http://dbpedia.org/ontology/RoadTunnel,rdfs:subClassOf,http://kbpedia.org/kko/rc/Tunnel
http://dbpedia.org/ontology/Tunnel,owl:equivalentClass,http://kbpedia.org/kko/rc/Tunnel
http://dbpedia.org/ontology/WaterwayTunnel,rdfs:subClassOf,http://kbpedia.org/kko/rc/Tunnel
http://dbpedia.org/ontology/SoapCharacter,rdfs:subClassOf,http://kbpedia.org/kko/rc/TVCharacter
http://dbpedia.org/ontology/TelevisionSeason,owl:equivalentClass,http://kbpedia.org/kko/rc/TVSeason
http://dbpedia.org/ontology/TelevisionShow,owl:equivalentClass,http://kbpedia.org/kko/rc/TVShow
http://dbpedia.org/ontology/TelevisionEpisode,owl:equivalentClass,http://kbpedia.org/kko/rc/TVShow-Single
http://dbpedia.org/ontology/TelevisionHost,owl:equivalentClass,http://kbpedia.org/kko/rc/TVShowHost
http://dbpedia.org/ontology/SiteOfSpecialScientificInterest,kko:superClassOf,http://kbpedia.org/kko/rc/UNESCOWorldHertitageSite
http://dbpedia.org/ontology/WorldHeritageSite,owl:equivalentClass,http://kbpedia.org/kko/rc/UNESCOWorldHertitageSite
http://dbpedia.org/ontology/University,owl:equivalentClass,http://kbpedia.org/kko/rc/University
http://dbpedia.org/ontology/Congressman,owl:equivalentClass,http://kbpedia.org/kko/rc/USRepresentative
http://dbpedia.org/ontology/Valley,owl:equivalentClass,http://kbpedia.org/kko/rc/Valley
http://dbpedia.org/ontology/CollectionOfValuables,owl:equivalentClass,http://kbpedia.org/kko/rc/Valuable-PersonalPossession
http://dbpedia.org/ontology/Vein,owl:equivalentClass,http://kbpedia.org/kko/rc/Vein
http://dbpedia.org/ontology/VicePresident,owl:equivalentClass,http://kbpedia.org/kko/rc/VicePresidentOfOrganization
http://dbpedia.org/ontology/IranSettlement,rdfs:subClassOf,http://kbpedia.org/kko/rc/Village
http://dbpedia.org/ontology/Settlement,owl:equivalentClass,http://kbpedia.org/kko/rc/Village
http://dbpedia.org/ontology/Village,owl:equivalentClass,http://kbpedia.org/kko/rc/Village
http://dbpedia.org/ontology/Image,owl:equivalentClass,http://kbpedia.org/kko/rc/VisualImage
http://dbpedia.org/ontology/Artwork,owl:equivalentClass,http://kbpedia.org/kko/rc/VisualWork
http://dbpedia.org/ontology/WineRegion,owl:equivalentClass,http://kbpedia.org/kko/rc/ViticulturalDomain
http://dbpedia.org/ontology/Vodka,owl:equivalentClass,http://kbpedia.org/kko/rc/Vodka
http://dbpedia.org/ontology/Volcano,owl:equivalentClass,http://kbpedia.org/kko/rc/Volcano
http://dbpedia.org/ontology/BeachVolleyballPlayer,rdfs:subClassOf,http://kbpedia.org/kko/rc/VolleyballPlayer
http://dbpedia.org/ontology/VolleyballPlayer,owl:equivalentClass,http://kbpedia.org/kko/rc/VolleyballPlayer
http://dbpedia.org/ontology/MovingWalkway,rdfs:subClassOf,http://kbpedia.org/kko/rc/Walkway
http://dbpedia.org/ontology/Watermill,owl:equivalentClass,http://kbpedia.org/kko/rc/WaterPoweredMill
http://dbpedia.org/ontology/WaterTower,owl:equivalentClass,http://kbpedia.org/kko/rc/WaterTower
http://dbpedia.org/ontology/Lock,owl:equivalentClass,http://kbpedia.org/kko/rc/WaterwayLock
http://dbpedia.org/ontology/Weapon,owl:equivalentClass,http://kbpedia.org/kko/rc/Weapon
http://dbpedia.org/ontology/Website,owl:equivalentClass,http://kbpedia.org/kko/rc/WebSite
http://dbpedia.org/ontology/Windmill,owl:equivalentClass,http://kbpedia.org/kko/rc/Windmill
http://dbpedia.org/ontology/WindMotor,owl:equivalentClass,http://kbpedia.org/kko/rc/WindPoweredTurbine
http://dbpedia.org/ontology/Wine,owl:equivalentClass,http://kbpedia.org/kko/rc/Wine
http://dbpedia.org/ontology/Winery,owl:equivalentClass,http://kbpedia.org/kko/rc/Winery
http://dbpedia.org/ontology/ControlledDesignationOfOriginWine,rdfs:subClassOf,http://kbpedia.org/kko/rc/WineTypeByRegion
http://dbpedia.org/ontology/WomensTennisAssociationTournament,owl:equivalentClass,http://kbpedia.org/kko/rc/WomensTennisAssociationTournament
http://dbpedia.org/ontology/UnitOfWork,rdfs:subClassOf,http://kbpedia.org/kko/rc/WorkQuantity
http://dbpedia.org/ontology/Wrestler,owl:equivalentClass,http://kbpedia.org/kko/rc/Wrestler
http://dbpedia.org/ontology/WrestlingEvent,owl:equivalentClass,http://kbpedia.org/kko/rc/WrestlingSportsEvent
http://dbpedia.org/ontology/Writer,owl:equivalentClass,http://kbpedia.org/kko/rc/Writer
http://dbpedia.org/ontology/Entomologist,rdfs:subClassOf,http://kbpedia.org/kko/rc/Zoologist
http://dbpedia.org/ontology/Zoo,owl:equivalentClass,http://kbpedia.org/kko/rc/ZooOrganization
http://dbpedia.org/ontology/AdministrativeRegion,rdfs:subClassOf,http://kbpedia.org/ontologies/kko#Geopolitical
http://dbpedia.org/ontology/TopicalConcept,owl:equivalentClass,http://kbpedia.org/ontologies/kko#TopicsCategories
