s,p,o
http://www.geonames.org/ontology#S.AIRF,rdfs:subClassOf,http://kbpedia.org/kko/rc/Airfield
http://www.geonames.org/ontology#S.AIRQ,rdfs:subClassOf,http://kbpedia.org/kko/rc/Airfield
http://www.geonames.org/ontology#T.FAN,rdfs:subClassOf,http://kbpedia.org/kko/rc/AlluvialFan
http://www.geonames.org/ontology#U.FANU,rdfs:subClassOf,http://kbpedia.org/kko/rc/AlluvialFan
http://www.geonames.org/ontology#H.BNK,rdfs:subClassOf,http://kbpedia.org/kko/rc/Bank-Topographical
http://www.geonames.org/ontology#H.BNKX,rdfs:subClassOf,http://kbpedia.org/kko/rc/Bank-Topographical
http://www.geonames.org/ontology#U.BKSU,rdfs:subClassOf,http://kbpedia.org/kko/rc/Bank-Underwater
http://www.geonames.org/ontology#U.BNKU,rdfs:subClassOf,http://kbpedia.org/kko/rc/Bank-Underwater
http://www.geonames.org/ontology#H.BAY,rdfs:subClassOf,http://kbpedia.org/kko/rc/Bay
http://www.geonames.org/ontology#H.BAYS,rdfs:subClassOf,http://kbpedia.org/kko/rc/Bay
http://www.geonames.org/ontology#T.BCH,rdfs:subClassOf,http://kbpedia.org/kko/rc/Beach
http://www.geonames.org/ontology#T.BCHS,rdfs:subClassOf,http://kbpedia.org/kko/rc/Beach
http://www.geonames.org/ontology#T.BNCH,rdfs:subClassOf,http://kbpedia.org/kko/rc/Bench-Topographical
http://www.geonames.org/ontology#U.BNCU,rdfs:subClassOf,http://kbpedia.org/kko/rc/Bench-Topographical
http://www.geonames.org/ontology#S.BDG,rdfs:subClassOf,http://kbpedia.org/kko/rc/Bridge
http://www.geonames.org/ontology#S.BDGQ,rdfs:subClassOf,http://kbpedia.org/kko/rc/Bridge
http://www.geonames.org/ontology#S.CMP,rdfs:subClassOf,http://kbpedia.org/kko/rc/Campsite
http://www.geonames.org/ontology#S.CMPQ,rdfs:subClassOf,http://kbpedia.org/kko/rc/Campsite
http://www.geonames.org/ontology#H.CNL,rdfs:subClassOf,http://kbpedia.org/kko/rc/Canal
http://www.geonames.org/ontology#H.CNLB,rdfs:subClassOf,http://kbpedia.org/kko/rc/Canal
http://www.geonames.org/ontology#H.CNLQ,rdfs:subClassOf,http://kbpedia.org/kko/rc/Canal
http://www.geonames.org/ontology#H.CNLX,rdfs:subClassOf,http://kbpedia.org/kko/rc/Canal
http://www.geonames.org/ontology#T.CNYN,rdfs:subClassOf,http://kbpedia.org/kko/rc/Canyon
http://www.geonames.org/ontology#U.CNSU,rdfs:subClassOf,http://kbpedia.org/kko/rc/Canyon
http://www.geonames.org/ontology#U.CNYU,rdfs:subClassOf,http://kbpedia.org/kko/rc/Canyon
http://www.geonames.org/ontology#R.CSWY,rdfs:subClassOf,http://kbpedia.org/kko/rc/Causeway
http://www.geonames.org/ontology#R.CSWYQ,rdfs:subClassOf,http://kbpedia.org/kko/rc/Causeway
http://www.geonames.org/ontology#T.CRQ,rdfs:subClassOf,http://kbpedia.org/kko/rc/Cirque
http://www.geonames.org/ontology#T.CRQS,rdfs:subClassOf,http://kbpedia.org/kko/rc/Cirque
http://www.geonames.org/ontology#S.DAM,rdfs:subClassOf,http://kbpedia.org/kko/rc/Dam
http://www.geonames.org/ontology#S.DAMQ,rdfs:subClassOf,http://kbpedia.org/kko/rc/Dam
http://www.geonames.org/ontology#T.HMDA,rdfs:subClassOf,http://kbpedia.org/kko/rc/Desert
http://www.geonames.org/ontology#T.REG,rdfs:subClassOf,http://kbpedia.org/kko/rc/Desert
http://www.geonames.org/ontology#H.DTCH,rdfs:subClassOf,http://kbpedia.org/kko/rc/Ditch
http://www.geonames.org/ontology#H.DTCHM,rdfs:subClassOf,http://kbpedia.org/kko/rc/Ditch
http://www.geonames.org/ontology#H.DCK,rdfs:subClassOf,http://kbpedia.org/kko/rc/Dock
http://www.geonames.org/ontology#S.WHRF,rdfs:subClassOf,http://kbpedia.org/kko/rc/Dock
http://www.geonames.org/ontology#T.SBED,rdfs:subClassOf,http://kbpedia.org/kko/rc/DryCreekBed
http://www.geonames.org/ontology#H.WADX,rdfs:subClassOf,http://kbpedia.org/kko/rc/DryCreekBed
http://www.geonames.org/ontology#H.WAD,rdfs:subClassOf,http://kbpedia.org/kko/rc/DryCreekBed
http://www.geonames.org/ontology#H.WADB,rdfs:subClassOf,http://kbpedia.org/kko/rc/DryCreekBed
http://www.geonames.org/ontology#H.WADJ,rdfs:subClassOf,http://kbpedia.org/kko/rc/DryCreekBed
http://www.geonames.org/ontology#H.WADM,rdfs:subClassOf,http://kbpedia.org/kko/rc/DryCreekBed
http://www.geonames.org/ontology#H.WADS,rdfs:subClassOf,http://kbpedia.org/kko/rc/DryCreekBed
http://www.geonames.org/ontology#S.EST,rdfs:subClassOf,http://kbpedia.org/kko/rc/Estate-LegalEntity
http://www.geonames.org/ontology#S.ESTX,rdfs:subClassOf,http://kbpedia.org/kko/rc/Estate-LegalEntity
http://www.geonames.org/ontology#S.MFG,rdfs:subClassOf,http://kbpedia.org/kko/rc/FactoryBuildingComplex
http://www.geonames.org/ontology#S.MFGQ,rdfs:subClassOf,http://kbpedia.org/kko/rc/FactoryBuildingComplex
http://www.geonames.org/ontology#S.FRM,rdfs:subClassOf,http://kbpedia.org/kko/rc/Field-Land
http://www.geonames.org/ontology#S.FRMQ,rdfs:subClassOf,http://kbpedia.org/kko/rc/Field-Land
http://www.geonames.org/ontology#S.FRMS,rdfs:subClassOf,http://kbpedia.org/kko/rc/Field-Land
http://www.geonames.org/ontology#V.GRVC,rdfs:subClassOf,http://kbpedia.org/kko/rc/Field-Land
http://www.geonames.org/ontology#V.GRVO,rdfs:subClassOf,http://kbpedia.org/kko/rc/Field-Land
http://www.geonames.org/ontology#V.GRVP,rdfs:subClassOf,http://kbpedia.org/kko/rc/Field-Land
http://www.geonames.org/ontology#V.GRVPN,rdfs:subClassOf,http://kbpedia.org/kko/rc/Field-Land
http://www.geonames.org/ontology#L.FLD,rdfs:subClassOf,http://kbpedia.org/kko/rc/Field-Land
http://www.geonames.org/ontology#H.FJD,rdfs:subClassOf,http://kbpedia.org/kko/rc/Fjord
http://www.geonames.org/ontology#H.FJDS,rdfs:subClassOf,http://kbpedia.org/kko/rc/Fjord
http://www.geonames.org/ontology#U.TMSU,rdfs:subClassOf,http://kbpedia.org/kko/rc/Guyot
http://www.geonames.org/ontology#U.TMTU,rdfs:subClassOf,http://kbpedia.org/kko/rc/Guyot
http://www.geonames.org/ontology#H.HBR,rdfs:subClassOf,http://kbpedia.org/kko/rc/Harbor
http://www.geonames.org/ontology#H.HBRX,rdfs:subClassOf,http://kbpedia.org/kko/rc/Harbor
http://www.geonames.org/ontology#U.HLLU,rdfs:subClassOf,http://kbpedia.org/kko/rc/Hill-Undersea
http://www.geonames.org/ontology#U.HLSU,rdfs:subClassOf,http://kbpedia.org/kko/rc/Hill-Undersea
http://www.geonames.org/ontology#U.MNDU,rdfs:subClassOf,http://kbpedia.org/kko/rc/Hill-Undersea
http://www.geonames.org/ontology#S.GHSE,rdfs:subClassOf,http://kbpedia.org/kko/rc/House-Modern
http://www.geonames.org/ontology#S.HSE,rdfs:subClassOf,http://kbpedia.org/kko/rc/House-Modern
http://www.geonames.org/ontology#H.CAPG,rdfs:subClassOf,http://kbpedia.org/kko/rc/Icecap
http://www.geonames.org/ontology#H.DPRG,rdfs:subClassOf,http://kbpedia.org/kko/rc/Icecap
http://www.geonames.org/ontology#H.DOMG,rdfs:subClassOf,http://kbpedia.org/kko/rc/Icecap
http://www.geonames.org/ontology#H.RDGG,rdfs:subClassOf,http://kbpedia.org/kko/rc/Icecap
http://www.geonames.org/ontology#H.INLTQ,rdfs:subClassOf,http://kbpedia.org/kko/rc/Inlet
http://www.geonames.org/ontology#H.INLT,rdfs:subClassOf,http://kbpedia.org/kko/rc/Inlet
http://www.geonames.org/ontology#H.CNLI,rdfs:subClassOf,http://kbpedia.org/kko/rc/IrrigationCanal
http://www.geonames.org/ontology#H.CNLSB,rdfs:subClassOf,http://kbpedia.org/kko/rc/IrrigationCanal
http://www.geonames.org/ontology#T.ISLS,rdfs:subClassOf,http://kbpedia.org/kko/rc/IslandRegion
http://www.geonames.org/ontology#T.ISLX,rdfs:subClassOf,http://kbpedia.org/kko/rc/IslandRegion
http://www.geonames.org/ontology#U.KNLU,rdfs:subClassOf,http://kbpedia.org/kko/rc/Knoll-Undersea
http://www.geonames.org/ontology#U.KNSU,rdfs:subClassOf,http://kbpedia.org/kko/rc/Knoll-Undersea
http://www.geonames.org/ontology#H.LGN,rdfs:subClassOf,http://kbpedia.org/kko/rc/Lagoon
http://www.geonames.org/ontology#H.LGNS,rdfs:subClassOf,http://kbpedia.org/kko/rc/Lagoon
http://www.geonames.org/ontology#H.LGNX,rdfs:subClassOf,http://kbpedia.org/kko/rc/Lagoon
http://www.geonames.org/ontology#H.LKC,rdfs:subClassOf,http://kbpedia.org/kko/rc/Lake
http://www.geonames.org/ontology#H.LKSC,rdfs:subClassOf,http://kbpedia.org/kko/rc/Lake
http://www.geonames.org/ontology#H.LKI,rdfs:subClassOf,http://kbpedia.org/kko/rc/Lake
http://www.geonames.org/ontology#H.LKSI,rdfs:subClassOf,http://kbpedia.org/kko/rc/Lake
http://www.geonames.org/ontology#H.LK,rdfs:subClassOf,http://kbpedia.org/kko/rc/Lake
http://www.geonames.org/ontology#H.LKS,rdfs:subClassOf,http://kbpedia.org/kko/rc/Lake
http://www.geonames.org/ontology#H.LKX,rdfs:subClassOf,http://kbpedia.org/kko/rc/Lake
http://www.geonames.org/ontology#H.LKSB,rdfs:subClassOf,http://kbpedia.org/kko/rc/Lake
http://www.geonames.org/ontology#S.CTRM,rdfs:subClassOf,http://kbpedia.org/kko/rc/MedicalCareFacility
http://www.geonames.org/ontology#S.HSPC,rdfs:subClassOf,http://kbpedia.org/kko/rc/MedicalCareFacility
http://www.geonames.org/ontology#S.HSPD,rdfs:subClassOf,http://kbpedia.org/kko/rc/MedicalCareFacility
http://www.geonames.org/ontology#S.HSPL,rdfs:subClassOf,http://kbpedia.org/kko/rc/MedicalCareFacility
http://www.geonames.org/ontology#S.FT,rdfs:subClassOf,http://kbpedia.org/kko/rc/MilitaryBase-Grounds
http://www.geonames.org/ontology#L.MILB,rdfs:subClassOf,http://kbpedia.org/kko/rc/MilitaryBase-Grounds
http://www.geonames.org/ontology#S.MN,rdfs:subClassOf,http://kbpedia.org/kko/rc/Mine-ExcavationFacility
http://www.geonames.org/ontology#S.MNAU,rdfs:subClassOf,http://kbpedia.org/kko/rc/Mine-ExcavationFacility
http://www.geonames.org/ontology#S.MNC,rdfs:subClassOf,http://kbpedia.org/kko/rc/Mine-ExcavationFacility
http://www.geonames.org/ontology#S.MNCR,rdfs:subClassOf,http://kbpedia.org/kko/rc/Mine-ExcavationFacility
http://www.geonames.org/ontology#S.MNCU,rdfs:subClassOf,http://kbpedia.org/kko/rc/Mine-ExcavationFacility
http://www.geonames.org/ontology#S.MNDT,rdfs:subClassOf,http://kbpedia.org/kko/rc/Mine-ExcavationFacility
http://www.geonames.org/ontology#S.MNFE,rdfs:subClassOf,http://kbpedia.org/kko/rc/Mine-ExcavationFacility
http://www.geonames.org/ontology#S.MNN,rdfs:subClassOf,http://kbpedia.org/kko/rc/Mine-ExcavationFacility
http://www.geonames.org/ontology#S.MNNI,rdfs:subClassOf,http://kbpedia.org/kko/rc/Mine-ExcavationFacility
http://www.geonames.org/ontology#S.MNPB,rdfs:subClassOf,http://kbpedia.org/kko/rc/Mine-ExcavationFacility
http://www.geonames.org/ontology#S.MNPL,rdfs:subClassOf,http://kbpedia.org/kko/rc/Mine-ExcavationFacility
http://www.geonames.org/ontology#S.MNQ,rdfs:subClassOf,http://kbpedia.org/kko/rc/Mine-ExcavationFacility
http://www.geonames.org/ontology#S.MNSN,rdfs:subClassOf,http://kbpedia.org/kko/rc/Mine-ExcavationFacility
http://www.geonames.org/ontology#S.MSSN,rdfs:subClassOf,http://kbpedia.org/kko/rc/Mission-MissionaryCompound
http://www.geonames.org/ontology#S.MSSNQ,rdfs:subClassOf,http://kbpedia.org/kko/rc/Mission-MissionaryCompound
http://www.geonames.org/ontology#T.MT,rdfs:subClassOf,http://kbpedia.org/kko/rc/Mountain
http://www.geonames.org/ontology#T.PK,rdfs:subClassOf,http://kbpedia.org/kko/rc/Mountain
http://www.geonames.org/ontology#T.PKS,rdfs:subClassOf,http://kbpedia.org/kko/rc/Mountain
http://www.geonames.org/ontology#U.MTSU,rdfs:subClassOf,http://kbpedia.org/kko/rc/Mountain-Undersea
http://www.geonames.org/ontology#U.MTU,rdfs:subClassOf,http://kbpedia.org/kko/rc/Mountain-Undersea
http://www.geonames.org/ontology#U.PKSU,rdfs:subClassOf,http://kbpedia.org/kko/rc/Mountain-Undersea
http://www.geonames.org/ontology#U.PKU,rdfs:subClassOf,http://kbpedia.org/kko/rc/Mountain-Undersea
http://www.geonames.org/ontology#H.CNLN,rdfs:subClassOf,http://kbpedia.org/kko/rc/NavigationCanal
http://www.geonames.org/ontology#H.CHNN,rdfs:subClassOf,http://kbpedia.org/kko/rc/NavigationCanal
http://www.geonames.org/ontology#T.NTK,rdfs:subClassOf,http://kbpedia.org/kko/rc/Nunatak
http://www.geonames.org/ontology#T.NTKS,rdfs:subClassOf,http://kbpedia.org/kko/rc/Nunatak
http://www.geonames.org/ontology#S.OILQ,rdfs:subClassOf,http://kbpedia.org/kko/rc/OilWell
http://www.geonames.org/ontology#S.OILW,rdfs:subClassOf,http://kbpedia.org/kko/rc/OilWell
http://www.geonames.org/ontology#H.LKOI,rdfs:subClassOf,http://kbpedia.org/kko/rc/OxbowLake
http://www.geonames.org/ontology#H.LKO,rdfs:subClassOf,http://kbpedia.org/kko/rc/OxbowLake
http://www.geonames.org/ontology#T.PAN,rdfs:subClassOf,http://kbpedia.org/kko/rc/Pan-Topographical
http://www.geonames.org/ontology#T.PANS,rdfs:subClassOf,http://kbpedia.org/kko/rc/Pan-Topographical
http://www.geonames.org/ontology#T.PEN,rdfs:subClassOf,http://kbpedia.org/kko/rc/Peninsula
http://www.geonames.org/ontology#T.PENX,rdfs:subClassOf,http://kbpedia.org/kko/rc/Peninsula
http://www.geonames.org/ontology#T.SPIT,rdfs:subClassOf,http://kbpedia.org/kko/rc/Peninsula
http://www.geonames.org/ontology#S.MOLE,rdfs:subClassOf,http://kbpedia.org/kko/rc/Pier
http://www.geonames.org/ontology#S.PIER,rdfs:subClassOf,http://kbpedia.org/kko/rc/Pier
http://www.geonames.org/ontology#T.PLN,rdfs:subClassOf,http://kbpedia.org/kko/rc/Plain-Topographical
http://www.geonames.org/ontology#T.PLNX,rdfs:subClassOf,http://kbpedia.org/kko/rc/Plain-Topographical
http://www.geonames.org/ontology#S.ESTB,rdfs:subClassOf,http://kbpedia.org/kko/rc/Plantation
http://www.geonames.org/ontology#S.ESTC,rdfs:subClassOf,http://kbpedia.org/kko/rc/Plantation
http://www.geonames.org/ontology#S.ESTO,rdfs:subClassOf,http://kbpedia.org/kko/rc/Plantation
http://www.geonames.org/ontology#S.ESTR,rdfs:subClassOf,http://kbpedia.org/kko/rc/Plantation
http://www.geonames.org/ontology#S.ESTSG,rdfs:subClassOf,http://kbpedia.org/kko/rc/Plantation
http://www.geonames.org/ontology#S.ESTSL,rdfs:subClassOf,http://kbpedia.org/kko/rc/Plantation
http://www.geonames.org/ontology#S.ESTT,rdfs:subClassOf,http://kbpedia.org/kko/rc/Plantation
http://www.geonames.org/ontology#T.PLAT,rdfs:subClassOf,http://kbpedia.org/kko/rc/Plateau
http://www.geonames.org/ontology#T.PLATX,rdfs:subClassOf,http://kbpedia.org/kko/rc/Plateau
http://www.geonames.org/ontology#T.PT,rdfs:subClassOf,http://kbpedia.org/kko/rc/Point-Topographical
http://www.geonames.org/ontology#T.PTS,rdfs:subClassOf,http://kbpedia.org/kko/rc/Point-Topographical
http://www.geonames.org/ontology#S.PP,rdfs:subClassOf,http://kbpedia.org/kko/rc/PoliceFacility
http://www.geonames.org/ontology#S.PPQ,rdfs:subClassOf,http://kbpedia.org/kko/rc/PoliceFacility
http://www.geonames.org/ontology#H.PNDI,rdfs:subClassOf,http://kbpedia.org/kko/rc/Pond
http://www.geonames.org/ontology#H.PNDSI,rdfs:subClassOf,http://kbpedia.org/kko/rc/Pond
http://www.geonames.org/ontology#H.POOLI,rdfs:subClassOf,http://kbpedia.org/kko/rc/Pond
http://www.geonames.org/ontology#H.PND,rdfs:subClassOf,http://kbpedia.org/kko/rc/Pond
http://www.geonames.org/ontology#H.PNDS,rdfs:subClassOf,http://kbpedia.org/kko/rc/Pond
http://www.geonames.org/ontology#H.POOL,rdfs:subClassOf,http://kbpedia.org/kko/rc/Pond
http://www.geonames.org/ontology#P.PPLS,rdfs:subClassOf,http://kbpedia.org/kko/rc/PopulatedPlace
http://www.geonames.org/ontology#P.PPL,rdfs:subClassOf,http://kbpedia.org/kko/rc/PopulatedPlace
http://www.geonames.org/ontology#S.SECP,rdfs:subClassOf,http://kbpedia.org/kko/rc/PreparationCenter
http://www.geonames.org/ontology#S.UNIP,rdfs:subClassOf,http://kbpedia.org/kko/rc/PreparationCenter
http://www.geonames.org/ontology#S.PRN,rdfs:subClassOf,http://kbpedia.org/kko/rc/Prison
http://www.geonames.org/ontology#S.PRNQ,rdfs:subClassOf,http://kbpedia.org/kko/rc/Prison
http://www.geonames.org/ontology#S.PYR,rdfs:subClassOf,http://kbpedia.org/kko/rc/PyramidMonument
http://www.geonames.org/ontology#S.PYRS,rdfs:subClassOf,http://kbpedia.org/kko/rc/PyramidMonument
http://www.geonames.org/ontology#S.RSTPQ,rdfs:subClassOf,http://kbpedia.org/kko/rc/RailroadStop
http://www.geonames.org/ontology#S.RSTP,rdfs:subClassOf,http://kbpedia.org/kko/rc/RailroadStop
http://www.geonames.org/ontology#R.RRQ,rdfs:subClassOf,http://kbpedia.org/kko/rc/Railway
http://www.geonames.org/ontology#S.RSTNQ,rdfs:subClassOf,http://kbpedia.org/kko/rc/Railway
http://www.geonames.org/ontology#R.RR,rdfs:subClassOf,http://kbpedia.org/kko/rc/Railway
http://www.geonames.org/ontology#S.RSTN,rdfs:subClassOf,http://kbpedia.org/kko/rc/Railway
http://www.geonames.org/ontology#H.RF,rdfs:subClassOf,http://kbpedia.org/kko/rc/Reef
http://www.geonames.org/ontology#H.RFX,rdfs:subClassOf,http://kbpedia.org/kko/rc/Reef
http://www.geonames.org/ontology#U.RFSU,rdfs:subClassOf,http://kbpedia.org/kko/rc/Reef
http://www.geonames.org/ontology#U.RFU,rdfs:subClassOf,http://kbpedia.org/kko/rc/Reef
http://www.geonames.org/ontology#S.GOSP,rdfs:subClassOf,http://kbpedia.org/kko/rc/Refinery
http://www.geonames.org/ontology#S.OILR,rdfs:subClassOf,http://kbpedia.org/kko/rc/Refinery
http://www.geonames.org/ontology#L.RESA,rdfs:subClassOf,http://kbpedia.org/kko/rc/Reserve-OutdoorRegion
http://www.geonames.org/ontology#L.RES,rdfs:subClassOf,http://kbpedia.org/kko/rc/Reserve-OutdoorRegion
http://www.geonames.org/ontology#H.RSV,rdfs:subClassOf,http://kbpedia.org/kko/rc/Reservoir
http://www.geonames.org/ontology#H.RSVI,rdfs:subClassOf,http://kbpedia.org/kko/rc/Reservoir
http://www.geonames.org/ontology#U.RDGU,rdfs:subClassOf,http://kbpedia.org/kko/rc/Ridge-Undersea
http://www.geonames.org/ontology#U.RDSU,rdfs:subClassOf,http://kbpedia.org/kko/rc/Ridge-Undersea
http://www.geonames.org/ontology#R.RD,rdfs:subClassOf,http://kbpedia.org/kko/rc/Roadway
http://www.geonames.org/ontology#R.RDCUT,rdfs:subClassOf,http://kbpedia.org/kko/rc/Roadway
http://www.geonames.org/ontology#H.PNDNI,rdfs:subClassOf,http://kbpedia.org/kko/rc/SalinePond
http://www.geonames.org/ontology#H.PNDN,rdfs:subClassOf,http://kbpedia.org/kko/rc/SalinePond
http://www.geonames.org/ontology#H.PNDSN,rdfs:subClassOf,http://kbpedia.org/kko/rc/SalinePond
http://www.geonames.org/ontology#H.LKNI,rdfs:subClassOf,http://kbpedia.org/kko/rc/SaltLake
http://www.geonames.org/ontology#H.LKSNI,rdfs:subClassOf,http://kbpedia.org/kko/rc/SaltLake
http://www.geonames.org/ontology#H.LKN,rdfs:subClassOf,http://kbpedia.org/kko/rc/SaltLake
http://www.geonames.org/ontology#H.LKSN,rdfs:subClassOf,http://kbpedia.org/kko/rc/SaltLake
http://www.geonames.org/ontology#S.SCHA,rdfs:subClassOf,http://kbpedia.org/kko/rc/SchoolCampus
http://www.geonames.org/ontology#S.SCHC,rdfs:subClassOf,http://kbpedia.org/kko/rc/SchoolCampus
http://www.geonames.org/ontology#S.UNIV,rdfs:subClassOf,http://kbpedia.org/kko/rc/SchoolCampus
http://www.geonames.org/ontology#U.SCNU,rdfs:subClassOf,http://kbpedia.org/kko/rc/Seachannel
http://www.geonames.org/ontology#U.SCSU,rdfs:subClassOf,http://kbpedia.org/kko/rc/Seachannel
http://www.geonames.org/ontology#U.SMSU,rdfs:subClassOf,http://kbpedia.org/kko/rc/Seamount
http://www.geonames.org/ontology#U.SMU,rdfs:subClassOf,http://kbpedia.org/kko/rc/Seamount
http://www.geonames.org/ontology#S.HUT,rdfs:subClassOf,http://kbpedia.org/kko/rc/Shack
http://www.geonames.org/ontology#S.HUTS,rdfs:subClassOf,http://kbpedia.org/kko/rc/Shack
http://www.geonames.org/ontology#H.SHOL,rdfs:subClassOf,http://kbpedia.org/kko/rc/Shoal
http://www.geonames.org/ontology#U.SHLU,rdfs:subClassOf,http://kbpedia.org/kko/rc/Shoal
http://www.geonames.org/ontology#U.SHSU,rdfs:subClassOf,http://kbpedia.org/kko/rc/Shoal
http://www.geonames.org/ontology#L.MVA,rdfs:subClassOf,http://kbpedia.org/kko/rc/TacticalTerrainType
http://www.geonames.org/ontology#L.RNGA,rdfs:subClassOf,http://kbpedia.org/kko/rc/TacticalTerrainType
http://www.geonames.org/ontology#S.DPOF,rdfs:subClassOf,http://kbpedia.org/kko/rc/Terminal-TransferPoint
http://www.geonames.org/ontology#S.TRANT,rdfs:subClassOf,http://kbpedia.org/kko/rc/Terminal-TransferPoint
http://www.geonames.org/ontology#H.TNLC,rdfs:subClassOf,http://kbpedia.org/kko/rc/Tunnel
http://www.geonames.org/ontology#R.TNLRR,rdfs:subClassOf,http://kbpedia.org/kko/rc/Tunnel
http://www.geonames.org/ontology#R.TNLRD,rdfs:subClassOf,http://kbpedia.org/kko/rc/Tunnel
http://www.geonames.org/ontology#R.TNL,rdfs:subClassOf,http://kbpedia.org/kko/rc/Tunnel
http://www.geonames.org/ontology#R.TNLS,rdfs:subClassOf,http://kbpedia.org/kko/rc/Tunnel
http://www.geonames.org/ontology#T.VAL,rdfs:subClassOf,http://kbpedia.org/kko/rc/Valley
http://www.geonames.org/ontology#T.VALG,rdfs:subClassOf,http://kbpedia.org/kko/rc/Valley
http://www.geonames.org/ontology#T.VALS,rdfs:subClassOf,http://kbpedia.org/kko/rc/Valley
http://www.geonames.org/ontology#T.VALX,rdfs:subClassOf,http://kbpedia.org/kko/rc/Valley
http://www.geonames.org/ontology#U.MDVU,rdfs:subClassOf,http://kbpedia.org/kko/rc/Valley-Undersea
http://www.geonames.org/ontology#U.VALU,rdfs:subClassOf,http://kbpedia.org/kko/rc/Valley-Undersea
http://www.geonames.org/ontology#U.VLSU,rdfs:subClassOf,http://kbpedia.org/kko/rc/Valley-Undersea
http://www.geonames.org/ontology#V.VIN,rdfs:subClassOf,http://kbpedia.org/kko/rc/Vineyard
http://www.geonames.org/ontology#V.VINS,rdfs:subClassOf,http://kbpedia.org/kko/rc/Vineyard
http://www.geonames.org/ontology#S.SCHD,rdfs:subClassOf,http://kbpedia.org/kko/rc/VocationalOrTechnicalSchool
http://www.geonames.org/ontology#S.SCHL,rdfs:subClassOf,http://kbpedia.org/kko/rc/VocationalOrTechnicalSchool
http://www.geonames.org/ontology#S.SCHT,rdfs:subClassOf,http://kbpedia.org/kko/rc/VocationalOrTechnicalSchool
http://www.geonames.org/ontology#S.WALL,rdfs:subClassOf,http://kbpedia.org/kko/rc/Wall-Vertical
http://www.geonames.org/ontology#S.WALLA,rdfs:subClassOf,http://kbpedia.org/kko/rc/Wall-Vertical
http://www.geonames.org/ontology#H.STMQ,rdfs:subClassOf,http://kbpedia.org/kko/rc/Watercourse
http://www.geonames.org/ontology#H.STMI,rdfs:subClassOf,http://kbpedia.org/kko/rc/Watercourse
http://www.geonames.org/ontology#H.STMIX,rdfs:subClassOf,http://kbpedia.org/kko/rc/Watercourse
http://www.geonames.org/ontology#H.STMX,rdfs:subClassOf,http://kbpedia.org/kko/rc/Watercourse
http://www.geonames.org/ontology#H.STM,rdfs:subClassOf,http://kbpedia.org/kko/rc/Watercourse
http://www.geonames.org/ontology#H.STMS,rdfs:subClassOf,http://kbpedia.org/kko/rc/Watercourse
http://www.geonames.org/ontology#H.WTRC,rdfs:subClassOf,http://kbpedia.org/kko/rc/Watercourse
http://www.geonames.org/ontology#H.FLLSX,rdfs:subClassOf,http://kbpedia.org/kko/rc/Waterfall
http://www.geonames.org/ontology#H.FLLS,rdfs:subClassOf,http://kbpedia.org/kko/rc/Waterfall
http://www.geonames.org/ontology#H.WLL,rdfs:subClassOf,http://kbpedia.org/kko/rc/Well
http://www.geonames.org/ontology#H.WLLQ,rdfs:subClassOf,http://kbpedia.org/kko/rc/Well
http://www.geonames.org/ontology#H.WLLS,rdfs:subClassOf,http://kbpedia.org/kko/rc/Well
http://www.geonames.org/ontology#H.WTLDI,rdfs:subClassOf,http://kbpedia.org/kko/rc/WetlandRegion
http://www.geonames.org/ontology#H.WTLD,rdfs:subClassOf,http://kbpedia.org/kko/rc/WetlandRegion
http://kbpedia.org/kko/rc/FirstOrderAdministrativeDivision,owl:equivalentClass,http://www.geonames.org/ontology#A.ADM1
http://kbpedia.org/kko/rc/FirstOrderAdministrativeDivision-Historical,owl:equivalentClass,http://www.geonames.org/ontology#A.ADM1H
http://kbpedia.org/kko/rc/SecondOrderAdministrativeDivision,owl:equivalentClass,http://www.geonames.org/ontology#A.ADM2
http://kbpedia.org/kko/rc/SecondOrderAdministrativeDivision-Historical,owl:equivalentClass,http://www.geonames.org/ontology#A.ADM2H
http://kbpedia.org/kko/rc/ThirdOrderAdministrativeDivision,owl:equivalentClass,http://www.geonames.org/ontology#A.ADM3
http://kbpedia.org/kko/rc/ThirdOrderAdministrativeDivision-Historical,owl:equivalentClass,http://www.geonames.org/ontology#A.ADM3H
http://kbpedia.org/kko/rc/FourthOrderAdministrativeDivision,owl:equivalentClass,http://www.geonames.org/ontology#A.ADM4
http://kbpedia.org/kko/rc/FourthOrderAdministrativeDivision-Historical,owl:equivalentClass,http://www.geonames.org/ontology#A.ADM4H
http://kbpedia.org/kko/rc/FifthOrderAdministrativeDivision,owl:equivalentClass,http://www.geonames.org/ontology#A.ADM5
http://kbpedia.org/kko/rc/AdministrativeDistrict,owl:equivalentClass,http://www.geonames.org/ontology#A.ADMD
http://kbpedia.org/kko/rc/LeasedTerritory,owl:equivalentClass,http://www.geonames.org/ontology#A.LTER
http://kbpedia.org/kko/rc/GeopoliticalEntity,owl:equivalentClass,http://www.geonames.org/ontology#A.PCL
http://kbpedia.org/kko/rc/GeopoliticalDependentEntity,owl:equivalentClass,http://www.geonames.org/ontology#A.PCLD
http://kbpedia.org/kko/rc/State-Geopolitical,owl:equivalentClass,http://www.geonames.org/ontology#A.PCLF
http://kbpedia.org/kko/rc/GeopoliticalEntity-Historical,owl:equivalentClass,http://www.geonames.org/ontology#A.PCLH
http://kbpedia.org/kko/rc/Country,owl:equivalentClass,http://www.geonames.org/ontology#A.PCLI
http://kbpedia.org/kko/rc/Country,owl:equivalentClass,http://www.geonames.org/ontology#A.PCLIX
http://kbpedia.org/kko/rc/GeopoliticalDependentEntity,owl:equivalentClass,http://www.geonames.org/ontology#A.PCLS
http://kbpedia.org/kko/rc/Parish-EcclesiasticalDistrict,owl:equivalentClass,http://www.geonames.org/ontology#A.PRSH
http://kbpedia.org/kko/rc/Territory,owl:equivalentClass,http://www.geonames.org/ontology#A.TERR
http://kbpedia.org/kko/rc/Enclave,owl:equivalentClass,http://www.geonames.org/ontology#A.ZN
http://kbpedia.org/kko/rc/DemilitarizedZone,owl:equivalentClass,http://www.geonames.org/ontology#A.ZNB
http://kbpedia.org/kko/rc/SeaplaneLandingTakeOffArea,owl:equivalentClass,http://www.geonames.org/ontology#H.AIRS
http://kbpedia.org/kko/rc/Anchorage,owl:equivalentClass,http://www.geonames.org/ontology#H.ANCH
http://kbpedia.org/kko/rc/Bay,kko:superClassOf,http://www.geonames.org/ontology#H.BAY
http://kbpedia.org/kko/rc/Bay,kko:superClassOf,http://www.geonames.org/ontology#H.BAYS
http://kbpedia.org/kko/rc/Bight,owl:equivalentClass,http://www.geonames.org/ontology#H.BGHT
http://kbpedia.org/kko/rc/Bank-Topographical,kko:superClassOf,http://www.geonames.org/ontology#H.BNK
http://kbpedia.org/kko/rc/Streambank,owl:equivalentClass,http://www.geonames.org/ontology#H.BNKR
http://kbpedia.org/kko/rc/Bank-Topographical,kko:superClassOf,http://www.geonames.org/ontology#H.BNKX
http://kbpedia.org/kko/rc/Bog,owl:equivalentClass,http://www.geonames.org/ontology#H.BOG
http://kbpedia.org/kko/rc/Icecap,kko:superClassOf,http://www.geonames.org/ontology#H.CAPG
http://kbpedia.org/kko/rc/Channel-WaterPath,owl:equivalentClass,http://www.geonames.org/ontology#H.CHN
http://kbpedia.org/kko/rc/Channel-Lake,owl:equivalentClass,http://www.geonames.org/ontology#H.CHNL
http://kbpedia.org/kko/rc/Channel-DeeperWaterwayPart,owl:equivalentClass,http://www.geonames.org/ontology#H.CHNM
http://kbpedia.org/kko/rc/NavigationCanal,kko:superClassOf,http://www.geonames.org/ontology#H.CHNN
http://kbpedia.org/kko/rc/ConfluenceOfStreams,owl:equivalentClass,http://www.geonames.org/ontology#H.CNFL
http://kbpedia.org/kko/rc/Canal,kko:superClassOf,http://www.geonames.org/ontology#H.CNL
http://kbpedia.org/kko/rc/Aqueduct,owl:equivalentClass,http://www.geonames.org/ontology#H.CNLA
http://kbpedia.org/kko/rc/Canal,kko:superClassOf,http://www.geonames.org/ontology#H.CNLB
http://kbpedia.org/kko/rc/DrainageCanal,owl:equivalentClass,http://www.geonames.org/ontology#H.CNLD
http://kbpedia.org/kko/rc/IrrigationCanal,kko:superClassOf,http://www.geonames.org/ontology#H.CNLI
http://kbpedia.org/kko/rc/NavigationCanal,kko:superClassOf,http://www.geonames.org/ontology#H.CNLN
http://kbpedia.org/kko/rc/Canal,kko:superClassOf,http://www.geonames.org/ontology#H.CNLQ
http://kbpedia.org/kko/rc/IrrigationCanal,kko:superClassOf,http://www.geonames.org/ontology#H.CNLSB
http://kbpedia.org/kko/rc/Canal,kko:superClassOf,http://www.geonames.org/ontology#H.CNLX
http://kbpedia.org/kko/rc/Cove,owl:equivalentClass,http://www.geonames.org/ontology#H.COVE
http://kbpedia.org/kko/rc/TidalCreek,owl:equivalentClass,http://www.geonames.org/ontology#H.CRKT
http://kbpedia.org/kko/rc/WaterCurrent,owl:equivalentClass,http://www.geonames.org/ontology#H.CRNT
http://kbpedia.org/kko/rc/Cutoff,owl:equivalentClass,http://www.geonames.org/ontology#H.CUTF
http://kbpedia.org/kko/rc/Dock,kko:superClassOf,http://www.geonames.org/ontology#H.DCK
http://kbpedia.org/kko/rc/DockingBasin,owl:equivalentClass,http://www.geonames.org/ontology#H.DCKB
http://kbpedia.org/kko/rc/Icecap,kko:superClassOf,http://www.geonames.org/ontology#H.DOMG
http://kbpedia.org/kko/rc/Icecap,kko:superClassOf,http://www.geonames.org/ontology#H.DPRG
http://kbpedia.org/kko/rc/Ditch,kko:superClassOf,http://www.geonames.org/ontology#H.DTCH
http://kbpedia.org/kko/rc/DrainageDitch,owl:equivalentClass,http://www.geonames.org/ontology#H.DTCHD
http://kbpedia.org/kko/rc/IrrigationDitch,owl:equivalentClass,http://www.geonames.org/ontology#H.DTCHI
http://kbpedia.org/kko/rc/Ditch,kko:superClassOf,http://www.geonames.org/ontology#H.DTCHM
http://kbpedia.org/kko/rc/Estuary,owl:equivalentClass,http://www.geonames.org/ontology#H.ESTY
http://kbpedia.org/kko/rc/FishingRegion,owl:equivalentClass,http://www.geonames.org/ontology#H.FISH
http://kbpedia.org/kko/rc/Fjord,kko:superClassOf,http://www.geonames.org/ontology#H.FJD
http://kbpedia.org/kko/rc/Fjord,kko:superClassOf,http://www.geonames.org/ontology#H.FJDS
http://kbpedia.org/kko/rc/Waterfall,kko:superClassOf,http://www.geonames.org/ontology#H.FLLS
http://kbpedia.org/kko/rc/Waterfall,kko:superClassOf,http://www.geonames.org/ontology#H.FLLSX
http://kbpedia.org/kko/rc/MudFlat,owl:equivalentClass,http://www.geonames.org/ontology#H.FLTM
http://kbpedia.org/kko/rc/PeriodicallyFloodedRegion,owl:equivalentClass,http://www.geonames.org/ontology#H.FLTT
http://kbpedia.org/kko/rc/Glacier,owl:equivalentClass,http://www.geonames.org/ontology#H.GLCR
http://kbpedia.org/kko/rc/Gulf,owl:equivalentClass,http://www.geonames.org/ontology#H.GULF
http://kbpedia.org/kko/rc/Geyser,owl:equivalentClass,http://www.geonames.org/ontology#H.GYSR
http://kbpedia.org/kko/rc/Harbor,kko:superClassOf,http://www.geonames.org/ontology#H.HBR
http://kbpedia.org/kko/rc/Harbor,kko:superClassOf,http://www.geonames.org/ontology#H.HBRX
http://kbpedia.org/kko/rc/Inlet,kko:superClassOf,http://www.geonames.org/ontology#H.INLT
http://kbpedia.org/kko/rc/Inlet,kko:superClassOf,http://www.geonames.org/ontology#H.INLTQ
http://kbpedia.org/kko/rc/LakeBed,owl:equivalentClass,http://www.geonames.org/ontology#H.LBED
http://kbpedia.org/kko/rc/Lagoon,kko:superClassOf,http://www.geonames.org/ontology#H.LGN
http://kbpedia.org/kko/rc/Lagoon,kko:superClassOf,http://www.geonames.org/ontology#H.LGNS
http://kbpedia.org/kko/rc/Lagoon,kko:superClassOf,http://www.geonames.org/ontology#H.LGNX
http://kbpedia.org/kko/rc/Lake,kko:superClassOf,http://www.geonames.org/ontology#H.LK
http://kbpedia.org/kko/rc/Lake,kko:superClassOf,http://www.geonames.org/ontology#H.LKC
http://kbpedia.org/kko/rc/Lake,kko:superClassOf,http://www.geonames.org/ontology#H.LKI
http://kbpedia.org/kko/rc/SaltLake,kko:superClassOf,http://www.geonames.org/ontology#H.LKN
http://kbpedia.org/kko/rc/SaltLake,kko:superClassOf,http://www.geonames.org/ontology#H.LKNI
http://kbpedia.org/kko/rc/OxbowLake,kko:superClassOf,http://www.geonames.org/ontology#H.LKO
http://kbpedia.org/kko/rc/OxbowLake,kko:superClassOf,http://www.geonames.org/ontology#H.LKOI
http://kbpedia.org/kko/rc/Lake,kko:superClassOf,http://www.geonames.org/ontology#H.LKS
http://kbpedia.org/kko/rc/Lake,kko:superClassOf,http://www.geonames.org/ontology#H.LKSB
http://kbpedia.org/kko/rc/Lake,kko:superClassOf,http://www.geonames.org/ontology#H.LKSC
http://kbpedia.org/kko/rc/Lake,kko:superClassOf,http://www.geonames.org/ontology#H.LKSI
http://kbpedia.org/kko/rc/SaltLake,kko:superClassOf,http://www.geonames.org/ontology#H.LKSN
http://kbpedia.org/kko/rc/SaltLake,kko:superClassOf,http://www.geonames.org/ontology#H.LKSNI
http://kbpedia.org/kko/rc/Lake,kko:superClassOf,http://www.geonames.org/ontology#H.LKX
http://kbpedia.org/kko/rc/SaltLake,owl:equivalentClass,http://www.geonames.org/ontology#H.MFGN
http://kbpedia.org/kko/rc/MangroveSwamp,owl:equivalentClass,http://www.geonames.org/ontology#H.MGV
http://kbpedia.org/kko/rc/Moor,owl:equivalentClass,http://www.geonames.org/ontology#H.MOOR
http://kbpedia.org/kko/rc/Marsh,owl:equivalentClass,http://www.geonames.org/ontology#H.MRSH
http://kbpedia.org/kko/rc/SaltMarsh,owl:equivalentClass,http://www.geonames.org/ontology#H.MRSHN
http://kbpedia.org/kko/rc/Channel-Narrows,owl:equivalentClass,http://www.geonames.org/ontology#H.NRWS
http://kbpedia.org/kko/rc/Ocean,owl:equivalentClass,http://www.geonames.org/ontology#H.OCN
http://kbpedia.org/kko/rc/Overfalls-RegionOfWater,owl:equivalentClass,http://www.geonames.org/ontology#H.OVF
http://kbpedia.org/kko/rc/Pond,kko:superClassOf,http://www.geonames.org/ontology#H.PND
http://kbpedia.org/kko/rc/Pond,kko:superClassOf,http://www.geonames.org/ontology#H.PNDI
http://kbpedia.org/kko/rc/SalinePond,kko:superClassOf,http://www.geonames.org/ontology#H.PNDN
http://kbpedia.org/kko/rc/SalinePond,kko:superClassOf,http://www.geonames.org/ontology#H.PNDNI
http://kbpedia.org/kko/rc/Pond,kko:superClassOf,http://www.geonames.org/ontology#H.PNDS
http://kbpedia.org/kko/rc/FishFarm,owl:equivalentClass,http://www.geonames.org/ontology#H.PNDSF
http://kbpedia.org/kko/rc/Pond,kko:superClassOf,http://www.geonames.org/ontology#H.PNDSI
http://kbpedia.org/kko/rc/SalinePond,kko:superClassOf,http://www.geonames.org/ontology#H.PNDSN
http://kbpedia.org/kko/rc/Pond,kko:superClassOf,http://www.geonames.org/ontology#H.POOL
http://kbpedia.org/kko/rc/Pond,kko:superClassOf,http://www.geonames.org/ontology#H.POOLI
http://kbpedia.org/kko/rc/Reach-Topographical,owl:equivalentClass,http://www.geonames.org/ontology#H.RCH
http://kbpedia.org/kko/rc/Icecap,kko:superClassOf,http://www.geonames.org/ontology#H.RDGG
http://kbpedia.org/kko/rc/Roadstead,owl:equivalentClass,http://www.geonames.org/ontology#H.RDST
http://kbpedia.org/kko/rc/Reef,kko:superClassOf,http://www.geonames.org/ontology#H.RF
http://kbpedia.org/kko/rc/CoralReef,owl:equivalentClass,http://www.geonames.org/ontology#H.RFC
http://kbpedia.org/kko/rc/Reef,kko:superClassOf,http://www.geonames.org/ontology#H.RFX
http://kbpedia.org/kko/rc/Rapids,owl:equivalentClass,http://www.geonames.org/ontology#H.RPDS
http://kbpedia.org/kko/rc/Reservoir,kko:superClassOf,http://www.geonames.org/ontology#H.RSV
http://kbpedia.org/kko/rc/Reservoir,kko:superClassOf,http://www.geonames.org/ontology#H.RSVI
http://kbpedia.org/kko/rc/WaterTank,owl:equivalentClass,http://www.geonames.org/ontology#H.RSVT
http://kbpedia.org/kko/rc/Ravine-Topographical,owl:equivalentClass,http://www.geonames.org/ontology#H.RVN
http://kbpedia.org/kko/rc/SaltFlat,owl:equivalentClass,http://www.geonames.org/ontology#H.SBKH
http://kbpedia.org/kko/rc/Sound-BodyOfWater,owl:equivalentClass,http://www.geonames.org/ontology#H.SD
http://kbpedia.org/kko/rc/Sea,owl:equivalentClass,http://www.geonames.org/ontology#H.SEA
http://kbpedia.org/kko/rc/Shoal,kko:superClassOf,http://www.geonames.org/ontology#H.SHOL
http://kbpedia.org/kko/rc/Sill-TerrainFeature,owl:equivalentClass,http://www.geonames.org/ontology#H.SILL
http://kbpedia.org/kko/rc/Spring-WaterSource,owl:equivalentClass,http://www.geonames.org/ontology#H.SPNG
http://kbpedia.org/kko/rc/SulfurSpring,owl:equivalentClass,http://www.geonames.org/ontology#H.SPNS
http://kbpedia.org/kko/rc/HotSpring,owl:equivalentClass,http://www.geonames.org/ontology#H.SPNT
http://kbpedia.org/kko/rc/Watercourse,kko:superClassOf,http://www.geonames.org/ontology#H.STM
http://kbpedia.org/kko/rc/Anabranch,owl:equivalentClass,http://www.geonames.org/ontology#H.STMA
http://kbpedia.org/kko/rc/StreamBend,owl:equivalentClass,http://www.geonames.org/ontology#H.STMB
http://kbpedia.org/kko/rc/Stream-Canalized,owl:equivalentClass,http://www.geonames.org/ontology#H.STMC
http://kbpedia.org/kko/rc/Distributary,owl:equivalentClass,http://www.geonames.org/ontology#H.STMD
http://kbpedia.org/kko/rc/Headwater,owl:equivalentClass,http://www.geonames.org/ontology#H.STMH
http://kbpedia.org/kko/rc/Watercourse,kko:superClassOf,http://www.geonames.org/ontology#H.STMI
http://kbpedia.org/kko/rc/Watercourse,kko:superClassOf,http://www.geonames.org/ontology#H.STMIX
http://kbpedia.org/kko/rc/StreamMouth,owl:equivalentClass,http://www.geonames.org/ontology#H.STMM
http://kbpedia.org/kko/rc/Watercourse,kko:superClassOf,http://www.geonames.org/ontology#H.STMQ
http://kbpedia.org/kko/rc/Watercourse,kko:superClassOf,http://www.geonames.org/ontology#H.STMS
http://kbpedia.org/kko/rc/PartiallyUndergroundStream,owl:equivalentClass,http://www.geonames.org/ontology#H.STMSB
http://kbpedia.org/kko/rc/Watercourse,kko:superClassOf,http://www.geonames.org/ontology#H.STMX
http://kbpedia.org/kko/rc/Strait,owl:equivalentClass,http://www.geonames.org/ontology#H.STRT
http://kbpedia.org/kko/rc/Swamp,owl:equivalentClass,http://www.geonames.org/ontology#H.SWMP
http://kbpedia.org/kko/rc/IrrigationSystem,owl:equivalentClass,http://www.geonames.org/ontology#H.SYSI
http://kbpedia.org/kko/rc/Tunnel,kko:superClassOf,http://www.geonames.org/ontology#H.TNLC
http://kbpedia.org/kko/rc/DryCreekBed,kko:superClassOf,http://www.geonames.org/ontology#H.WAD
http://kbpedia.org/kko/rc/DryCreekBed,kko:superClassOf,http://www.geonames.org/ontology#H.WADB
http://kbpedia.org/kko/rc/DryCreekBed,kko:superClassOf,http://www.geonames.org/ontology#H.WADJ
http://kbpedia.org/kko/rc/DryCreekBed,kko:superClassOf,http://www.geonames.org/ontology#H.WADM
http://kbpedia.org/kko/rc/DryCreekBed,kko:superClassOf,http://www.geonames.org/ontology#H.WADS
http://kbpedia.org/kko/rc/DryCreekBed,kko:superClassOf,http://www.geonames.org/ontology#H.WADX
http://kbpedia.org/kko/rc/WhirlingOfFluid,owl:equivalentClass,http://www.geonames.org/ontology#H.WHRL
http://kbpedia.org/kko/rc/Well,kko:superClassOf,http://www.geonames.org/ontology#H.WLL
http://kbpedia.org/kko/rc/Well,kko:superClassOf,http://www.geonames.org/ontology#H.WLLQ
http://kbpedia.org/kko/rc/Well,kko:superClassOf,http://www.geonames.org/ontology#H.WLLS
http://kbpedia.org/kko/rc/WetlandRegion,kko:superClassOf,http://www.geonames.org/ontology#H.WTLD
http://kbpedia.org/kko/rc/WetlandRegion,kko:superClassOf,http://www.geonames.org/ontology#H.WTLDI
http://kbpedia.org/kko/rc/Watercourse,kko:superClassOf,http://www.geonames.org/ontology#H.WTRC
http://kbpedia.org/kko/rc/Waterhole,owl:equivalentClass,http://www.geonames.org/ontology#H.WTRH
http://kbpedia.org/kko/rc/Colony-GeopoliticalEntity,owl:equivalentClass,http://www.geonames.org/ontology#L.AGRC
http://kbpedia.org/kko/rc/AmusementPark,owl:equivalentClass,http://www.geonames.org/ontology#L.AMUS
http://kbpedia.org/kko/rc/DrainageArea,owl:equivalentClass,http://www.geonames.org/ontology#L.BSND
http://kbpedia.org/kko/rc/Battlefield,owl:equivalentClass,http://www.geonames.org/ontology#L.BTL
http://kbpedia.org/kko/rc/ForestClearing,owl:equivalentClass,http://www.geonames.org/ontology#L.CLG
http://kbpedia.org/kko/rc/Park-City,owl:equivalentClass,http://www.geonames.org/ontology#L.CMN
http://kbpedia.org/kko/rc/ConcessionArea,owl:equivalentClass,http://www.geonames.org/ontology#L.CNS
http://kbpedia.org/kko/rc/CoalField,owl:equivalentClass,http://www.geonames.org/ontology#L.COLF
http://kbpedia.org/kko/rc/Continent,owl:equivalentClass,http://www.geonames.org/ontology#L.CONT
http://kbpedia.org/kko/rc/CoastalRegion,owl:equivalentClass,http://www.geonames.org/ontology#L.CST
http://kbpedia.org/kko/rc/BusinessCenter,owl:equivalentClass,http://www.geonames.org/ontology#L.CTRB
http://kbpedia.org/kko/rc/Subdivision-RealEstate,owl:equivalentClass,http://www.geonames.org/ontology#L.DEVH
http://kbpedia.org/kko/rc/Field-Land,kko:superClassOf,http://www.geonames.org/ontology#L.FLD
http://kbpedia.org/kko/rc/IrrigatedLand,owl:equivalentClass,http://www.geonames.org/ontology#L.FLDI
http://kbpedia.org/kko/rc/NaturalGasField,owl:equivalentClass,http://www.geonames.org/ontology#L.GASF
http://kbpedia.org/kko/rc/Pasture,owl:equivalentClass,http://www.geonames.org/ontology#L.GRAZ
http://kbpedia.org/kko/rc/GravellySoilRegion,owl:equivalentClass,http://www.geonames.org/ontology#L.GVL
http://kbpedia.org/kko/rc/IndustrializedRegion,owl:equivalentClass,http://www.geonames.org/ontology#L.INDS
http://kbpedia.org/kko/rc/GeographicalRegion,owl:equivalentClass,http://www.geonames.org/ontology#L.LCTY
http://kbpedia.org/kko/rc/MilitaryBase-Grounds,kko:superClassOf,http://www.geonames.org/ontology#L.MILB
http://kbpedia.org/kko/rc/ExtractionTerrainFeatureType,owl:equivalentClass,http://www.geonames.org/ontology#L.MNA
http://kbpedia.org/kko/rc/TacticalTerrainType,kko:superClassOf,http://www.geonames.org/ontology#L.MVA
http://kbpedia.org/kko/rc/NavalShipBase,owl:equivalentClass,http://www.geonames.org/ontology#L.NVB
http://kbpedia.org/kko/rc/Oasis,owl:equivalentClass,http://www.geonames.org/ontology#L.OAS
http://kbpedia.org/kko/rc/OilField,owl:equivalentClass,http://www.geonames.org/ontology#L.OILF
http://kbpedia.org/kko/rc/PeatCuttingArea,owl:equivalentClass,http://www.geonames.org/ontology#L.PEAT
http://kbpedia.org/kko/rc/WildernessPark,owl:equivalentClass,http://www.geonames.org/ontology#L.PRK
http://kbpedia.org/kko/rc/PortFacility,owl:equivalentClass,http://www.geonames.org/ontology#L.PRT
http://kbpedia.org/kko/rc/Quicksand,owl:equivalentClass,http://www.geonames.org/ontology#L.QCKS
http://kbpedia.org/kko/rc/Republic,owl:equivalentClass,http://www.geonames.org/ontology#L.REP
http://kbpedia.org/kko/rc/Reserve-OutdoorRegion,kko:superClassOf,http://www.geonames.org/ontology#L.RES
http://kbpedia.org/kko/rc/Reserve-OutdoorRegion,kko:superClassOf,http://www.geonames.org/ontology#L.RESA
http://kbpedia.org/kko/rc/ForestReserve,owl:equivalentClass,http://www.geonames.org/ontology#L.RESF
http://kbpedia.org/kko/rc/HuntingReserve,owl:equivalentClass,http://www.geonames.org/ontology#L.RESH
http://kbpedia.org/kko/rc/NatureReserve,owl:equivalentClass,http://www.geonames.org/ontology#L.RESN
http://kbpedia.org/kko/rc/PalmTreeReserve,owl:equivalentClass,http://www.geonames.org/ontology#L.RESP
http://kbpedia.org/kko/rc/NativeReservation,owl:equivalentClass,http://www.geonames.org/ontology#L.RESV
http://kbpedia.org/kko/rc/AnimalSanctuary,owl:equivalentClass,http://www.geonames.org/ontology#L.RESW
http://kbpedia.org/kko/rc/GeographicalRegion,owl:equivalentClass,http://www.geonames.org/ontology#L.RGN
http://kbpedia.org/kko/rc/TacticalTerrainType,kko:superClassOf,http://www.geonames.org/ontology#L.RNGA
http://kbpedia.org/kko/rc/SaltArea,owl:equivalentClass,http://www.geonames.org/ontology#L.SALT
http://kbpedia.org/kko/rc/Snowfield,owl:equivalentClass,http://www.geonames.org/ontology#L.SNOW
http://kbpedia.org/kko/rc/TribalRegion,owl:equivalentClass,http://www.geonames.org/ontology#L.TRB
http://kbpedia.org/kko/rc/PopulatedPlace,kko:superClassOf,http://www.geonames.org/ontology#P.PPL
http://kbpedia.org/kko/rc/CountryCapital,owl:equivalentClass,http://www.geonames.org/ontology#P.PPLA
http://kbpedia.org/kko/rc/StateCapital,owl:equivalentClass,http://www.geonames.org/ontology#P.PPLA2
http://kbpedia.org/kko/rc/CountySeat,owl:equivalentClass,http://www.geonames.org/ontology#P.PPLA3
http://kbpedia.org/kko/rc/FourthOrderSeat,owl:equivalentClass,http://www.geonames.org/ontology#P.PPLA4
http://kbpedia.org/kko/rc/CapitalCityOfRegion,owl:equivalentClass,http://www.geonames.org/ontology#P.PPLC
http://kbpedia.org/kko/rc/Village,owl:equivalentClass,http://www.geonames.org/ontology#P.PPLF
http://kbpedia.org/kko/rc/GeopoliticalEntitySeat,owl:equivalentClass,http://www.geonames.org/ontology#P.PPLG
http://kbpedia.org/kko/rc/PopulatedPlace-Historical,owl:equivalentClass,http://www.geonames.org/ontology#P.PPLH
http://kbpedia.org/kko/rc/PopulatedLocality,owl:equivalentClass,http://www.geonames.org/ontology#P.PPLL
http://kbpedia.org/kko/rc/Abandoned-ConstructionArtifact,owl:equivalentClass,http://www.geonames.org/ontology#P.PPLQ
http://kbpedia.org/kko/rc/ReligiousSettlement,owl:equivalentClass,http://www.geonames.org/ontology#P.PPLR
http://kbpedia.org/kko/rc/PopulatedPlace,kko:superClassOf,http://www.geonames.org/ontology#P.PPLS
http://kbpedia.org/kko/rc/PopulatedPlaceDestroyed,owl:equivalentClass,http://www.geonames.org/ontology#P.PPLW
http://kbpedia.org/kko/rc/PopulatedPlacePart,owl:equivalentClass,http://www.geonames.org/ontology#P.PPLX
http://kbpedia.org/kko/rc/IsraeliSettlement,owl:equivalentClass,http://www.geonames.org/ontology#P.STLMT
http://kbpedia.org/kko/rc/Causeway,kko:superClassOf,http://www.geonames.org/ontology#R.CSWY
http://kbpedia.org/kko/rc/Causeway,kko:superClassOf,http://www.geonames.org/ontology#R.CSWYQ
http://kbpedia.org/kko/rc/OilPipeline,owl:equivalentClass,http://www.geonames.org/ontology#R.OILP
http://kbpedia.org/kko/rc/Promenade,owl:equivalentClass,http://www.geonames.org/ontology#R.PRMN
http://kbpedia.org/kko/rc/Portage,owl:equivalentClass,http://www.geonames.org/ontology#R.PTGE
http://kbpedia.org/kko/rc/Roadway,kko:superClassOf,http://www.geonames.org/ontology#R.RD
http://kbpedia.org/kko/rc/AncientRoadway,owl:equivalentClass,http://www.geonames.org/ontology#R.RDA
http://kbpedia.org/kko/rc/Bend-Road,owl:equivalentClass,http://www.geonames.org/ontology#R.RDB
http://kbpedia.org/kko/rc/Roadway,kko:superClassOf,http://www.geonames.org/ontology#R.RDCUT
http://kbpedia.org/kko/rc/RoadwayJunction,owl:equivalentClass,http://www.geonames.org/ontology#R.RDJCT
http://kbpedia.org/kko/rc/RailwayJunction,owl:equivalentClass,http://www.geonames.org/ontology#R.RJCT
http://kbpedia.org/kko/rc/Railway,kko:superClassOf,http://www.geonames.org/ontology#R.RR
http://kbpedia.org/kko/rc/Railway,kko:superClassOf,http://www.geonames.org/ontology#R.RRQ
http://kbpedia.org/kko/rc/CaravanRoute,owl:equivalentClass,http://www.geonames.org/ontology#R.RTE
http://kbpedia.org/kko/rc/RailroadYard,owl:equivalentClass,http://www.geonames.org/ontology#R.RYD
http://kbpedia.org/kko/rc/Street-Generic,owl:equivalentClass,http://www.geonames.org/ontology#R.ST
http://kbpedia.org/kko/rc/LivestockRoute,owl:equivalentClass,http://www.geonames.org/ontology#R.STKR
http://kbpedia.org/kko/rc/Tunnel,kko:superClassOf,http://www.geonames.org/ontology#R.TNL
http://kbpedia.org/kko/rc/CaveWithMultiplePortalsToSurface,owl:equivalentClass,http://www.geonames.org/ontology#R.TNLN
http://kbpedia.org/kko/rc/Tunnel,kko:superClassOf,http://www.geonames.org/ontology#R.TNLRD
http://kbpedia.org/kko/rc/Tunnel,kko:superClassOf,http://www.geonames.org/ontology#R.TNLRR
http://kbpedia.org/kko/rc/Tunnel,kko:superClassOf,http://www.geonames.org/ontology#R.TNLS
http://kbpedia.org/kko/rc/Trail,owl:equivalentClass,http://www.geonames.org/ontology#R.TRL
http://kbpedia.org/kko/rc/GovernmentalBuilding,owl:equivalentClass,http://www.geonames.org/ontology#S.ADMF
http://kbpedia.org/kko/rc/Facility-Agricultural,owl:equivalentClass,http://www.geonames.org/ontology#S.AGRF
http://kbpedia.org/kko/rc/AirForceBase-Grounds,owl:equivalentClass,http://www.geonames.org/ontology#S.AIRB
http://kbpedia.org/kko/rc/Airfield,kko:superClassOf,http://www.geonames.org/ontology#S.AIRF
http://kbpedia.org/kko/rc/Heliport-Physical,owl:equivalentClass,http://www.geonames.org/ontology#S.AIRH
http://kbpedia.org/kko/rc/Airport-Physical,owl:equivalentClass,http://www.geonames.org/ontology#S.AIRP
http://kbpedia.org/kko/rc/Airfield,kko:superClassOf,http://www.geonames.org/ontology#S.AIRQ
http://kbpedia.org/kko/rc/Amphitheater,owl:equivalentClass,http://www.geonames.org/ontology#S.AMTH
http://kbpedia.org/kko/rc/AncientSite,owl:equivalentClass,http://www.geonames.org/ontology#S.ANS
http://kbpedia.org/kko/rc/AquacultureFacility,owl:equivalentClass,http://www.geonames.org/ontology#S.AQC
http://kbpedia.org/kko/rc/TriumphalArch,owl:equivalentClass,http://www.geonames.org/ontology#S.ARCH
http://kbpedia.org/kko/rc/AstronomicalStation,owl:equivalentClass,http://www.geonames.org/ontology#S.ASTR
http://kbpedia.org/kko/rc/AslyumBuilding,owl:equivalentClass,http://www.geonames.org/ontology#S.ASYL
http://kbpedia.org/kko/rc/AthleticField,owl:equivalentClass,http://www.geonames.org/ontology#S.ATHF
http://kbpedia.org/kko/rc/AutomaticTellerMachine,owl:equivalentClass,http://www.geonames.org/ontology#S.ATM
http://kbpedia.org/kko/rc/BankBuilding,owl:equivalentClass,http://www.geonames.org/ontology#S.BANK
http://kbpedia.org/kko/rc/NavigationBeacon,owl:equivalentClass,http://www.geonames.org/ontology#S.BCN
http://kbpedia.org/kko/rc/Bridge,kko:superClassOf,http://www.geonames.org/ontology#S.BDG
http://kbpedia.org/kko/rc/Bridge,kko:superClassOf,http://www.geonames.org/ontology#S.BDGQ
http://kbpedia.org/kko/rc/Building,owl:equivalentClass,http://www.geonames.org/ontology#S.BLDG
http://kbpedia.org/kko/rc/OfficeBuilding,owl:equivalentClass,http://www.geonames.org/ontology#S.BLDO
http://kbpedia.org/kko/rc/BoundaryMarker,owl:equivalentClass,http://www.geonames.org/ontology#S.BP
http://kbpedia.org/kko/rc/Dormitory,owl:equivalentClass,http://www.geonames.org/ontology#S.BRKS
http://kbpedia.org/kko/rc/BreakwaterStructure,owl:equivalentClass,http://www.geonames.org/ontology#S.BRKW
http://kbpedia.org/kko/rc/BalingStation,owl:equivalentClass,http://www.geonames.org/ontology#S.BSTN
http://kbpedia.org/kko/rc/Boatyard,owl:equivalentClass,http://www.geonames.org/ontology#S.BTYD
http://kbpedia.org/kko/rc/BurialCave,owl:equivalentClass,http://www.geonames.org/ontology#S.BUR
http://kbpedia.org/kko/rc/BusStation,owl:equivalentClass,http://www.geonames.org/ontology#S.BUSTN
http://kbpedia.org/kko/rc/BusStop,owl:equivalentClass,http://www.geonames.org/ontology#S.BUSTP
http://kbpedia.org/kko/rc/Cairn,owl:equivalentClass,http://www.geonames.org/ontology#S.CARN
http://kbpedia.org/kko/rc/Cave,owl:equivalentClass,http://www.geonames.org/ontology#S.CAVE
http://kbpedia.org/kko/rc/LearningCenterBuilding,owl:equivalentClass,http://www.geonames.org/ontology#S.CCL
http://kbpedia.org/kko/rc/Church-Building,owl:equivalentClass,http://www.geonames.org/ontology#S.CH
http://kbpedia.org/kko/rc/Campsite,kko:superClassOf,http://www.geonames.org/ontology#S.CMP
http://kbpedia.org/kko/rc/LoggingCamp,owl:equivalentClass,http://www.geonames.org/ontology#S.CMPL
http://kbpedia.org/kko/rc/LaborCamp,owl:equivalentClass,http://www.geonames.org/ontology#S.CMPLA
http://kbpedia.org/kko/rc/MiningCamp,owl:equivalentClass,http://www.geonames.org/ontology#S.CMPMN
http://kbpedia.org/kko/rc/OilCamp,owl:equivalentClass,http://www.geonames.org/ontology#S.CMPO
http://kbpedia.org/kko/rc/Campsite,kko:superClassOf,http://www.geonames.org/ontology#S.CMPQ
http://kbpedia.org/kko/rc/RefugeeCamp,owl:equivalentClass,http://www.geonames.org/ontology#S.CMPRF
http://kbpedia.org/kko/rc/Graveyard,owl:equivalentClass,http://www.geonames.org/ontology#S.CMTY
http://kbpedia.org/kko/rc/CommunicationsFacility,owl:equivalentClass,http://www.geonames.org/ontology#S.COMC
http://kbpedia.org/kko/rc/Corral,owl:equivalentClass,http://www.geonames.org/ontology#S.CRRL
http://kbpedia.org/kko/rc/Casino,owl:equivalentClass,http://www.geonames.org/ontology#S.CSNO
http://kbpedia.org/kko/rc/Castle,owl:equivalentClass,http://www.geonames.org/ontology#S.CSTL
http://kbpedia.org/kko/rc/CustomsHouse,owl:equivalentClass,http://www.geonames.org/ontology#S.CSTM
http://kbpedia.org/kko/rc/Courthouse,owl:equivalentClass,http://www.geonames.org/ontology#S.CTHSE
http://kbpedia.org/kko/rc/NuclearResearchFacility,owl:equivalentClass,http://www.geonames.org/ontology#S.CTRA
http://kbpedia.org/kko/rc/CommunityCenter,owl:equivalentClass,http://www.geonames.org/ontology#S.CTRCM
http://kbpedia.org/kko/rc/BuildingCluster,owl:equivalentClass,http://www.geonames.org/ontology#S.CTRF
http://kbpedia.org/kko/rc/MedicalCareFacility,kko:superClassOf,http://www.geonames.org/ontology#S.CTRM
http://kbpedia.org/kko/rc/ReligiousBuilding,owl:equivalentClass,http://www.geonames.org/ontology#S.CTRR
http://kbpedia.org/kko/rc/SpaceLaunchFacility,owl:equivalentClass,http://www.geonames.org/ontology#S.CTRS
http://kbpedia.org/kko/rc/Convent-Residence,owl:equivalentClass,http://www.geonames.org/ontology#S.CVNT
http://kbpedia.org/kko/rc/Dam,kko:superClassOf,http://www.geonames.org/ontology#S.DAM
http://kbpedia.org/kko/rc/Dam,kko:superClassOf,http://www.geonames.org/ontology#S.DAMQ
http://kbpedia.org/kko/rc/SubSurfaceDam,owl:equivalentClass,http://www.geonames.org/ontology#S.DAMSB
http://kbpedia.org/kko/rc/DairyEstablishment,owl:equivalentClass,http://www.geonames.org/ontology#S.DARY
http://kbpedia.org/kko/rc/DryDock,owl:equivalentClass,http://www.geonames.org/ontology#S.DCKD
http://kbpedia.org/kko/rc/Shipyard,owl:equivalentClass,http://www.geonames.org/ontology#S.DCKY
http://kbpedia.org/kko/rc/Dike,owl:equivalentClass,http://www.geonames.org/ontology#S.DIKE
http://kbpedia.org/kko/rc/DiplomaticFacility,owl:equivalentClass,http://www.geonames.org/ontology#S.DIP
http://kbpedia.org/kko/rc/Terminal-TransferPoint,kko:superClassOf,http://www.geonames.org/ontology#S.DPOF
http://kbpedia.org/kko/rc/Estate-LegalEntity,kko:superClassOf,http://www.geonames.org/ontology#S.EST
http://kbpedia.org/kko/rc/Plantation,kko:superClassOf,http://www.geonames.org/ontology#S.ESTB
http://kbpedia.org/kko/rc/Plantation,kko:superClassOf,http://www.geonames.org/ontology#S.ESTC
http://kbpedia.org/kko/rc/Plantation,kko:superClassOf,http://www.geonames.org/ontology#S.ESTO
http://kbpedia.org/kko/rc/Plantation,kko:superClassOf,http://www.geonames.org/ontology#S.ESTR
http://kbpedia.org/kko/rc/Plantation,kko:superClassOf,http://www.geonames.org/ontology#S.ESTSG
http://kbpedia.org/kko/rc/Plantation,kko:superClassOf,http://www.geonames.org/ontology#S.ESTSL
http://kbpedia.org/kko/rc/Plantation,kko:superClassOf,http://www.geonames.org/ontology#S.ESTT
http://kbpedia.org/kko/rc/Estate-LegalEntity,kko:superClassOf,http://www.geonames.org/ontology#S.ESTX
http://kbpedia.org/kko/rc/Facility-Construct,owl:equivalentClass,http://www.geonames.org/ontology#S.FCL
http://kbpedia.org/kko/rc/Foundry-Building,owl:equivalentClass,http://www.geonames.org/ontology#S.FNDY
http://kbpedia.org/kko/rc/Field-Land,kko:superClassOf,http://www.geonames.org/ontology#S.FRM
http://kbpedia.org/kko/rc/Field-Land,kko:superClassOf,http://www.geonames.org/ontology#S.FRMQ
http://kbpedia.org/kko/rc/Field-Land,kko:superClassOf,http://www.geonames.org/ontology#S.FRMS
http://kbpedia.org/kko/rc/Farmhouse,owl:equivalentClass,http://www.geonames.org/ontology#S.FRMT
http://kbpedia.org/kko/rc/MilitaryBase-Grounds,kko:superClassOf,http://www.geonames.org/ontology#S.FT
http://kbpedia.org/kko/rc/Ferry,owl:equivalentClass,http://www.geonames.org/ontology#S.FY
http://kbpedia.org/kko/rc/Gateway,owl:equivalentClass,http://www.geonames.org/ontology#S.GATE
http://kbpedia.org/kko/rc/Garden,owl:equivalentClass,http://www.geonames.org/ontology#S.GDN
http://kbpedia.org/kko/rc/Ghat,owl:equivalentClass,http://www.geonames.org/ontology#S.GHAT
http://kbpedia.org/kko/rc/House-Modern,kko:superClassOf,http://www.geonames.org/ontology#S.GHSE
http://kbpedia.org/kko/rc/Refinery,kko:superClassOf,http://www.geonames.org/ontology#S.GOSP
http://kbpedia.org/kko/rc/LocalGovernmentOffice,owl:equivalentClass,http://www.geonames.org/ontology#S.GOVL
http://kbpedia.org/kko/rc/Grave,owl:equivalentClass,http://www.geonames.org/ontology#S.GRVE
http://kbpedia.org/kko/rc/Hermitage,owl:equivalentClass,http://www.geonames.org/ontology#S.HERM
http://kbpedia.org/kko/rc/HaltingPlace,owl:equivalentClass,http://www.geonames.org/ontology#S.HLT
http://kbpedia.org/kko/rc/Homestead,owl:equivalentClass,http://www.geonames.org/ontology#S.HMSD
http://kbpedia.org/kko/rc/House-Modern,kko:superClassOf,http://www.geonames.org/ontology#S.HSE
http://kbpedia.org/kko/rc/House-Country,owl:equivalentClass,http://www.geonames.org/ontology#S.HSEC
http://kbpedia.org/kko/rc/HospitalBuilding,owl:equivalentClass,http://www.geonames.org/ontology#S.HSP
http://kbpedia.org/kko/rc/MedicalCareFacility,kko:superClassOf,http://www.geonames.org/ontology#S.HSPC
http://kbpedia.org/kko/rc/MedicalCareFacility,kko:superClassOf,http://www.geonames.org/ontology#S.HSPD
http://kbpedia.org/kko/rc/MedicalCareFacility,kko:superClassOf,http://www.geonames.org/ontology#S.HSPL
http://kbpedia.org/kko/rc/HistoricalSite,owl:equivalentClass,http://www.geonames.org/ontology#S.HSTS
http://kbpedia.org/kko/rc/HotelBuilding,owl:equivalentClass,http://www.geonames.org/ontology#S.HTL
http://kbpedia.org/kko/rc/Shack,kko:superClassOf,http://www.geonames.org/ontology#S.HUT
http://kbpedia.org/kko/rc/Shack,kko:superClassOf,http://www.geonames.org/ontology#S.HUTS
http://kbpedia.org/kko/rc/MilitaryFacility,owl:equivalentClass,http://www.geonames.org/ontology#S.INSM
http://kbpedia.org/kko/rc/ResearchInstitute-Facility,owl:equivalentClass,http://www.geonames.org/ontology#S.ITTR
http://kbpedia.org/kko/rc/Jetty,owl:equivalentClass,http://www.geonames.org/ontology#S.JTY
http://kbpedia.org/kko/rc/FerrySlip,owl:equivalentClass,http://www.geonames.org/ontology#S.LDNG
http://kbpedia.org/kko/rc/LeperColony,owl:equivalentClass,http://www.geonames.org/ontology#S.LEPC
http://kbpedia.org/kko/rc/LibrarySpace,owl:equivalentClass,http://www.geonames.org/ontology#S.LIBR
http://kbpedia.org/kko/rc/Landfill,owl:equivalentClass,http://www.geonames.org/ontology#S.LNDF
http://kbpedia.org/kko/rc/WaterwayLock,owl:equivalentClass,http://www.geonames.org/ontology#S.LOCK
http://kbpedia.org/kko/rc/Lighthouse,owl:equivalentClass,http://www.geonames.org/ontology#S.LTHSE
http://kbpedia.org/kko/rc/ShoppingMallBuilding,owl:equivalentClass,http://www.geonames.org/ontology#S.MALL
http://kbpedia.org/kko/rc/Marina,owl:equivalentClass,http://www.geonames.org/ontology#S.MAR
http://kbpedia.org/kko/rc/FactoryBuildingComplex,kko:superClassOf,http://www.geonames.org/ontology#S.MFG
http://kbpedia.org/kko/rc/Brewery,owl:equivalentClass,http://www.geonames.org/ontology#S.MFGB
http://kbpedia.org/kko/rc/Cannery-Factory,owl:equivalentClass,http://www.geonames.org/ontology#S.MFGC
http://kbpedia.org/kko/rc/CopperRefinery,owl:equivalentClass,http://www.geonames.org/ontology#S.MFGCU
http://kbpedia.org/kko/rc/Limekiln,owl:equivalentClass,http://www.geonames.org/ontology#S.MFGLM
http://kbpedia.org/kko/rc/MunitionsDepot,owl:equivalentClass,http://www.geonames.org/ontology#S.MFGM
http://kbpedia.org/kko/rc/FertilizerProductionFacility,owl:equivalentClass,http://www.geonames.org/ontology#S.MFGPH
http://kbpedia.org/kko/rc/FactoryBuildingComplex,kko:superClassOf,http://www.geonames.org/ontology#S.MFGQ
http://kbpedia.org/kko/rc/SugarRefinery,owl:equivalentClass,http://www.geonames.org/ontology#S.MFGSG
http://kbpedia.org/kko/rc/Marketplace-Object,owl:equivalentClass,http://www.geonames.org/ontology#S.MKT
http://kbpedia.org/kko/rc/Mill-ManufacturingFacility,owl:equivalentClass,http://www.geonames.org/ontology#S.ML
http://kbpedia.org/kko/rc/MineralOreRefinery,owl:equivalentClass,http://www.geonames.org/ontology#S.MLM
http://kbpedia.org/kko/rc/OliveOilMill-ManufacturingFacility,owl:equivalentClass,http://www.geonames.org/ontology#S.MLO
http://kbpedia.org/kko/rc/SugarMill-ManufacturingFacility,owl:equivalentClass,http://www.geonames.org/ontology#S.MLSG
http://kbpedia.org/kko/rc/SugarMill-ManufacturingFacility,owl:equivalentClass,http://www.geonames.org/ontology#S.MLSGQ
http://kbpedia.org/kko/rc/Sawmill-ManufacturingFacility,owl:equivalentClass,http://www.geonames.org/ontology#S.MLSW
http://kbpedia.org/kko/rc/Windmill,owl:equivalentClass,http://www.geonames.org/ontology#S.MLWND
http://kbpedia.org/kko/rc/WaterPoweredMill,owl:equivalentClass,http://www.geonames.org/ontology#S.MLWTR
http://kbpedia.org/kko/rc/Mine-ExcavationFacility,kko:superClassOf,http://www.geonames.org/ontology#S.MN
http://kbpedia.org/kko/rc/Mine-ExcavationFacility,kko:superClassOf,http://www.geonames.org/ontology#S.MNAU
http://kbpedia.org/kko/rc/Mine-ExcavationFacility,kko:superClassOf,http://www.geonames.org/ontology#S.MNC
http://kbpedia.org/kko/rc/Mine-ExcavationFacility,kko:superClassOf,http://www.geonames.org/ontology#S.MNCR
http://kbpedia.org/kko/rc/Mine-ExcavationFacility,kko:superClassOf,http://www.geonames.org/ontology#S.MNCU
http://kbpedia.org/kko/rc/Mine-ExcavationFacility,kko:superClassOf,http://www.geonames.org/ontology#S.MNDT
http://kbpedia.org/kko/rc/Mine-ExcavationFacility,kko:superClassOf,http://www.geonames.org/ontology#S.MNFE
http://kbpedia.org/kko/rc/Monument,owl:equivalentClass,http://www.geonames.org/ontology#S.MNMT
http://kbpedia.org/kko/rc/Mine-ExcavationFacility,kko:superClassOf,http://www.geonames.org/ontology#S.MNN
http://kbpedia.org/kko/rc/Mine-ExcavationFacility,kko:superClassOf,http://www.geonames.org/ontology#S.MNNI
http://kbpedia.org/kko/rc/Mine-ExcavationFacility,kko:superClassOf,http://www.geonames.org/ontology#S.MNPB
http://kbpedia.org/kko/rc/Mine-ExcavationFacility,kko:superClassOf,http://www.geonames.org/ontology#S.MNPL
http://kbpedia.org/kko/rc/Mine-ExcavationFacility,kko:superClassOf,http://www.geonames.org/ontology#S.MNQ
http://kbpedia.org/kko/rc/Quarry,owl:equivalentClass,http://www.geonames.org/ontology#S.MNQR
http://kbpedia.org/kko/rc/Mine-ExcavationFacility,kko:superClassOf,http://www.geonames.org/ontology#S.MNSN
http://kbpedia.org/kko/rc/Pier,kko:superClassOf,http://www.geonames.org/ontology#S.MOLE
http://kbpedia.org/kko/rc/Mosque,owl:equivalentClass,http://www.geonames.org/ontology#S.MSQE
http://kbpedia.org/kko/rc/Mission-MissionaryCompound,kko:superClassOf,http://www.geonames.org/ontology#S.MSSN
http://kbpedia.org/kko/rc/Mission-MissionaryCompound,kko:superClassOf,http://www.geonames.org/ontology#S.MSSNQ
http://kbpedia.org/kko/rc/Monastery-Residence,owl:equivalentClass,http://www.geonames.org/ontology#S.MSTY
http://kbpedia.org/kko/rc/SubwayStation,owl:equivalentClass,http://www.geonames.org/ontology#S.MTRO
http://kbpedia.org/kko/rc/MuseumStructure,owl:equivalentClass,http://www.geonames.org/ontology#S.MUS
http://kbpedia.org/kko/rc/Novitiate-Building,owl:equivalentClass,http://www.geonames.org/ontology#S.NOV
http://kbpedia.org/kko/rc/Greenhouse,owl:equivalentClass,http://www.geonames.org/ontology#S.NSY
http://kbpedia.org/kko/rc/ObservationPoint,owl:equivalentClass,http://www.geonames.org/ontology#S.OBPT
http://kbpedia.org/kko/rc/AstronomicalObservatory,owl:equivalentClass,http://www.geonames.org/ontology#S.OBS
http://kbpedia.org/kko/rc/AstronomicalObservatoryBuilding,owl:equivalentClass,http://www.geonames.org/ontology#S.OBSR
http://kbpedia.org/kko/rc/OilPipeline-Juncture,owl:equivalentClass,http://www.geonames.org/ontology#S.OILJ
http://kbpedia.org/kko/rc/OilWell,kko:superClassOf,http://www.geonames.org/ontology#S.OILQ
http://kbpedia.org/kko/rc/Refinery,kko:superClassOf,http://www.geonames.org/ontology#S.OILR
http://kbpedia.org/kko/rc/TankFarm,owl:equivalentClass,http://www.geonames.org/ontology#S.OILT
http://kbpedia.org/kko/rc/OilWell,kko:superClassOf,http://www.geonames.org/ontology#S.OILW
http://kbpedia.org/kko/rc/OperaHouse,owl:equivalentClass,http://www.geonames.org/ontology#S.OPRA
http://kbpedia.org/kko/rc/PalaceBuilding,owl:equivalentClass,http://www.geonames.org/ontology#S.PAL
http://kbpedia.org/kko/rc/Pagoda,owl:equivalentClass,http://www.geonames.org/ontology#S.PGDA
http://kbpedia.org/kko/rc/Pier,kko:superClassOf,http://www.geonames.org/ontology#S.PIER
http://kbpedia.org/kko/rc/ParkingLot,owl:equivalentClass,http://www.geonames.org/ontology#S.PKLT
http://kbpedia.org/kko/rc/OilPumpingFacility,owl:equivalentClass,http://www.geonames.org/ontology#S.PMPO
http://kbpedia.org/kko/rc/WaterPumpingFacility,owl:equivalentClass,http://www.geonames.org/ontology#S.PMPW
http://kbpedia.org/kko/rc/PostOfficeBuilding,owl:equivalentClass,http://www.geonames.org/ontology#S.PO
http://kbpedia.org/kko/rc/PoliceFacility,kko:superClassOf,http://www.geonames.org/ontology#S.PP
http://kbpedia.org/kko/rc/PoliceFacility,kko:superClassOf,http://www.geonames.org/ontology#S.PPQ
http://kbpedia.org/kko/rc/ParkGateway,owl:equivalentClass,http://www.geonames.org/ontology#S.PRKGT
http://kbpedia.org/kko/rc/Headquarters-Park,owl:equivalentClass,http://www.geonames.org/ontology#S.PRKHQ
http://kbpedia.org/kko/rc/Prison,kko:superClassOf,http://www.geonames.org/ontology#S.PRN
http://kbpedia.org/kko/rc/Reformatory,owl:equivalentClass,http://www.geonames.org/ontology#S.PRNJ
http://kbpedia.org/kko/rc/Prison,kko:superClassOf,http://www.geonames.org/ontology#S.PRNQ
http://kbpedia.org/kko/rc/PowerGenerationComplex,owl:equivalentClass,http://www.geonames.org/ontology#S.PS
http://kbpedia.org/kko/rc/HydroelectricDam,owl:equivalentClass,http://www.geonames.org/ontology#S.PSH
http://kbpedia.org/kko/rc/BorderCheckpointFacility,owl:equivalentClass,http://www.geonames.org/ontology#S.PSTB
http://kbpedia.org/kko/rc/CustomsCheckpoint,owl:equivalentClass,http://www.geonames.org/ontology#S.PSTC
http://kbpedia.org/kko/rc/MilitaryPost,owl:equivalentClass,http://www.geonames.org/ontology#S.PSTP
http://kbpedia.org/kko/rc/PyramidMonument,kko:superClassOf,http://www.geonames.org/ontology#S.PYR
http://kbpedia.org/kko/rc/PyramidMonument,kko:superClassOf,http://www.geonames.org/ontology#S.PYRS
http://kbpedia.org/kko/rc/Quay,owl:equivalentClass,http://www.geonames.org/ontology#S.QUAY
http://kbpedia.org/kko/rc/TrafficCircle,owl:equivalentClass,http://www.geonames.org/ontology#S.RDCR
http://kbpedia.org/kko/rc/GolfCourse,owl:equivalentClass,http://www.geonames.org/ontology#S.RECG
http://kbpedia.org/kko/rc/RaceTrack,owl:equivalentClass,http://www.geonames.org/ontology#S.RECR
http://kbpedia.org/kko/rc/RestaurantSpace,owl:equivalentClass,http://www.geonames.org/ontology#S.REST
http://kbpedia.org/kko/rc/RetailStoreSpace,owl:equivalentClass,http://www.geonames.org/ontology#S.RET
http://kbpedia.org/kko/rc/RestArea,owl:equivalentClass,http://www.geonames.org/ontology#S.RHSE
http://kbpedia.org/kko/rc/Rookery,owl:equivalentClass,http://www.geonames.org/ontology#S.RKRY
http://kbpedia.org/kko/rc/HolySite,owl:equivalentClass,http://www.geonames.org/ontology#S.RLG
http://kbpedia.org/kko/rc/Retreat-Place,owl:equivalentClass,http://www.geonames.org/ontology#S.RLGR
http://kbpedia.org/kko/rc/LivestockFarm,owl:equivalentClass,http://www.geonames.org/ontology#S.RNCH
http://kbpedia.org/kko/rc/Railway-Siding,owl:equivalentClass,http://www.geonames.org/ontology#S.RSD
http://kbpedia.org/kko/rc/RailwaySignal,owl:equivalentClass,http://www.geonames.org/ontology#S.RSGNL
http://kbpedia.org/kko/rc/ResortFacility,owl:equivalentClass,http://www.geonames.org/ontology#S.RSRT
http://kbpedia.org/kko/rc/Railway,kko:superClassOf,http://www.geonames.org/ontology#S.RSTN
http://kbpedia.org/kko/rc/Railway,kko:superClassOf,http://www.geonames.org/ontology#S.RSTNQ
http://kbpedia.org/kko/rc/RailroadStop,kko:superClassOf,http://www.geonames.org/ontology#S.RSTP
http://kbpedia.org/kko/rc/RailroadStop,kko:superClassOf,http://www.geonames.org/ontology#S.RSTPQ
http://kbpedia.org/kko/rc/RuinedArtifact,owl:equivalentClass,http://www.geonames.org/ontology#S.RUIN
http://kbpedia.org/kko/rc/SchoolBuilding,owl:equivalentClass,http://www.geonames.org/ontology#S.SCH
http://kbpedia.org/kko/rc/SchoolCampus,kko:superClassOf,http://www.geonames.org/ontology#S.SCHA
http://kbpedia.org/kko/rc/SchoolCampus,kko:superClassOf,http://www.geonames.org/ontology#S.SCHC
http://kbpedia.org/kko/rc/VocationalOrTechnicalSchool,kko:superClassOf,http://www.geonames.org/ontology#S.SCHD
http://kbpedia.org/kko/rc/VocationalOrTechnicalSchool,kko:superClassOf,http://www.geonames.org/ontology#S.SCHL
http://kbpedia.org/kko/rc/MilitarySchool,owl:equivalentClass,http://www.geonames.org/ontology#S.SCHM
http://kbpedia.org/kko/rc/MaritimeSchool,owl:equivalentClass,http://www.geonames.org/ontology#S.SCHN
http://kbpedia.org/kko/rc/VocationalOrTechnicalSchool,kko:superClassOf,http://www.geonames.org/ontology#S.SCHT
http://kbpedia.org/kko/rc/PreparationCenter,kko:superClassOf,http://www.geonames.org/ontology#S.SECP
http://kbpedia.org/kko/rc/Sheepfold,owl:equivalentClass,http://www.geonames.org/ontology#S.SHPF
http://kbpedia.org/kko/rc/Shrine-Religious,owl:equivalentClass,http://www.geonames.org/ontology#S.SHRN
http://kbpedia.org/kko/rc/Warehouse,owl:equivalentClass,http://www.geonames.org/ontology#S.SHSE
http://kbpedia.org/kko/rc/Sluice,owl:equivalentClass,http://www.geonames.org/ontology#S.SLCE
http://kbpedia.org/kko/rc/Sanatorium,owl:equivalentClass,http://www.geonames.org/ontology#S.SNTR
http://kbpedia.org/kko/rc/Spa,owl:equivalentClass,http://www.geonames.org/ontology#S.SPA
http://kbpedia.org/kko/rc/Spillway,owl:equivalentClass,http://www.geonames.org/ontology#S.SPLY
http://kbpedia.org/kko/rc/TownSquare,owl:equivalentClass,http://www.geonames.org/ontology#S.SQR
http://kbpedia.org/kko/rc/LivestockStable,owl:equivalentClass,http://www.geonames.org/ontology#S.STBL
http://kbpedia.org/kko/rc/Stadium,owl:equivalentClass,http://www.geonames.org/ontology#S.STDM
http://kbpedia.org/kko/rc/ScienceResearchBase,owl:equivalentClass,http://www.geonames.org/ontology#S.STNB
http://kbpedia.org/kko/rc/CoastGuardStation,owl:equivalentClass,http://www.geonames.org/ontology#S.STNC
http://kbpedia.org/kko/rc/ExperimentStation,owl:equivalentClass,http://www.geonames.org/ontology#S.STNE
http://kbpedia.org/kko/rc/ForestStation,owl:equivalentClass,http://www.geonames.org/ontology#S.STNF
http://kbpedia.org/kko/rc/InspectionFacility,owl:equivalentClass,http://www.geonames.org/ontology#S.STNI
http://kbpedia.org/kko/rc/WeatherStation,owl:equivalentClass,http://www.geonames.org/ontology#S.STNM
http://kbpedia.org/kko/rc/RadioStation-Place,owl:equivalentClass,http://www.geonames.org/ontology#S.STNR
http://kbpedia.org/kko/rc/SatelliteFacility,owl:equivalentClass,http://www.geonames.org/ontology#S.STNS
http://kbpedia.org/kko/rc/WhalingStation,owl:equivalentClass,http://www.geonames.org/ontology#S.STNW
http://kbpedia.org/kko/rc/Stairway,owl:equivalentClass,http://www.geonames.org/ontology#S.STPS
http://kbpedia.org/kko/rc/SewerSystem,owl:equivalentClass,http://www.geonames.org/ontology#S.SWT
http://kbpedia.org/kko/rc/MovieTheaterSpace,owl:equivalentClass,http://www.geonames.org/ontology#S.THTR
http://kbpedia.org/kko/rc/Tomb,owl:equivalentClass,http://www.geonames.org/ontology#S.TMB
http://kbpedia.org/kko/rc/Temple,owl:equivalentClass,http://www.geonames.org/ontology#S.TMPL
http://kbpedia.org/kko/rc/CattleDippingTank,owl:equivalentClass,http://www.geonames.org/ontology#S.TNKD
http://kbpedia.org/kko/rc/Tower,owl:equivalentClass,http://www.geonames.org/ontology#S.TOWR
http://kbpedia.org/kko/rc/Terminal-TransferPoint,kko:superClassOf,http://www.geonames.org/ontology#S.TRANT
http://kbpedia.org/kko/rc/TriangulationPlace,owl:equivalentClass,http://www.geonames.org/ontology#S.TRIG
http://kbpedia.org/kko/rc/OilTerminal,owl:equivalentClass,http://www.geonames.org/ontology#S.TRMO
http://kbpedia.org/kko/rc/Workplace-Temporary,owl:equivalentClass,http://www.geonames.org/ontology#S.TWO
http://kbpedia.org/kko/rc/GraduateSchool,owl:equivalentClass,http://www.geonames.org/ontology#S.UNIO
http://kbpedia.org/kko/rc/PreparationCenter,kko:superClassOf,http://www.geonames.org/ontology#S.UNIP
http://kbpedia.org/kko/rc/SchoolCampus,kko:superClassOf,http://www.geonames.org/ontology#S.UNIV
http://kbpedia.org/kko/rc/Facility-Government-US,owl:equivalentClass,http://www.geonames.org/ontology#S.USGE
http://kbpedia.org/kko/rc/VeterinaryHospital,owl:equivalentClass,http://www.geonames.org/ontology#S.VETF
http://kbpedia.org/kko/rc/Wall-Vertical,kko:superClassOf,http://www.geonames.org/ontology#S.WALL
http://kbpedia.org/kko/rc/Wall-Vertical,kko:superClassOf,http://www.geonames.org/ontology#S.WALLA
http://kbpedia.org/kko/rc/Weir-Dam,owl:equivalentClass,http://www.geonames.org/ontology#S.WEIR
http://kbpedia.org/kko/rc/Dock,kko:superClassOf,http://www.geonames.org/ontology#S.WHRF
http://kbpedia.org/kko/rc/Shipwreck,owl:equivalentClass,http://www.geonames.org/ontology#S.WRCK
http://kbpedia.org/kko/rc/PublicWaterSystem,owl:equivalentClass,http://www.geonames.org/ontology#S.WTRW
http://kbpedia.org/kko/rc/FreeTradeZone,owl:equivalentClass,http://www.geonames.org/ontology#S.ZNF
http://kbpedia.org/kko/rc/ZooGrounds,owl:equivalentClass,http://www.geonames.org/ontology#S.ZOO
http://kbpedia.org/kko/rc/AsphaltLake,owl:equivalentClass,http://www.geonames.org/ontology#T.ASPH
http://kbpedia.org/kko/rc/Atoll,owl:equivalentClass,http://www.geonames.org/ontology#T.ATOL
http://kbpedia.org/kko/rc/Bar-Topographical,owl:equivalentClass,http://www.geonames.org/ontology#T.BAR
http://kbpedia.org/kko/rc/Beach,kko:superClassOf,http://www.geonames.org/ontology#T.BCH
http://kbpedia.org/kko/rc/Beach,kko:superClassOf,http://www.geonames.org/ontology#T.BCHS
http://kbpedia.org/kko/rc/Badlands-Topographical,owl:equivalentClass,http://www.geonames.org/ontology#T.BDLD
http://kbpedia.org/kko/rc/BoulderField,owl:equivalentClass,http://www.geonames.org/ontology#T.BLDR
http://kbpedia.org/kko/rc/Blowhole-Topographical,owl:equivalentClass,http://www.geonames.org/ontology#T.BLHL
http://kbpedia.org/kko/rc/Blowout-Topographical,owl:equivalentClass,http://www.geonames.org/ontology#T.BLOW
http://kbpedia.org/kko/rc/Bench-Topographical,kko:superClassOf,http://www.geonames.org/ontology#T.BNCH
http://kbpedia.org/kko/rc/Butte,owl:equivalentClass,http://www.geonames.org/ontology#T.BUTE
http://kbpedia.org/kko/rc/Cape-Topographical,owl:equivalentClass,http://www.geonames.org/ontology#T.CAPE
http://kbpedia.org/kko/rc/Cleft,owl:equivalentClass,http://www.geonames.org/ontology#T.CFT
http://kbpedia.org/kko/rc/Caldera,owl:equivalentClass,http://www.geonames.org/ontology#T.CLDA
http://kbpedia.org/kko/rc/Cliff,owl:equivalentClass,http://www.geonames.org/ontology#T.CLF
http://kbpedia.org/kko/rc/Canyon,kko:superClassOf,http://www.geonames.org/ontology#T.CNYN
http://kbpedia.org/kko/rc/VerticalProtrusion-Topographical,owl:equivalentClass,http://www.geonames.org/ontology#T.CONE
http://kbpedia.org/kko/rc/AccessCorridor,owl:equivalentClass,http://www.geonames.org/ontology#T.CRDR
http://kbpedia.org/kko/rc/Cirque,kko:superClassOf,http://www.geonames.org/ontology#T.CRQ
http://kbpedia.org/kko/rc/Cirque,kko:superClassOf,http://www.geonames.org/ontology#T.CRQS
http://kbpedia.org/kko/rc/CraterBasin,owl:equivalentClass,http://www.geonames.org/ontology#T.CRTR
http://kbpedia.org/kko/rc/Cuesta,owl:equivalentClass,http://www.geonames.org/ontology#T.CUET
http://kbpedia.org/kko/rc/Delta,owl:equivalentClass,http://www.geonames.org/ontology#T.DLTA
http://kbpedia.org/kko/rc/Depression-Topographical,owl:equivalentClass,http://www.geonames.org/ontology#T.DPR
http://kbpedia.org/kko/rc/DesertEcosystem,owl:equivalentClass,http://www.geonames.org/ontology#T.DSRT
http://kbpedia.org/kko/rc/Dune,owl:equivalentClass,http://www.geonames.org/ontology#T.DUNE
http://kbpedia.org/kko/rc/DrainageDivide,owl:equivalentClass,http://www.geonames.org/ontology#T.DVD
http://kbpedia.org/kko/rc/SandyDesert,owl:equivalentClass,http://www.geonames.org/ontology#T.ERG
http://kbpedia.org/kko/rc/AlluvialFan,kko:superClassOf,http://www.geonames.org/ontology#T.FAN
http://kbpedia.org/kko/rc/FordInStream,owl:equivalentClass,http://www.geonames.org/ontology#T.FORD
http://kbpedia.org/kko/rc/Crevice-Topographical,owl:equivalentClass,http://www.geonames.org/ontology#T.FSR
http://kbpedia.org/kko/rc/Gap-Topographical,owl:equivalentClass,http://www.geonames.org/ontology#T.GAP
http://kbpedia.org/kko/rc/Gorge,owl:equivalentClass,http://www.geonames.org/ontology#T.GRGE
http://kbpedia.org/kko/rc/Headland,owl:equivalentClass,http://www.geonames.org/ontology#T.HDLD
http://kbpedia.org/kko/rc/Hill,owl:equivalentClass,http://www.geonames.org/ontology#T.HLL
http://kbpedia.org/kko/rc/HillRange,owl:equivalentClass,http://www.geonames.org/ontology#T.HLLS
http://kbpedia.org/kko/rc/Hammock-Topographical,owl:equivalentClass,http://www.geonames.org/ontology#T.HMCK
http://kbpedia.org/kko/rc/Desert,kko:superClassOf,http://www.geonames.org/ontology#T.HMDA
http://kbpedia.org/kko/rc/Interfluve,owl:equivalentClass,http://www.geonames.org/ontology#T.INTF
http://kbpedia.org/kko/rc/Island,owl:equivalentClass,http://www.geonames.org/ontology#T.ISL
http://kbpedia.org/kko/rc/Islet,owl:equivalentClass,http://www.geonames.org/ontology#T.ISLET
http://kbpedia.org/kko/rc/ArtificialIsland,owl:equivalentClass,http://www.geonames.org/ontology#T.ISLF
http://kbpedia.org/kko/rc/MangroveIsland,owl:equivalentClass,http://www.geonames.org/ontology#T.ISLM
http://kbpedia.org/kko/rc/IslandRegion,kko:superClassOf,http://www.geonames.org/ontology#T.ISLS
http://kbpedia.org/kko/rc/Island-LandTied,owl:equivalentClass,http://www.geonames.org/ontology#T.ISLT
http://kbpedia.org/kko/rc/IslandRegion,kko:superClassOf,http://www.geonames.org/ontology#T.ISLX
http://kbpedia.org/kko/rc/Isthmus,owl:equivalentClass,http://www.geonames.org/ontology#T.ISTH
http://kbpedia.org/kko/rc/Karst,owl:equivalentClass,http://www.geonames.org/ontology#T.KRST
http://kbpedia.org/kko/rc/LavaField,owl:equivalentClass,http://www.geonames.org/ontology#T.LAVA
http://kbpedia.org/kko/rc/Levee,owl:equivalentClass,http://www.geonames.org/ontology#T.LEV
http://kbpedia.org/kko/rc/Mesa,owl:equivalentClass,http://www.geonames.org/ontology#T.MESA
http://kbpedia.org/kko/rc/Mound-NGA,owl:equivalentClass,http://www.geonames.org/ontology#T.MND
http://kbpedia.org/kko/rc/Moraine-Topographical,owl:equivalentClass,http://www.geonames.org/ontology#T.MRN
http://kbpedia.org/kko/rc/Mountain,kko:superClassOf,http://www.geonames.org/ontology#T.MT
http://kbpedia.org/kko/rc/MountainRange,owl:equivalentClass,http://www.geonames.org/ontology#T.MTS
http://kbpedia.org/kko/rc/MeanderNeck-Topographical,owl:equivalentClass,http://www.geonames.org/ontology#T.NKM
http://kbpedia.org/kko/rc/Nunatak,kko:superClassOf,http://www.geonames.org/ontology#T.NTK
http://kbpedia.org/kko/rc/Nunatak,kko:superClassOf,http://www.geonames.org/ontology#T.NTKS
http://kbpedia.org/kko/rc/Pan-Topographical,kko:superClassOf,http://www.geonames.org/ontology#T.PAN
http://kbpedia.org/kko/rc/Pan-Topographical,kko:superClassOf,http://www.geonames.org/ontology#T.PANS
http://kbpedia.org/kko/rc/Pass-Geographical,owl:equivalentClass,http://www.geonames.org/ontology#T.PASS
http://kbpedia.org/kko/rc/Peninsula,kko:superClassOf,http://www.geonames.org/ontology#T.PEN
http://kbpedia.org/kko/rc/Peninsula,kko:superClassOf,http://www.geonames.org/ontology#T.PENX
http://kbpedia.org/kko/rc/Mountain,kko:superClassOf,http://www.geonames.org/ontology#T.PK
http://kbpedia.org/kko/rc/Mountain,kko:superClassOf,http://www.geonames.org/ontology#T.PKS
http://kbpedia.org/kko/rc/Plateau,kko:superClassOf,http://www.geonames.org/ontology#T.PLAT
http://kbpedia.org/kko/rc/Plateau,kko:superClassOf,http://www.geonames.org/ontology#T.PLATX
http://kbpedia.org/kko/rc/Polder,owl:equivalentClass,http://www.geonames.org/ontology#T.PLDR
http://kbpedia.org/kko/rc/Plain-Topographical,kko:superClassOf,http://www.geonames.org/ontology#T.PLN
http://kbpedia.org/kko/rc/Plain-Topographical,kko:superClassOf,http://www.geonames.org/ontology#T.PLNX
http://kbpedia.org/kko/rc/Promontory-OverLand,owl:equivalentClass,http://www.geonames.org/ontology#T.PROM
http://kbpedia.org/kko/rc/Point-Topographical,kko:superClassOf,http://www.geonames.org/ontology#T.PT
http://kbpedia.org/kko/rc/Point-Topographical,kko:superClassOf,http://www.geonames.org/ontology#T.PTS
http://kbpedia.org/kko/rc/BeachRidge,owl:equivalentClass,http://www.geonames.org/ontology#T.RDGB
http://kbpedia.org/kko/rc/RidgeLine-Topographical,owl:equivalentClass,http://www.geonames.org/ontology#T.RDGE
http://kbpedia.org/kko/rc/Desert,kko:superClassOf,http://www.geonames.org/ontology#T.REG
http://kbpedia.org/kko/rc/RockFormation,owl:equivalentClass,http://www.geonames.org/ontology#T.RK
http://kbpedia.org/kko/rc/Rockfall,owl:equivalentClass,http://www.geonames.org/ontology#T.RKFL
http://kbpedia.org/kko/rc/RockFormation,owl:equivalentClass,http://www.geonames.org/ontology#T.RKS
http://kbpedia.org/kko/rc/SandySoilRegion,owl:equivalentClass,http://www.geonames.org/ontology#T.SAND
http://kbpedia.org/kko/rc/DryCreekBed,kko:superClassOf,http://www.geonames.org/ontology#T.SBED
http://kbpedia.org/kko/rc/Escarpment,owl:equivalentClass,http://www.geonames.org/ontology#T.SCRP
http://kbpedia.org/kko/rc/Saddle-TerrainFeature,owl:equivalentClass,http://www.geonames.org/ontology#T.SDL
http://kbpedia.org/kko/rc/Shoreline,owl:equivalentClass,http://www.geonames.org/ontology#T.SHOR
http://kbpedia.org/kko/rc/Sinkhole,owl:equivalentClass,http://www.geonames.org/ontology#T.SINK
http://kbpedia.org/kko/rc/Slide-Topographical,owl:equivalentClass,http://www.geonames.org/ontology#T.SLID
http://kbpedia.org/kko/rc/Slope-Topographical,owl:equivalentClass,http://www.geonames.org/ontology#T.SLP
http://kbpedia.org/kko/rc/Peninsula,kko:superClassOf,http://www.geonames.org/ontology#T.SPIT
http://kbpedia.org/kko/rc/Spur-Topographical,owl:equivalentClass,http://www.geonames.org/ontology#T.SPUR
http://kbpedia.org/kko/rc/TalusSlope,owl:equivalentClass,http://www.geonames.org/ontology#T.TAL
http://kbpedia.org/kko/rc/InterduneTrough,owl:equivalentClass,http://www.geonames.org/ontology#T.TRGD
http://kbpedia.org/kko/rc/Terrace-Topographical,owl:equivalentClass,http://www.geonames.org/ontology#T.TRR
http://kbpedia.org/kko/rc/Upland,owl:equivalentClass,http://www.geonames.org/ontology#T.UPLD
http://kbpedia.org/kko/rc/Valley,kko:superClassOf,http://www.geonames.org/ontology#T.VAL
http://kbpedia.org/kko/rc/Valley,kko:superClassOf,http://www.geonames.org/ontology#T.VALG
http://kbpedia.org/kko/rc/Valley,kko:superClassOf,http://www.geonames.org/ontology#T.VALS
http://kbpedia.org/kko/rc/Valley,kko:superClassOf,http://www.geonames.org/ontology#T.VALX
http://kbpedia.org/kko/rc/Volcano,owl:equivalentClass,http://www.geonames.org/ontology#T.VLC
http://kbpedia.org/kko/rc/Apron-Topographical,owl:equivalentClass,http://www.geonames.org/ontology#U.APNU
http://kbpedia.org/kko/rc/Arch-Topographical,owl:equivalentClass,http://www.geonames.org/ontology#U.ARCU
http://kbpedia.org/kko/rc/Arrugado-Undersea,owl:equivalentClass,http://www.geonames.org/ontology#U.ARRU
http://kbpedia.org/kko/rc/Borderlands-Undersea,owl:equivalentClass,http://www.geonames.org/ontology#U.BDLU
http://kbpedia.org/kko/rc/Bank-Underwater,kko:superClassOf,http://www.geonames.org/ontology#U.BKSU
http://kbpedia.org/kko/rc/Bench-Topographical,kko:superClassOf,http://www.geonames.org/ontology#U.BNCU
http://kbpedia.org/kko/rc/Bank-Underwater,kko:superClassOf,http://www.geonames.org/ontology#U.BNKU
http://kbpedia.org/kko/rc/Basin-Topographical,owl:equivalentClass,http://www.geonames.org/ontology#U.BSNU
http://kbpedia.org/kko/rc/Cordillera-Undersea,owl:equivalentClass,http://www.geonames.org/ontology#U.CDAU
http://kbpedia.org/kko/rc/Canyon,kko:superClassOf,http://www.geonames.org/ontology#U.CNSU
http://kbpedia.org/kko/rc/Canyon,kko:superClassOf,http://www.geonames.org/ontology#U.CNYU
http://kbpedia.org/kko/rc/ContinentalRise-Undersea,owl:equivalentClass,http://www.geonames.org/ontology#U.CRSU
http://kbpedia.org/kko/rc/Deep-Undersea,owl:equivalentClass,http://www.geonames.org/ontology#U.DEPU
http://kbpedia.org/kko/rc/ShelfEdge-Undersea,owl:equivalentClass,http://www.geonames.org/ontology#U.EDGU
http://kbpedia.org/kko/rc/Escarpment-Undersea,owl:equivalentClass,http://www.geonames.org/ontology#U.ESCU
http://kbpedia.org/kko/rc/AlluvialFan,kko:superClassOf,http://www.geonames.org/ontology#U.FANU
http://kbpedia.org/kko/rc/Flat-Topographical-Undersea,owl:equivalentClass,http://www.geonames.org/ontology#U.FLTU
http://kbpedia.org/kko/rc/Fork-Topographical,owl:equivalentClass,http://www.geonames.org/ontology#U.FRKU
http://kbpedia.org/kko/rc/Fork-Topographical,owl:equivalentClass,http://www.geonames.org/ontology#U.FRSU
http://kbpedia.org/kko/rc/Fracture-Zone-Undersea,owl:equivalentClass,http://www.geonames.org/ontology#U.FRZU
http://kbpedia.org/kko/rc/Furrow-Topographical-Undersea,owl:equivalentClass,http://www.geonames.org/ontology#U.FURU
http://kbpedia.org/kko/rc/Gap-Topographical-Undersea,owl:equivalentClass,http://www.geonames.org/ontology#U.GAPU
http://kbpedia.org/kko/rc/Gully-Undersea,owl:equivalentClass,http://www.geonames.org/ontology#U.GLYU
http://kbpedia.org/kko/rc/Hill-Undersea,kko:superClassOf,http://www.geonames.org/ontology#U.HLLU
http://kbpedia.org/kko/rc/Hill-Undersea,kko:superClassOf,http://www.geonames.org/ontology#U.HLSU
http://kbpedia.org/kko/rc/Cavity-Undersea,owl:equivalentClass,http://www.geonames.org/ontology#U.HOLU
http://kbpedia.org/kko/rc/Knoll-Undersea,kko:superClassOf,http://www.geonames.org/ontology#U.KNLU
http://kbpedia.org/kko/rc/Knoll-Undersea,kko:superClassOf,http://www.geonames.org/ontology#U.KNSU
http://kbpedia.org/kko/rc/Ledge-Topographical-Undersea,owl:equivalentClass,http://www.geonames.org/ontology#U.LDGU
http://kbpedia.org/kko/rc/Levee-Undersea,owl:equivalentClass,http://www.geonames.org/ontology#U.LEVU
http://kbpedia.org/kko/rc/Valley-Undersea,kko:superClassOf,http://www.geonames.org/ontology#U.MDVU
http://kbpedia.org/kko/rc/Mesa-Undersea,owl:equivalentClass,http://www.geonames.org/ontology#U.MESU
http://kbpedia.org/kko/rc/Hill-Undersea,kko:superClassOf,http://www.geonames.org/ontology#U.MNDU
http://kbpedia.org/kko/rc/Moat-Undersea,owl:equivalentClass,http://www.geonames.org/ontology#U.MOTU
http://kbpedia.org/kko/rc/Mountain-Undersea,kko:superClassOf,http://www.geonames.org/ontology#U.MTSU
http://kbpedia.org/kko/rc/Mountain-Undersea,kko:superClassOf,http://www.geonames.org/ontology#U.MTU
http://kbpedia.org/kko/rc/Mountain-Undersea,kko:superClassOf,http://www.geonames.org/ontology#U.PKSU
http://kbpedia.org/kko/rc/Mountain-Undersea,kko:superClassOf,http://www.geonames.org/ontology#U.PKU
http://kbpedia.org/kko/rc/Platform-Undersea,owl:equivalentClass,http://www.geonames.org/ontology#U.PLFU
http://kbpedia.org/kko/rc/AbyssalPlain,owl:equivalentClass,http://www.geonames.org/ontology#U.PLNU
http://kbpedia.org/kko/rc/Plateau-Undersea,owl:equivalentClass,http://www.geonames.org/ontology#U.PLTU
http://kbpedia.org/kko/rc/Pinnacle-Undersea,owl:equivalentClass,http://www.geonames.org/ontology#U.PNLU
http://kbpedia.org/kko/rc/Province-Undersea,owl:equivalentClass,http://www.geonames.org/ontology#U.PRVU
http://kbpedia.org/kko/rc/Ravine-Undersea,owl:equivalentClass,http://www.geonames.org/ontology#U.RAVU
http://kbpedia.org/kko/rc/Ridge-Undersea,kko:superClassOf,http://www.geonames.org/ontology#U.RDGU
http://kbpedia.org/kko/rc/Ridge-Undersea,kko:superClassOf,http://www.geonames.org/ontology#U.RDSU
http://kbpedia.org/kko/rc/Reef,kko:superClassOf,http://www.geonames.org/ontology#U.RFSU
http://kbpedia.org/kko/rc/Reef,kko:superClassOf,http://www.geonames.org/ontology#U.RFU
http://kbpedia.org/kko/rc/Rise-Undersea,owl:equivalentClass,http://www.geonames.org/ontology#U.RISU
http://kbpedia.org/kko/rc/Ramp-Undersea,owl:equivalentClass,http://www.geonames.org/ontology#U.RMPU
http://kbpedia.org/kko/rc/HillRange-Undersea,owl:equivalentClass,http://www.geonames.org/ontology#U.RNGU
http://kbpedia.org/kko/rc/Seachannel,kko:superClassOf,http://www.geonames.org/ontology#U.SCNU
http://kbpedia.org/kko/rc/Seachannel,kko:superClassOf,http://www.geonames.org/ontology#U.SCSU
http://kbpedia.org/kko/rc/Shelf-Undersea,owl:equivalentClass,http://www.geonames.org/ontology#U.SHFU
http://kbpedia.org/kko/rc/Shoal,kko:superClassOf,http://www.geonames.org/ontology#U.SHLU
http://kbpedia.org/kko/rc/Shoal,kko:superClassOf,http://www.geonames.org/ontology#U.SHSU
http://kbpedia.org/kko/rc/Shelf-Valley-Undersea,owl:equivalentClass,http://www.geonames.org/ontology#U.SHVU
http://kbpedia.org/kko/rc/Sill-TerrainFeature-Undersea,owl:equivalentClass,http://www.geonames.org/ontology#U.SILU
http://kbpedia.org/kko/rc/Slope-Topographical-Undersea,owl:equivalentClass,http://www.geonames.org/ontology#U.SLPU
http://kbpedia.org/kko/rc/Seamount,kko:superClassOf,http://www.geonames.org/ontology#U.SMSU
http://kbpedia.org/kko/rc/Seamount,kko:superClassOf,http://www.geonames.org/ontology#U.SMU
http://kbpedia.org/kko/rc/Spur-Topographical-Undersea,owl:equivalentClass,http://www.geonames.org/ontology#U.SPRU
http://kbpedia.org/kko/rc/Terrace-Topographical-Undersea,owl:equivalentClass,http://www.geonames.org/ontology#U.TERU
http://kbpedia.org/kko/rc/Guyot,kko:superClassOf,http://www.geonames.org/ontology#U.TMSU
http://kbpedia.org/kko/rc/Guyot,kko:superClassOf,http://www.geonames.org/ontology#U.TMTU
http://kbpedia.org/kko/rc/Tongue-UnderseaTerrainFeature,owl:equivalentClass,http://www.geonames.org/ontology#U.TNGU
http://kbpedia.org/kko/rc/Trough-Topographical-Undersea,owl:equivalentClass,http://www.geonames.org/ontology#U.TRGU
http://kbpedia.org/kko/rc/OceanTrench,owl:equivalentClass,http://www.geonames.org/ontology#U.TRNU
http://kbpedia.org/kko/rc/Valley-Undersea,kko:superClassOf,http://www.geonames.org/ontology#U.VALU
http://kbpedia.org/kko/rc/Valley-Undersea,kko:superClassOf,http://www.geonames.org/ontology#U.VLSU
http://kbpedia.org/kko/rc/Bush-Clump,owl:equivalentClass,http://www.geonames.org/ontology#V.BUSH
http://kbpedia.org/kko/rc/ArableLand,owl:equivalentClass,http://www.geonames.org/ontology#V.CULT
http://kbpedia.org/kko/rc/Forest,owl:equivalentClass,http://www.geonames.org/ontology#V.FRST
http://kbpedia.org/kko/rc/FossilForest,owl:equivalentClass,http://www.geonames.org/ontology#V.FRSTF
http://kbpedia.org/kko/rc/GrassyRegion,owl:equivalentClass,http://www.geonames.org/ontology#V.GRSLD
http://kbpedia.org/kko/rc/Field-Land,kko:superClassOf,http://www.geonames.org/ontology#V.GRVC
http://kbpedia.org/kko/rc/Field-Land,kko:superClassOf,http://www.geonames.org/ontology#V.GRVO
http://kbpedia.org/kko/rc/Field-Land,kko:superClassOf,http://www.geonames.org/ontology#V.GRVP
http://kbpedia.org/kko/rc/Field-Land,kko:superClassOf,http://www.geonames.org/ontology#V.GRVPN
http://kbpedia.org/kko/rc/Heath,owl:equivalentClass,http://www.geonames.org/ontology#V.HTH
http://kbpedia.org/kko/rc/Meadow,owl:equivalentClass,http://www.geonames.org/ontology#V.MDW
http://kbpedia.org/kko/rc/Orchard,owl:equivalentClass,http://www.geonames.org/ontology#V.OCH
http://kbpedia.org/kko/rc/ScrubbyVegetationRegion,owl:equivalentClass,http://www.geonames.org/ontology#V.SCRB
http://kbpedia.org/kko/rc/Tree,owl:equivalentClass,http://www.geonames.org/ontology#V.TREE
http://kbpedia.org/kko/rc/Tundra,owl:equivalentClass,http://www.geonames.org/ontology#V.TUND
http://kbpedia.org/kko/rc/Vineyard,kko:superClassOf,http://www.geonames.org/ontology#V.VIN
http://kbpedia.org/kko/rc/Vineyard,kko:superClassOf,http://www.geonames.org/ontology#V.VINS
