s,p,o
http://schema.org/Abdomen,owl:equivalentClass,http://kbpedia.org/kko/rc/Abdomen
http://schema.org/AboutPage,owl:equivalentClass,http://kbpedia.org/kko/rc/AboutPage
http://schema.org/AcceptAction,rdfs:subClassOf,http://kbpedia.org/kko/rc/Accepting-CommunicationAct
http://schema.org/RsvpAction,owl:equivalentClass,http://kbpedia.org/kko/rc/AcceptingAnInvitation
http://schema.org/Accommodation,owl:equivalentClass,http://kbpedia.org/kko/rc/Accommodating-HelpingAnAgent
http://schema.org/AccountingService,kko:superClassOf,http://kbpedia.org/kko/rc/AccountingFirm
http://schema.org/OrderStatus,rdfs:subClassOf,http://kbpedia.org/kko/rc/AccountTypeByStatus
http://schema.org/PaymentStatusType,rdfs:subClassOf,http://kbpedia.org/kko/rc/AccountTypeByStatus
http://schema.org/Action,owl:equivalentClass,http://kbpedia.org/kko/rc/Action
http://schema.org/ActionAccessSpecification,rdfs:subClassOf,http://kbpedia.org/kko/rc/Action
http://schema.org/ReactAction,rdfs:subClassOf,http://kbpedia.org/kko/rc/Action
http://schema.org/EventStatusType,rdfs:subClassOf,http://kbpedia.org/kko/rc/ActionTypeByWorkflowStatus
http://schema.org/AdultEntertainment,owl:equivalentClass,http://kbpedia.org/kko/rc/AdultEntertainment
http://schema.org/AggregateOffer,owl:equivalentClass,http://kbpedia.org/kko/rc/AggregateOffer
http://schema.org/AggregateRating,owl:equivalentClass,http://kbpedia.org/kko/rc/AggregateRating
http://schema.org/EmployerAggregateRating,rdfs:subClassOf,http://kbpedia.org/kko/rc/AggregateRating
http://schema.org/ApprovedIndication,rdfs:subClassOf,http://kbpedia.org/kko/rc/AilmentCondition
http://schema.org/MedicalCondition,kko:superClassOf,http://kbpedia.org/kko/rc/AilmentCondition
http://schema.org/MedicalContraindication,rdfs:subClassOf,http://kbpedia.org/kko/rc/AilmentCondition
http://schema.org/MedicalIndication,rdfs:subClassOf,http://kbpedia.org/kko/rc/AilmentCondition
http://schema.org/MedicalSymptom,rdfs:subClassOf,http://kbpedia.org/kko/rc/AilmentCondition
http://schema.org/PreventionIndication,rdfs:subClassOf,http://kbpedia.org/kko/rc/AilmentCondition
http://schema.org/TreatmentIndication,rdfs:subClassOf,http://kbpedia.org/kko/rc/AilmentCondition
http://schema.org/Airline,owl:equivalentClass,http://kbpedia.org/kko/rc/AirlineCompany
http://schema.org/FlightReservation,owl:equivalentClass,http://kbpedia.org/kko/rc/AirlineReservation
http://schema.org/Flight,owl:equivalentClass,http://kbpedia.org/kko/rc/AirplaneTrip
http://schema.org/Airport,owl:equivalentClass,http://kbpedia.org/kko/rc/Airport-Physical
http://schema.org/MusicAlbum,owl:equivalentClass,http://kbpedia.org/kko/rc/Album
http://schema.org/MusicAlbumProductionType,rdfs:subClassOf,http://kbpedia.org/kko/rc/Album
http://schema.org/MusicAlbumReleaseType,rdfs:subClassOf,http://kbpedia.org/kko/rc/Album
http://schema.org/AlignmentObject,rdfs:subClassOf,http://kbpedia.org/kko/rc/AligningSomething
http://schema.org/AllocateAction,owl:equivalentClass,http://kbpedia.org/kko/rc/Allocation
http://schema.org/Homeopathic,rdfs:subClassOf,http://kbpedia.org/kko/rc/AlternativeMedicine
http://schema.org/AmusementPark,owl:equivalentClass,http://kbpedia.org/kko/rc/AmusementPark
http://schema.org/Vessel,owl:equivalentClass,http://kbpedia.org/kko/rc/AnatomicalVessel
http://schema.org/Anesthesia,owl:equivalentClass,http://kbpedia.org/kko/rc/Anesthesia
http://schema.org/AnatomicalStructure,rdfs:subClassOf,http://kbpedia.org/kko/rc/AnimalBodyPart
http://schema.org/AnatomicalSystem,rdfs:subClassOf,http://kbpedia.org/kko/rc/AnimalBodyPart
http://schema.org/SuperficialAnatomy,rdfs:subClassOf,http://kbpedia.org/kko/rc/AnimalBodyPart
http://schema.org/ApartmentComplex,owl:equivalentClass,http://kbpedia.org/kko/rc/ApartmentComplex
http://schema.org/Apartment,owl:equivalentClass,http://kbpedia.org/kko/rc/ApartmentUnit
http://schema.org/MobileApplication,rdfs:subClassOf,http://kbpedia.org/kko/rc/Applet-ComputerProgram
http://schema.org/SoftwareApplication,owl:equivalentClass,http://kbpedia.org/kko/rc/ApplicationProgram
http://schema.org/APIReference,rdfs:subClassOf,http://kbpedia.org/kko/rc/ApplicationProgrammingInterface
http://schema.org/ApplyAction,kko:superClassOf,http://kbpedia.org/kko/rc/ApplyingResourceEvent
http://schema.org/AgreeAction,rdfs:subClassOf,http://kbpedia.org/kko/rc/Approval-CommunicationAct
http://schema.org/AuthorizeAction,kko:superClassOf,http://kbpedia.org/kko/rc/ApprovingARequest
http://schema.org/Aquarium,owl:equivalentClass,http://kbpedia.org/kko/rc/Aquarium
http://schema.org/ArriveAction,owl:equivalentClass,http://kbpedia.org/kko/rc/ArrivingAtAPlace
http://schema.org/Artery,owl:equivalentClass,http://kbpedia.org/kko/rc/Artery
http://schema.org/VisualArtsEvent,rdfs:subClassOf,http://kbpedia.org/kko/rc/ArtExhibit
http://schema.org/AdvertiserContentArticle,rdfs:subClassOf,http://kbpedia.org/kko/rc/Article-PCW
http://schema.org/Article,owl:equivalentClass,http://kbpedia.org/kko/rc/Article-PCW
http://schema.org/SatiricalArticle,rdfs:subClassOf,http://kbpedia.org/kko/rc/Article-PCW
http://schema.org/Intangible,kko:superClassOf,http://kbpedia.org/kko/rc/Artifact-Intangible
http://schema.org/AssignAction,kko:superClassOf,http://kbpedia.org/kko/rc/AssigningATask
http://schema.org/Atlas,owl:equivalentClass,http://kbpedia.org/kko/rc/Atlas
http://schema.org/Audiobook,owl:equivalentClass,http://kbpedia.org/kko/rc/AudioBook
http://schema.org/RadioClip,rdfs:subClassOf,http://kbpedia.org/kko/rc/AudioClip
http://schema.org/AudioObject,rdfs:subClassOf,http://kbpedia.org/kko/rc/AudioConceptualWork
http://schema.org/AutoBodyShop,owl:equivalentClass,http://kbpedia.org/kko/rc/AutoBodyShop
http://schema.org/AutoDealer,owl:equivalentClass,http://kbpedia.org/kko/rc/AutoDealership
http://schema.org/EngineSpecification,rdfs:subClassOf,http://kbpedia.org/kko/rc/AutoEngine
http://schema.org/AutomatedTeller,owl:equivalentClass,http://kbpedia.org/kko/rc/AutomaticTellerMachine
http://schema.org/Car,owl:equivalentClass,http://kbpedia.org/kko/rc/Automobile
http://schema.org/CarUsageType,rdfs:subClassOf,http://kbpedia.org/kko/rc/Automobile
http://schema.org/SteeringPositionValue,rdfs:subClassOf,http://kbpedia.org/kko/rc/AutomobileSteeringSystem
http://schema.org/AutomotiveBusiness,owl:equivalentClass,http://kbpedia.org/kko/rc/AutomotiveBusiness
http://schema.org/AutoPartsStore,owl:equivalentClass,http://kbpedia.org/kko/rc/AutoPartsStore
http://schema.org/AutoRental,owl:equivalentClass,http://kbpedia.org/kko/rc/AutoRentalCompany
http://schema.org/AutoRepair,owl:equivalentClass,http://kbpedia.org/kko/rc/AutoRepairShop
http://schema.org/Ayurvedic,owl:equivalentClass,http://kbpedia.org/kko/rc/Ayurveda
http://schema.org/Bacteria,owl:equivalentClass,http://kbpedia.org/kko/rc/Bacterium
http://schema.org/Bakery,owl:equivalentClass,http://kbpedia.org/kko/rc/BakeryStore
http://schema.org/BankAccount,owl:equivalentClass,http://kbpedia.org/kko/rc/BankAccount
http://schema.org/BankOrCreditUnion,kko:superClassOf,http://kbpedia.org/kko/rc/BankOrganization
http://schema.org/BarOrPub,owl:equivalentClass,http://kbpedia.org/kko/rc/Bar-DrinkingEstablishment
http://schema.org/Barcode,owl:equivalentClass,http://kbpedia.org/kko/rc/Barcode
http://schema.org/Beach,owl:equivalentClass,http://kbpedia.org/kko/rc/Beach
http://schema.org/HealthAndBeautyBusiness,rdfs:subClassOf,http://kbpedia.org/kko/rc/Beauty-CosmeticsOrganization
http://schema.org/BedDetails,rdfs:subClassOf,http://kbpedia.org/kko/rc/Bed
http://schema.org/BedType,owl:equivalentClass,http://kbpedia.org/kko/rc/Bed
http://schema.org/BedAndBreakfast,owl:equivalentClass,http://kbpedia.org/kko/rc/BedAndBreakfast
http://schema.org/BefriendAction,owl:equivalentClass,http://kbpedia.org/kko/rc/BefriendingAnAgent
http://schema.org/SubscribeAction,rdfs:subClassOf,http://kbpedia.org/kko/rc/BeginningAnActivity
http://schema.org/BikeStore,owl:equivalentClass,http://kbpedia.org/kko/rc/BicycleShop
http://schema.org/QuoteAction,owl:equivalentClass,http://kbpedia.org/kko/rc/BidOnSale
http://schema.org/Invoice,rdfs:subClassOf,http://kbpedia.org/kko/rc/Bill-PaymentRequest
http://schema.org/BlogPosting,owl:equivalentClass,http://kbpedia.org/kko/rc/BlogPosting
http://schema.org/LiveBlogPosting,rdfs:subClassOf,http://kbpedia.org/kko/rc/BlogPosting
http://schema.org/BloodTest,owl:equivalentClass,http://kbpedia.org/kko/rc/BloodTest
http://schema.org/BoardingPolicyType,rdfs:subClassOf,http://kbpedia.org/kko/rc/BoardingATransportationDevice
http://schema.org/BodyOfWater,owl:equivalentClass,http://kbpedia.org/kko/rc/BodyOfWater
http://schema.org/Bone,kko:superClassOf,http://kbpedia.org/kko/rc/BoneStructure
http://schema.org/BookFormatType,rdfs:subClassOf,http://kbpedia.org/kko/rc/BookCopy
http://schema.org/Book,owl:equivalentClass,http://kbpedia.org/kko/rc/BookGeneric
http://schema.org/BookSeries,owl:equivalentClass,http://kbpedia.org/kko/rc/BookSeries
http://schema.org/BookStore,owl:equivalentClass,http://kbpedia.org/kko/rc/Bookstore
http://schema.org/BorrowAction,owl:equivalentClass,http://kbpedia.org/kko/rc/BorrowingSomething
http://schema.org/BowlingAlley,owl:equivalentClass,http://kbpedia.org/kko/rc/BowlingAlley
http://schema.org/BrainStructure,rdfs:subClassOf,http://kbpedia.org/kko/rc/Brain
http://schema.org/Brewery,owl:equivalentClass,http://kbpedia.org/kko/rc/Brewery
http://schema.org/Bridge,owl:equivalentClass,http://kbpedia.org/kko/rc/Bridge
http://schema.org/Series,kko:superClassOf,http://kbpedia.org/kko/rc/BroadcastSeriesProduct
http://schema.org/Broker,owl:equivalentClass,http://kbpedia.org/kko/rc/Broker
http://schema.org/BuddhistTemple,owl:equivalentClass,http://kbpedia.org/kko/rc/BuddhistTemple
http://schema.org/HomeAndConstructionBusiness,rdfs:subClassOf,http://kbpedia.org/kko/rc/BuildingContractor-Organization
http://schema.org/BusOrCoach,kko:superClassOf,http://kbpedia.org/kko/rc/Bus-RoadVehicle
http://schema.org/LocalBusiness,rdfs:subClassOf,http://kbpedia.org/kko/rc/Business
http://schema.org/MedicalBusiness,rdfs:subClassOf,http://kbpedia.org/kko/rc/Business
http://schema.org/BusinessEvent,owl:equivalentClass,http://kbpedia.org/kko/rc/BusinessEvent
http://schema.org/BusinessFunction,rdfs:subClassOf,http://kbpedia.org/kko/rc/BusinessEvent
http://schema.org/BusinessEntityType,rdfs:subClassOf,http://kbpedia.org/kko/rc/BusinessRelatedThing
http://schema.org/BusStation,owl:equivalentClass,http://kbpedia.org/kko/rc/BusStation
http://schema.org/BusStop,owl:equivalentClass,http://kbpedia.org/kko/rc/BusStop
http://schema.org/BuyAction,owl:equivalentClass,http://kbpedia.org/kko/rc/BuyingActivity
http://schema.org/RadioSeason,rdfs:subClassOf,http://kbpedia.org/kko/rc/CalendarSeasonType
http://schema.org/Season,owl:equivalentClass,http://kbpedia.org/kko/rc/CalendarSeasonType
http://schema.org/Campground,owl:equivalentClass,http://kbpedia.org/kko/rc/Campground
http://schema.org/CampingPitch,rdfs:subClassOf,http://kbpedia.org/kko/rc/Campsite
http://schema.org/Canal,owl:equivalentClass,http://kbpedia.org/kko/rc/Canal
http://schema.org/CancelAction,rdfs:subClassOf,http://kbpedia.org/kko/rc/Canceling-Declaring-Evaluating
http://schema.org/AutoWash,owl:equivalentClass,http://kbpedia.org/kko/rc/CarWashShop
http://schema.org/Casino,owl:equivalentClass,http://kbpedia.org/kko/rc/Casino-Organization
http://schema.org/DataCatalog,rdfs:subClassOf,http://kbpedia.org/kko/rc/Catalog
http://schema.org/OfferCatalog,rdfs:subClassOf,http://kbpedia.org/kko/rc/Catalog
http://schema.org/CatholicChurch,owl:equivalentClass,http://kbpedia.org/kko/rc/CatholicChurch
http://schema.org/Chapter,rdfs:subClassOf,http://kbpedia.org/kko/rc/Chapter-PCW
http://schema.org/DonateAction,kko:superClassOf,http://kbpedia.org/kko/rc/CharitableDonation
http://schema.org/CheckInAction,owl:equivalentClass,http://kbpedia.org/kko/rc/Check-in
http://schema.org/CheckAction,rdfs:subClassOf,http://kbpedia.org/kko/rc/Checking-Evaluating
http://schema.org/CheckoutPage,owl:equivalentClass,http://kbpedia.org/kko/rc/CheckoutPage
http://schema.org/ChildrensEvent,owl:equivalentClass,http://kbpedia.org/kko/rc/ChildrensEvent
http://schema.org/Chiropractic,owl:equivalentClass,http://kbpedia.org/kko/rc/Chiropractic
http://schema.org/Church,owl:equivalentClass,http://kbpedia.org/kko/rc/Church-Building
http://schema.org/MovieTheater,owl:equivalentClass,http://kbpedia.org/kko/rc/CinemaOrMovieTheater
http://schema.org/GeoCircle,rdfs:subClassOf,http://kbpedia.org/kko/rc/CircularRegion
http://schema.org/City,owl:equivalentClass,http://kbpedia.org/kko/rc/City
http://schema.org/CityHall,owl:equivalentClass,http://kbpedia.org/kko/rc/CityHall-Building
http://schema.org/CategoryCode,rdfs:subClassOf,http://kbpedia.org/kko/rc/ClassificationSystem
http://schema.org/CategoryCodeSet,rdfs:subClassOf,http://kbpedia.org/kko/rc/ClassificationSystem
http://schema.org/MedicalTrial,owl:equivalentClass,http://kbpedia.org/kko/rc/ClinicalTrial
http://schema.org/MedicalTrialDesign,rdfs:subClassOf,http://kbpedia.org/kko/rc/ClinicalTrial
http://schema.org/ClothingStore,owl:equivalentClass,http://kbpedia.org/kko/rc/ClothingStore
http://schema.org/CafeOrCoffeeShop,owl:equivalentClass,http://kbpedia.org/kko/rc/CoffeeHouse-Organization
http://schema.org/Class,rdfs:subClassOf,http://kbpedia.org/kko/rc/Collection
http://schema.org/CollectionPage,owl:equivalentClass,http://kbpedia.org/kko/rc/CollectionPage
http://schema.org/Collection,rdfs:subClassOf,http://kbpedia.org/kko/rc/CollectionType
http://schema.org/ComedyClub,owl:equivalentClass,http://kbpedia.org/kko/rc/ComedyNightClub
http://schema.org/ComicIssue,owl:equivalentClass,http://kbpedia.org/kko/rc/ComicBookIssue
http://schema.org/ComicSeries,owl:equivalentClass,http://kbpedia.org/kko/rc/ComicBookSeries
http://schema.org/ComicStory,rdfs:subClassOf,http://kbpedia.org/kko/rc/ComicStrip
http://schema.org/Comment,kko:superClassOf,http://kbpedia.org/kko/rc/Commentary
http://schema.org/CorrectionComment,rdfs:subClassOf,http://kbpedia.org/kko/rc/Commentary
http://schema.org/Corporation,rdfs:subClassOf,http://kbpedia.org/kko/rc/CommercialOrganization
http://schema.org/Taxi,rdfs:subClassOf,http://kbpedia.org/kko/rc/CommercialPassengerTransportation
http://schema.org/CommunicateAction,rdfs:subClassOf,http://kbpedia.org/kko/rc/Communicating
http://schema.org/CommunityHealth,owl:equivalentClass,http://kbpedia.org/kko/rc/CommunityHealth
http://schema.org/ActionStatusType,kko:superClassOf,http://kbpedia.org/kko/rc/CompletedStatus
http://schema.org/ActiveActionStatus,rdfs:subClassOf,http://kbpedia.org/kko/rc/CompletedStatus
http://schema.org/CompletedActionStatus,kko:superClassOf,http://kbpedia.org/kko/rc/CompletedStatus
http://schema.org/FailedActionStatus,rdfs:subClassOf,http://kbpedia.org/kko/rc/CompletedStatus
http://schema.org/PotentialActionStatus,kko:superClassOf,http://kbpedia.org/kko/rc/CompletedStatus
http://schema.org/Code,owl:equivalentClass,http://kbpedia.org/kko/rc/ComputerCode
http://schema.org/SoftwareSourceCode,owl:equivalentClass,http://kbpedia.org/kko/rc/ComputerCode-Source
http://schema.org/Dataset,rdfs:subClassOf,http://kbpedia.org/kko/rc/ComputerDatabase
http://schema.org/VideoGame,owl:equivalentClass,http://kbpedia.org/kko/rc/ComputerGameProgram-Graphical
http://schema.org/VideoGameClip,rdfs:subClassOf,http://kbpedia.org/kko/rc/ComputerGameProgram-Graphical
http://schema.org/VideoGameSeries,rdfs:subClassOf,http://kbpedia.org/kko/rc/ComputerGameProgram-Graphical
http://schema.org/ComputerLanguage,owl:equivalentClass,http://kbpedia.org/kko/rc/ComputerLanguage
http://schema.org/ComputerStore,owl:equivalentClass,http://kbpedia.org/kko/rc/ComputerStore
http://schema.org/UserInteraction,owl:equivalentClass,http://kbpedia.org/kko/rc/ComputerUserInteraction
http://schema.org/CreativeWork,owl:equivalentClass,http://kbpedia.org/kko/rc/ConceptualWork
http://schema.org/CreativeWorkSeries,owl:equivalentClass,http://kbpedia.org/kko/rc/ConceptualWorkSeries
http://schema.org/Episode,rdfs:subClassOf,http://kbpedia.org/kko/rc/ConceptualWorkSeries
http://schema.org/MeetingRoom,owl:equivalentClass,http://kbpedia.org/kko/rc/ConferenceRoom
http://schema.org/ConfirmAction,kko:superClassOf,http://kbpedia.org/kko/rc/ConfirmingTruthEvent
http://schema.org/TieAction,owl:equivalentClass,http://kbpedia.org/kko/rc/ConflictOutcome-Draw
http://schema.org/GeoShape,owl:equivalentClass,http://kbpedia.org/kko/rc/ConnectedSpaceRegion
http://schema.org/Consortium,owl:equivalentClass,http://kbpedia.org/kko/rc/Consortium
http://schema.org/ContactPointOption,rdfs:subClassOf,http://kbpedia.org/kko/rc/ContactLocation
http://schema.org/ContactPage,owl:equivalentClass,http://kbpedia.org/kko/rc/ContactPage
http://schema.org/Continent,owl:equivalentClass,http://kbpedia.org/kko/rc/Continent
http://schema.org/ActivateAction,rdfs:subClassOf,http://kbpedia.org/kko/rc/ControllingSomething
http://schema.org/ControlAction,owl:equivalentClass,http://kbpedia.org/kko/rc/ControllingSomething
http://schema.org/DeactivateAction,rdfs:subClassOf,http://kbpedia.org/kko/rc/ControllingSomething
http://schema.org/ResumeAction,rdfs:subClassOf,http://kbpedia.org/kko/rc/ControllingSomething
http://schema.org/SuspendAction,rdfs:subClassOf,http://kbpedia.org/kko/rc/ControllingSomething
http://schema.org/ConvenienceStore,owl:equivalentClass,http://kbpedia.org/kko/rc/ConvenienceStore
http://schema.org/Conversation,owl:equivalentClass,http://kbpedia.org/kko/rc/Conversation
http://schema.org/CookAction,owl:equivalentClass,http://kbpedia.org/kko/rc/CookingFood
http://schema.org/PlasticSurgery,kko:superClassOf,http://kbpedia.org/kko/rc/CosmeticSurgery
http://schema.org/InteractionCounter,rdfs:subClassOf,http://kbpedia.org/kko/rc/CountingDevice
http://schema.org/Country,owl:equivalentClass,http://kbpedia.org/kko/rc/Country
http://schema.org/Course,owl:equivalentClass,http://kbpedia.org/kko/rc/Course-Academic
http://schema.org/CourseInstance,rdfs:subClassOf,http://kbpedia.org/kko/rc/Course-Academic
http://schema.org/Courthouse,owl:equivalentClass,http://kbpedia.org/kko/rc/Courthouse
http://schema.org/ComicCoverArt,rdfs:subClassOf,http://kbpedia.org/kko/rc/CoverArt
http://schema.org/CoverArt,owl:equivalentClass,http://kbpedia.org/kko/rc/CoverArt
http://schema.org/CreateAction,kko:superClassOf,http://kbpedia.org/kko/rc/CreatingAnArtifact
http://schema.org/CreditCard,owl:equivalentClass,http://kbpedia.org/kko/rc/CreditCard
http://schema.org/Crematorium,owl:equivalentClass,http://kbpedia.org/kko/rc/Crematorium
http://schema.org/CurrencyConversionService,rdfs:subClassOf,http://kbpedia.org/kko/rc/CurrencyExchange
http://schema.org/ExchangeRateSpecification,rdfs:subClassOf,http://kbpedia.org/kko/rc/CurrencyExchange
http://schema.org/DanceGroup,owl:equivalentClass,http://kbpedia.org/kko/rc/DanceCompany
http://schema.org/DanceEvent,owl:equivalentClass,http://kbpedia.org/kko/rc/DancePerformance
http://schema.org/CompleteDataFeed,rdfs:subClassOf,http://kbpedia.org/kko/rc/DataFeed-System
http://schema.org/DataFeed,rdfs:subClassOf,http://kbpedia.org/kko/rc/DataFeed-System
http://schema.org/DataFeedItem,rdfs:subClassOf,http://kbpedia.org/kko/rc/DataFeed-System
http://schema.org/Date,owl:equivalentClass,http://kbpedia.org/kko/rc/Date
http://schema.org/ChildCare,kko:superClassOf,http://kbpedia.org/kko/rc/DayCareOrganization
http://schema.org/Preschool,rdfs:subClassOf,http://kbpedia.org/kko/rc/DayCareOrganization
http://schema.org/DayOfWeek,owl:equivalentClass,http://kbpedia.org/kko/rc/DayOfWeekType
http://schema.org/DaySpa,owl:equivalentClass,http://kbpedia.org/kko/rc/DaySpa
http://schema.org/LoseAction,rdfs:subClassOf,http://kbpedia.org/kko/rc/DefeatedSituation
http://schema.org/DefenceEstablishment,owl:equivalentClass,http://kbpedia.org/kko/rc/DefenceEstablishment
http://schema.org/DeliveryEvent,kko:superClassOf,http://kbpedia.org/kko/rc/DeliveryServiceEvent
http://schema.org/DeliveryMethod,rdfs:subClassOf,http://kbpedia.org/kko/rc/DeliveryServiceEvent
http://schema.org/LockerDelivery,rdfs:subClassOf,http://kbpedia.org/kko/rc/DeliveryServiceEvent
http://schema.org/OnSitePickup,rdfs:subClassOf,http://kbpedia.org/kko/rc/DeliveryServiceEvent
http://schema.org/ParcelDelivery,rdfs:subClassOf,http://kbpedia.org/kko/rc/DeliveryServiceEvent
http://schema.org/ParcelService,rdfs:subClassOf,http://kbpedia.org/kko/rc/DeliveryServiceEvent
http://schema.org/Demand,owl:equivalentClass,http://kbpedia.org/kko/rc/Demanding-CommunicationAct
http://schema.org/Dentist,rdfs:subClassOf,http://kbpedia.org/kko/rc/DentistsOffice
http://schema.org/DepartmentStore,owl:equivalentClass,http://kbpedia.org/kko/rc/DepartmentStore
http://schema.org/Dermatology,owl:equivalentClass,http://kbpedia.org/kko/rc/Dermatology
http://schema.org/WantAction,kko:superClassOf,http://kbpedia.org/kko/rc/DesiringThat
http://schema.org/DietarySupplement,owl:equivalentClass,http://kbpedia.org/kko/rc/DietarySupplement
http://schema.org/Diet,owl:equivalentClass,http://kbpedia.org/kko/rc/DietProgram
http://schema.org/RestrictedDiet,rdfs:subClassOf,http://kbpedia.org/kko/rc/DietProgram
http://schema.org/DepositAccount,owl:equivalentClass,http://kbpedia.org/kko/rc/DirectDepositAccount
http://schema.org/DisagreeAction,kko:superClassOf,http://kbpedia.org/kko/rc/Disapproving-CommunicationAct
http://schema.org/UnRegisterAction,rdfs:subClassOf,http://kbpedia.org/kko/rc/DiscontinuingAnActivity
http://schema.org/DiscoverAction,owl:equivalentClass,http://kbpedia.org/kko/rc/DiscoveringSomething
http://schema.org/DDxElement,rdfs:subClassOf,http://kbpedia.org/kko/rc/DiseaseType
http://schema.org/MedicalCause,kko:superClassOf,http://kbpedia.org/kko/rc/DiseaseType
http://schema.org/MedicalConditionStage,rdfs:subClassOf,http://kbpedia.org/kko/rc/DiseaseType
http://schema.org/DislikeAction,owl:equivalentClass,http://kbpedia.org/kko/rc/Dislike
http://schema.org/Distance,owl:equivalentClass,http://kbpedia.org/kko/rc/Distance
http://schema.org/Distillery,owl:equivalentClass,http://kbpedia.org/kko/rc/Distillery
http://schema.org/MedicalSpecialty,rdfs:subClassOf,http://kbpedia.org/kko/rc/Doctor-Medical
http://schema.org/Physician,owl:equivalentClass,http://kbpedia.org/kko/rc/Doctor-Medical
http://schema.org/DigitalDocument,rdfs:subClassOf,http://kbpedia.org/kko/rc/Document
http://schema.org/DrugStrength,rdfs:subClassOf,http://kbpedia.org/kko/rc/Dosage
http://schema.org/DoseSchedule,rdfs:subClassOf,http://kbpedia.org/kko/rc/DoseOfDrug
http://schema.org/MaximumDoseSchedule,rdfs:subClassOf,http://kbpedia.org/kko/rc/DoseOfDrug
http://schema.org/RecommendedDoseSchedule,rdfs:subClassOf,http://kbpedia.org/kko/rc/DoseOfDrug
http://schema.org/ReportedDoseSchedule,rdfs:subClassOf,http://kbpedia.org/kko/rc/DoseOfDrug
http://schema.org/DataDownload,rdfs:subClassOf,http://kbpedia.org/kko/rc/DownloadingAFile
http://schema.org/DownloadAction,kko:superClassOf,http://kbpedia.org/kko/rc/DownloadingAFile
http://schema.org/TheaterEvent,kko:superClassOf,http://kbpedia.org/kko/rc/DramaticPerformance
http://schema.org/DrawAction,owl:equivalentClass,http://kbpedia.org/kko/rc/Drawing-Depicting
http://schema.org/DrinkAction,owl:equivalentClass,http://kbpedia.org/kko/rc/DrinkingEvent
http://schema.org/DrugCost,owl:equivalentClass,http://kbpedia.org/kko/rc/DrugCost
http://schema.org/DrugPregnancyCategory,rdfs:subClassOf,http://kbpedia.org/kko/rc/DrugPregnancyType
http://schema.org/DrugClass,rdfs:subClassOf,http://kbpedia.org/kko/rc/DrugSubstance
http://schema.org/DrugLegalStatus,rdfs:subClassOf,http://kbpedia.org/kko/rc/DrugSubstance
http://schema.org/DrugPrescriptionStatus,rdfs:subClassOf,http://kbpedia.org/kko/rc/DrugSubstance
http://schema.org/DryCleaningOrLaundry,owl:equivalentClass,http://kbpedia.org/kko/rc/DryCleaningOrLaundry
http://schema.org/Ear,owl:equivalentClass,http://kbpedia.org/kko/rc/Ear
http://schema.org/EatAction,owl:equivalentClass,http://kbpedia.org/kko/rc/EatingEvent
http://schema.org/EBook,owl:equivalentClass,http://kbpedia.org/kko/rc/EBook
http://schema.org/TradeAction,rdfs:subClassOf,http://kbpedia.org/kko/rc/EconomicAction
http://schema.org/PublicationVolume,rdfs:subClassOf,http://kbpedia.org/kko/rc/EditionOfCWSeries-Periodic
http://schema.org/EducationEvent,rdfs:subClassOf,http://kbpedia.org/kko/rc/Education
http://schema.org/School,owl:equivalentClass,http://kbpedia.org/kko/rc/EducationalInstitution
http://schema.org/EducationalOrganization,owl:equivalentClass,http://kbpedia.org/kko/rc/EducationalOrganization
http://schema.org/Electrician,owl:equivalentClass,http://kbpedia.org/kko/rc/Electrician
http://schema.org/ElectronicsStore,owl:equivalentClass,http://kbpedia.org/kko/rc/ElectronicsStore
http://schema.org/ElementarySchool,owl:equivalentClass,http://kbpedia.org/kko/rc/ElementarySchool
http://schema.org/EmailMessage,rdfs:subClassOf,http://kbpedia.org/kko/rc/EMailCommunication
http://schema.org/Embassy,owl:equivalentClass,http://kbpedia.org/kko/rc/EmbassyBuilding
http://schema.org/Emergency,owl:equivalentClass,http://kbpedia.org/kko/rc/Emergency
http://schema.org/EmergencyService,owl:equivalentClass,http://kbpedia.org/kko/rc/EmergencyServicesOrganization
http://schema.org/EmployeeRole,kko:superClassOf,http://kbpedia.org/kko/rc/EmployeeTypeByWorkStatus
http://schema.org/EmploymentAgency,owl:equivalentClass,http://kbpedia.org/kko/rc/EmploymentAgency
http://schema.org/EndorseAction,owl:equivalentClass,http://kbpedia.org/kko/rc/Endorsing-CommunicationAct
http://schema.org/Energy,rdfs:subClassOf,http://kbpedia.org/kko/rc/EnergyQuantity
http://schema.org/PerformingGroup,rdfs:subClassOf,http://kbpedia.org/kko/rc/EntertainmentPerformer
http://schema.org/EntertainmentBusiness,kko:superClassOf,http://kbpedia.org/kko/rc/EntertainmentServiceCompany
http://schema.org/EntryPoint,owl:equivalentClass,http://kbpedia.org/kko/rc/EntryPointsFn
http://schema.org/AssessAction,kko:superClassOf,http://kbpedia.org/kko/rc/Evaluating
http://schema.org/ReviewAction,owl:equivalentClass,http://kbpedia.org/kko/rc/Evaluating
http://schema.org/EventVenue,rdfs:subClassOf,http://kbpedia.org/kko/rc/Event-Localized
http://schema.org/OnDemandEvent,rdfs:subClassOf,http://kbpedia.org/kko/rc/Event-Localized
http://schema.org/ExercisePlan,owl:equivalentClass,http://kbpedia.org/kko/rc/ExerciseRegimen
http://schema.org/ExerciseAction,owl:equivalentClass,http://kbpedia.org/kko/rc/Exercising
http://schema.org/ExhibitionEvent,owl:equivalentClass,http://kbpedia.org/kko/rc/Exhibit
http://schema.org/TechArticle,rdfs:subClassOf,http://kbpedia.org/kko/rc/ExpositoryArticle
http://schema.org/TakeAction,rdfs:subClassOf,http://kbpedia.org/kko/rc/ExpropriatingSomething
http://schema.org/Eye,owl:equivalentClass,http://kbpedia.org/kko/rc/Eye
http://schema.org/FastFoodRestaurant,owl:equivalentClass,http://kbpedia.org/kko/rc/FastFoodRestaurant-Organization
http://schema.org/Festival,owl:equivalentClass,http://kbpedia.org/kko/rc/Festival
http://schema.org/Specialty,rdfs:subClassOf,http://kbpedia.org/kko/rc/FieldOfStudy
http://schema.org/DigitalDocumentPermission,rdfs:subClassOf,http://kbpedia.org/kko/rc/FilePermission
http://schema.org/DigitalDocumentPermissionType,rdfs:subClassOf,http://kbpedia.org/kko/rc/FilePermission
http://schema.org/FilmAction,owl:equivalentClass,http://kbpedia.org/kko/rc/FilmingAVisualImage
http://schema.org/PaymentService,rdfs:subClassOf,http://kbpedia.org/kko/rc/FinancialCompany
http://schema.org/FinancialService,rdfs:subClassOf,http://kbpedia.org/kko/rc/FinancialOrganization
http://schema.org/FindAction,kko:superClassOf,http://kbpedia.org/kko/rc/FindingAPhysicalObject
http://schema.org/FireStation,owl:equivalentClass,http://kbpedia.org/kko/rc/FireStation
http://schema.org/State,owl:equivalentClass,http://kbpedia.org/kko/rc/FirstOrderAdministrativeDivision
http://schema.org/Flexibility,owl:equivalentClass,http://kbpedia.org/kko/rc/Flexibility
http://schema.org/Florist,owl:equivalentClass,http://kbpedia.org/kko/rc/FloristShop
http://schema.org/FollowAction,owl:equivalentClass,http://kbpedia.org/kko/rc/Following
http://schema.org/FoodEvent,owl:equivalentClass,http://kbpedia.org/kko/rc/FoodEvent
http://schema.org/FoodEstablishment,owl:equivalentClass,http://kbpedia.org/kko/rc/FoodServiceOrganization
http://schema.org/FoodService,rdfs:subClassOf,http://kbpedia.org/kko/rc/FoodServiceOrganization
http://schema.org/QAPage,rdfs:subClassOf,http://kbpedia.org/kko/rc/FrequentlyAskedQuestionsList
http://schema.org/InvestmentFund,rdfs:subClassOf,http://kbpedia.org/kko/rc/Funds
http://schema.org/Fungus,owl:equivalentClass,http://kbpedia.org/kko/rc/Fungus
http://schema.org/FurnitureStore,owl:equivalentClass,http://kbpedia.org/kko/rc/FurnitureStore
http://schema.org/ArtGallery,owl:equivalentClass,http://kbpedia.org/kko/rc/Gallery-ArtDisplayOrganization
http://schema.org/Game,owl:equivalentClass,http://kbpedia.org/kko/rc/Game
http://schema.org/GatedResidenceCommunity,owl:equivalentClass,http://kbpedia.org/kko/rc/GatedCommunity
http://schema.org/GeoCoordinates,owl:equivalentClass,http://kbpedia.org/kko/rc/Geocode
http://schema.org/GeospatialGeometry,rdfs:subClassOf,http://kbpedia.org/kko/rc/Geometry
http://schema.org/Geriatric,rdfs:subClassOf,http://kbpedia.org/kko/rc/Geriatrics-Field
http://schema.org/TipAction,owl:equivalentClass,http://kbpedia.org/kko/rc/GivingAGratuity
http://schema.org/GiveAction,owl:equivalentClass,http://kbpedia.org/kko/rc/GivingSomething
http://schema.org/GolfCourse,owl:equivalentClass,http://kbpedia.org/kko/rc/GolfCourse
http://schema.org/GovernmentBuilding,owl:equivalentClass,http://kbpedia.org/kko/rc/GovernmentalBuilding
http://schema.org/GovernmentOffice,rdfs:subClassOf,http://kbpedia.org/kko/rc/GovernmentalOrganization
http://schema.org/GovernmentOrganization,owl:equivalentClass,http://kbpedia.org/kko/rc/GovernmentalOrganization
http://schema.org/GovernmentService,kko:superClassOf,http://kbpedia.org/kko/rc/GovernmentPaidService
http://schema.org/Cemetery,owl:equivalentClass,http://kbpedia.org/kko/rc/Graveyard
http://schema.org/GroceryStore,owl:equivalentClass,http://kbpedia.org/kko/rc/GroceryStore
http://schema.org/ProgramMembership,rdfs:subClassOf,http://kbpedia.org/kko/rc/Group
http://schema.org/JoinAction,rdfs:subClassOf,http://kbpedia.org/kko/rc/GroupTransferIn
http://schema.org/MedicalGuideline,rdfs:subClassOf,http://kbpedia.org/kko/rc/Guideline
http://schema.org/MedicalGuidelineContraindication,rdfs:subClassOf,http://kbpedia.org/kko/rc/Guideline
http://schema.org/MedicalGuidelineRecommendation,rdfs:subClassOf,http://kbpedia.org/kko/rc/Guideline
http://schema.org/ExerciseGym,owl:equivalentClass,http://kbpedia.org/kko/rc/Gymnasium-Facility
http://schema.org/Gynecologic,rdfs:subClassOf,http://kbpedia.org/kko/rc/Gynecology
http://schema.org/BeautySalon,owl:equivalentClass,http://kbpedia.org/kko/rc/HairSalon
http://schema.org/HairSalon,owl:equivalentClass,http://kbpedia.org/kko/rc/HairSalon
http://schema.org/HardwareStore,owl:equivalentClass,http://kbpedia.org/kko/rc/HardwareStore
http://schema.org/Head,owl:equivalentClass,http://kbpedia.org/kko/rc/Head-AnimalBodyPart
http://schema.org/LifestyleModification,rdfs:subClassOf,http://kbpedia.org/kko/rc/HealthCare
http://schema.org/MedicalEntity,rdfs:subClassOf,http://kbpedia.org/kko/rc/HealthCare
http://schema.org/MedicalEvidenceLevel,rdfs:subClassOf,http://kbpedia.org/kko/rc/HealthCare
http://schema.org/MedicalRiskCalculator,rdfs:subClassOf,http://kbpedia.org/kko/rc/HealthCare
http://schema.org/MedicalRiskEstimator,rdfs:subClassOf,http://kbpedia.org/kko/rc/HealthCare
http://schema.org/MedicalRiskFactor,rdfs:subClassOf,http://kbpedia.org/kko/rc/HealthCare
http://schema.org/MedicalRiskScore,rdfs:subClassOf,http://kbpedia.org/kko/rc/HealthCare
http://schema.org/WesternConventional,rdfs:subClassOf,http://kbpedia.org/kko/rc/HealthCare
http://schema.org/HealthClub,owl:equivalentClass,http://kbpedia.org/kko/rc/HealthClub
http://schema.org/CollegeOrUniversity,rdfs:subClassOf,http://kbpedia.org/kko/rc/HigherEducationInstitution
http://schema.org/HighSchool,owl:equivalentClass,http://kbpedia.org/kko/rc/HighSchool
http://schema.org/HinduTemple,owl:equivalentClass,http://kbpedia.org/kko/rc/HinduTemple
http://schema.org/LandmarksOrHistoricalBuildings,kko:superClassOf,http://kbpedia.org/kko/rc/HistoricBuilding
http://schema.org/HobbyShop,owl:equivalentClass,http://kbpedia.org/kko/rc/HobbyShop
http://schema.org/GeneralContractor,kko:superClassOf,http://kbpedia.org/kko/rc/HomeBuilder
http://schema.org/HomeGoodsStore,owl:equivalentClass,http://kbpedia.org/kko/rc/HomeGoodsStore
http://schema.org/Hospital,owl:equivalentClass,http://kbpedia.org/kko/rc/Hospital
http://schema.org/Hostel,owl:equivalentClass,http://kbpedia.org/kko/rc/Hostel
http://schema.org/Hotel,owl:equivalentClass,http://kbpedia.org/kko/rc/HotelOrganization
http://schema.org/LodgingReservation,owl:equivalentClass,http://kbpedia.org/kko/rc/HotelReservation
http://schema.org/HotelRoom,owl:equivalentClass,http://kbpedia.org/kko/rc/HotelRoom
http://schema.org/House,owl:equivalentClass,http://kbpedia.org/kko/rc/House-Modern
http://schema.org/HousePainter,owl:equivalentClass,http://kbpedia.org/kko/rc/Housepainter
http://schema.org/HVACBusiness,owl:equivalentClass,http://kbpedia.org/kko/rc/HVACBusiness
http://schema.org/LinkRole,rdfs:subClassOf,http://kbpedia.org/kko/rc/Hyperlink
http://schema.org/PublicationEvent,rdfs:subClassOf,http://kbpedia.org/kko/rc/IBOCreation
http://schema.org/IceCreamShop,owl:equivalentClass,http://kbpedia.org/kko/rc/IceCreamParlor
http://schema.org/MedicalCode,rdfs:subClassOf,http://kbpedia.org/kko/rc/IDString
http://schema.org/IgnoreAction,owl:equivalentClass,http://kbpedia.org/kko/rc/IgnoringSomething
http://schema.org/ImageGallery,owl:equivalentClass,http://kbpedia.org/kko/rc/ImageGallery
http://schema.org/InfectiousAgentClass,rdfs:subClassOf,http://kbpedia.org/kko/rc/InfectiousDiseaseType
http://schema.org/InfectiousDisease,rdfs:subClassOf,http://kbpedia.org/kko/rc/InfectiousDiseaseType
http://schema.org/AddAction,owl:equivalentClass,http://kbpedia.org/kko/rc/InformationAdding
http://schema.org/DeleteAction,kko:superClassOf,http://kbpedia.org/kko/rc/InformationRemoving
http://schema.org/AppendAction,kko:superClassOf,http://kbpedia.org/kko/rc/InformationUpdating
http://schema.org/PrependAction,rdfs:subClassOf,http://kbpedia.org/kko/rc/InformationUpdating
http://schema.org/UpdateAction,kko:superClassOf,http://kbpedia.org/kko/rc/InformationUpdating
http://schema.org/InformAction,owl:equivalentClass,http://kbpedia.org/kko/rc/Informing
http://schema.org/ConsumeAction,kko:superClassOf,http://kbpedia.org/kko/rc/Ingesting
http://schema.org/InsertAction,kko:superClassOf,http://kbpedia.org/kko/rc/InsertingARecordIntoADatabase
http://schema.org/InstallAction,kko:superClassOf,http://kbpedia.org/kko/rc/InstallingAnObject
http://schema.org/HowTo,rdfs:subClassOf,http://kbpedia.org/kko/rc/InstructionalWork
http://schema.org/HowToDirection,rdfs:subClassOf,http://kbpedia.org/kko/rc/InstructionalWork
http://schema.org/HowToItem,rdfs:subClassOf,http://kbpedia.org/kko/rc/InstructionalWork
http://schema.org/HowToSection,rdfs:subClassOf,http://kbpedia.org/kko/rc/InstructionalWork
http://schema.org/HowToStep,rdfs:subClassOf,http://kbpedia.org/kko/rc/InstructionalWork
http://schema.org/HowToTip,rdfs:subClassOf,http://kbpedia.org/kko/rc/InstructionalWork
http://schema.org/InsuranceAgency,rdfs:subClassOf,http://kbpedia.org/kko/rc/InsuranceOrganization
http://schema.org/Integer,owl:equivalentClass,http://kbpedia.org/kko/rc/Integer
http://schema.org/Audience,kko:superClassOf,http://kbpedia.org/kko/rc/IntendedAudience-InfoTopic
http://schema.org/BusinessAudience,rdfs:subClassOf,http://kbpedia.org/kko/rc/IntendedAudience-InfoTopic
http://schema.org/EducationalAudience,rdfs:subClassOf,http://kbpedia.org/kko/rc/IntendedAudience-InfoTopic
http://schema.org/MedicalAudience,rdfs:subClassOf,http://kbpedia.org/kko/rc/IntendedAudience-InfoTopic
http://schema.org/MedicalAudience,rdfs:subClassOf,http://kbpedia.org/kko/rc/IntendedAudience-InfoTopic
http://schema.org/ParentAudience,rdfs:subClassOf,http://kbpedia.org/kko/rc/IntendedAudience-InfoTopic
http://schema.org/PeopleAudience,rdfs:subClassOf,http://kbpedia.org/kko/rc/IntendedAudience-InfoTopic
http://schema.org/InteractAction,owl:equivalentClass,http://kbpedia.org/kko/rc/InterAgentSituation
http://schema.org/InternetCafe,owl:equivalentClass,http://kbpedia.org/kko/rc/InternetCafe-Organization
http://schema.org/FinancialProduct,rdfs:subClassOf,http://kbpedia.org/kko/rc/InvestmentVehicle
http://schema.org/InvestmentOrDeposit,kko:superClassOf,http://kbpedia.org/kko/rc/InvestmentVehicle
http://schema.org/InviteAction,owl:equivalentClass,http://kbpedia.org/kko/rc/Inviting-CommunicationAct
http://schema.org/ItemAvailability,owl:equivalentClass,http://kbpedia.org/kko/rc/ItemAvailability
http://schema.org/ItemPage,owl:equivalentClass,http://kbpedia.org/kko/rc/ItemPage
http://schema.org/JewelryStore,owl:equivalentClass,http://kbpedia.org/kko/rc/JewelryStore
http://schema.org/JobPosting,rdfs:subClassOf,http://kbpedia.org/kko/rc/JobOpen
http://schema.org/Joint,owl:equivalentClass,http://kbpedia.org/kko/rc/Joint-AnimalBodyPart
http://schema.org/AnimalShelter,rdfs:subClassOf,http://kbpedia.org/kko/rc/Kennel-Organization
http://schema.org/LakeBodyOfWater,owl:equivalentClass,http://kbpedia.org/kko/rc/Lake
http://schema.org/Landform,owl:equivalentClass,http://kbpedia.org/kko/rc/LandTopographicalFeature
http://schema.org/Language,rdfs:subClassOf,http://kbpedia.org/kko/rc/Language
http://schema.org/LegalForceStatus,rdfs:subClassOf,http://kbpedia.org/kko/rc/Law
http://schema.org/LegalValueLevel,rdfs:subClassOf,http://kbpedia.org/kko/rc/Law
http://schema.org/Legislation,owl:equivalentClass,http://kbpedia.org/kko/rc/Law
http://schema.org/LegislationObject,rdfs:subClassOf,http://kbpedia.org/kko/rc/Law
http://schema.org/Attorney,kko:superClassOf,http://kbpedia.org/kko/rc/LawFirm
http://schema.org/GardenStore,rdfs:subClassOf,http://kbpedia.org/kko/rc/LawnAndGardenStore
http://schema.org/CheckOutAction,rdfs:subClassOf,http://kbpedia.org/kko/rc/LeavingAPlace
http://schema.org/DepartAction,kko:superClassOf,http://kbpedia.org/kko/rc/LeavingAPlace
http://schema.org/LeaveAction,kko:superClassOf,http://kbpedia.org/kko/rc/LeavingAPlace
http://schema.org/LegalService,kko:superClassOf,http://kbpedia.org/kko/rc/LegalCounsellingService
http://schema.org/TouristDestination,rdfs:subClassOf,http://kbpedia.org/kko/rc/LeisureFacility
http://schema.org/LendAction,owl:equivalentClass,http://kbpedia.org/kko/rc/Lending
http://schema.org/QualitativeValue,rdfs:subClassOf,http://kbpedia.org/kko/rc/LevelOfQuality
http://schema.org/Library,owl:equivalentClass,http://kbpedia.org/kko/rc/Library-Organization
http://schema.org/LibrarySystem,owl:equivalentClass,http://kbpedia.org/kko/rc/Library-Organization
http://schema.org/Ligament,owl:equivalentClass,http://kbpedia.org/kko/rc/Ligament
http://schema.org/LikeAction,owl:equivalentClass,http://kbpedia.org/kko/rc/Like
http://schema.org/LiquorStore,owl:equivalentClass,http://kbpedia.org/kko/rc/LiquorStore
http://schema.org/BreadcrumbList,rdfs:subClassOf,http://kbpedia.org/kko/rc/List-CW
http://schema.org/ItemList,owl:equivalentClass,http://kbpedia.org/kko/rc/List-CW
http://schema.org/ListItem,rdfs:subClassOf,http://kbpedia.org/kko/rc/List-CW
http://schema.org/Enumeration,rdfs:subClassOf,http://kbpedia.org/kko/rc/List-Information
http://schema.org/MedicalEnumeration,rdfs:subClassOf,http://kbpedia.org/kko/rc/List-Information
http://schema.org/ListenAction,kko:superClassOf,http://kbpedia.org/kko/rc/ListeningDeliberately
http://schema.org/LiteraryEvent,owl:equivalentClass,http://kbpedia.org/kko/rc/LiteraryEvent
http://schema.org/LiveAlbum,owl:equivalentClass,http://kbpedia.org/kko/rc/LiveAlbum
http://schema.org/LoanOrCredit,kko:superClassOf,http://kbpedia.org/kko/rc/LoanAgreement
http://schema.org/LocationFeatureSpecification,rdfs:subClassOf,http://kbpedia.org/kko/rc/LocationAttributes
http://schema.org/Locksmith,owl:equivalentClass,http://kbpedia.org/kko/rc/Locksmith
http://schema.org/LodgingBusiness,rdfs:subClassOf,http://kbpedia.org/kko/rc/LodgingOrganization
http://schema.org/SearchAction,owl:equivalentClass,http://kbpedia.org/kko/rc/LookingForSomething
http://schema.org/Lung,owl:equivalentClass,http://kbpedia.org/kko/rc/Lung
http://schema.org/LymphaticVessel,rdfs:subClassOf,http://kbpedia.org/kko/rc/LymphaticSystem
http://schema.org/PostalAddress,owl:equivalentClass,http://kbpedia.org/kko/rc/MailingAddress
http://schema.org/ReserveAction,owl:equivalentClass,http://kbpedia.org/kko/rc/MakingAReservation
http://schema.org/BrokerageAccount,rdfs:subClassOf,http://kbpedia.org/kko/rc/ManagedAccount
http://schema.org/IndividualProduct,kko:superClassOf,http://kbpedia.org/kko/rc/ManufacturedGood
http://schema.org/Map,owl:equivalentClass,http://kbpedia.org/kko/rc/Map
http://schema.org/MapCategoryType,rdfs:subClassOf,http://kbpedia.org/kko/rc/Map
http://schema.org/ParkingMap,rdfs:subClassOf,http://kbpedia.org/kko/rc/Map
http://schema.org/SeatingMap,rdfs:subClassOf,http://kbpedia.org/kko/rc/Map
http://schema.org/TransitMap,rdfs:subClassOf,http://kbpedia.org/kko/rc/Map
http://schema.org/VenueMap,rdfs:subClassOf,http://kbpedia.org/kko/rc/Map
http://schema.org/BookmarkAction,rdfs:subClassOf,http://kbpedia.org/kko/rc/MarkingForIdentification
http://schema.org/Mass,owl:equivalentClass,http://kbpedia.org/kko/rc/Mass
http://schema.org/MediaObject,owl:equivalentClass,http://kbpedia.org/kko/rc/MediaObject
http://schema.org/BroadcastService,rdfs:subClassOf,http://kbpedia.org/kko/rc/MediaOrganization
http://schema.org/CreativeWorkSeason,rdfs:subClassOf,http://kbpedia.org/kko/rc/MediaSeriesProduct
http://schema.org/MedicalOrganization,owl:equivalentClass,http://kbpedia.org/kko/rc/MedicalCareOrganization
http://schema.org/MedicalSpecialty,rdfs:subClassOf,http://kbpedia.org/kko/rc/MedicalCareProfessional
http://schema.org/MedicalClinic,owl:equivalentClass,http://kbpedia.org/kko/rc/MedicalClinic
http://schema.org/MedicalDevice,owl:equivalentClass,http://kbpedia.org/kko/rc/MedicalDevice
http://schema.org/MedicalDevicePurpose,rdfs:subClassOf,http://kbpedia.org/kko/rc/MedicalDevice
http://schema.org/MedicalImagingTechnique,rdfs:subClassOf,http://kbpedia.org/kko/rc/MedicalDevice
http://schema.org/DiagnosticProcedure,rdfs:subClassOf,http://kbpedia.org/kko/rc/MedicalDiagnosis
http://schema.org/MedicineSystem,rdfs:subClassOf,http://kbpedia.org/kko/rc/MedicalFieldOfStudy
http://schema.org/OTC,rdfs:subClassOf,http://kbpedia.org/kko/rc/MedicalFieldOfStudy
http://schema.org/HealthInsurancePlan,rdfs:subClassOf,http://kbpedia.org/kko/rc/MedicalInsurance
http://schema.org/HealthPlanCostSharingSpecification,rdfs:subClassOf,http://kbpedia.org/kko/rc/MedicalInsurance
http://schema.org/HealthPlanFormulary,rdfs:subClassOf,http://kbpedia.org/kko/rc/MedicalInsurance
http://schema.org/HealthPlanNetwork,rdfs:subClassOf,http://kbpedia.org/kko/rc/MedicalInsurance
http://schema.org/DiagnosticLab,rdfs:subClassOf,http://kbpedia.org/kko/rc/MedicalLaboratory
http://schema.org/Patient,owl:equivalentClass,http://kbpedia.org/kko/rc/MedicalPatient
http://schema.org/MedicalProcedure,owl:equivalentClass,http://kbpedia.org/kko/rc/MedicalProcedure
http://schema.org/MedicalProcedureType,rdfs:subClassOf,http://kbpedia.org/kko/rc/MedicalProcedure
http://schema.org/PalliativeProcedure,rdfs:subClassOf,http://kbpedia.org/kko/rc/MedicalProcedure
http://schema.org/DiagnosticProcedure,rdfs:subClassOf,http://kbpedia.org/kko/rc/MedicalProcedure-Diagnostic
http://schema.org/MedicalObservationalStudy,rdfs:subClassOf,http://kbpedia.org/kko/rc/MedicalResearch
http://schema.org/MedicalObservationalStudyDesign,rdfs:subClassOf,http://kbpedia.org/kko/rc/MedicalResearch
http://schema.org/MedicalStudy,rdfs:subClassOf,http://kbpedia.org/kko/rc/MedicalResearch
http://schema.org/MedicalStudyStatus,rdfs:subClassOf,http://kbpedia.org/kko/rc/MedicalResearch
http://schema.org/Clinician,rdfs:subClassOf,http://kbpedia.org/kko/rc/MedicalSpecialistType
http://schema.org/ImagingTest,rdfs:subClassOf,http://kbpedia.org/kko/rc/MedicalTesting
http://schema.org/MedicalTest,owl:equivalentClass,http://kbpedia.org/kko/rc/MedicalTesting
http://schema.org/PathologyTest,rdfs:subClassOf,http://kbpedia.org/kko/rc/MedicalTesting
http://schema.org/MedicalTestPanel,owl:equivalentClass,http://kbpedia.org/kko/rc/MedicalTestKit
http://schema.org/MedicalTherapy,owl:equivalentClass,http://kbpedia.org/kko/rc/MedicalTreatmentEvent
http://schema.org/RadiationTherapy,rdfs:subClassOf,http://kbpedia.org/kko/rc/MedicalTreatmentEvent
http://schema.org/TherapeuticProcedure,rdfs:subClassOf,http://kbpedia.org/kko/rc/MedicalTreatmentEvent
http://schema.org/MensClothingStore,owl:equivalentClass,http://kbpedia.org/kko/rc/MensClothingStore
http://schema.org/Message,owl:equivalentClass,http://kbpedia.org/kko/rc/Message
http://schema.org/MiddleSchool,owl:equivalentClass,http://kbpedia.org/kko/rc/MiddleSchool
http://schema.org/Midwifery,owl:equivalentClass,http://kbpedia.org/kko/rc/Midwifery
http://schema.org/MobilePhoneStore,owl:equivalentClass,http://kbpedia.org/kko/rc/MobilePhoneStore
http://schema.org/Substance,rdfs:subClassOf,http://kbpedia.org/kko/rc/MolecularStuff
http://schema.org/CompoundPriceSpecification,rdfs:subClassOf,http://kbpedia.org/kko/rc/MonetaryValue
http://schema.org/DeliveryChargeSpecification,rdfs:subClassOf,http://kbpedia.org/kko/rc/MonetaryValue
http://schema.org/MonetaryAmount,owl:equivalentClass,http://kbpedia.org/kko/rc/MonetaryValue
http://schema.org/MonetaryAmountDistribution,rdfs:subClassOf,http://kbpedia.org/kko/rc/MonetaryValue
http://schema.org/PaymentChargeSpecification,rdfs:subClassOf,http://kbpedia.org/kko/rc/MonetaryValue
http://schema.org/PriceSpecification,rdfs:subClassOf,http://kbpedia.org/kko/rc/MonetaryValue
http://schema.org/UnitPriceSpecification,rdfs:subClassOf,http://kbpedia.org/kko/rc/MonetaryValue
http://schema.org/PaymentCard,rdfs:subClassOf,http://kbpedia.org/kko/rc/MoneyTenderType
http://schema.org/MortgageLoan,owl:equivalentClass,http://kbpedia.org/kko/rc/MortgageLoan
http://schema.org/Mosque,owl:equivalentClass,http://kbpedia.org/kko/rc/Mosque
http://schema.org/Motel,owl:equivalentClass,http://kbpedia.org/kko/rc/Motel
http://schema.org/Motorcycle,owl:equivalentClass,http://kbpedia.org/kko/rc/Motorcycle
http://schema.org/MotorcycleDealer,owl:equivalentClass,http://kbpedia.org/kko/rc/MotorcycleDealer
http://schema.org/MotorcycleRepair,owl:equivalentClass,http://kbpedia.org/kko/rc/MotorcycleRepair
http://schema.org/MotorizedBicycle,owl:equivalentClass,http://kbpedia.org/kko/rc/MotorizedBicycle
http://schema.org/Mountain,owl:equivalentClass,http://kbpedia.org/kko/rc/Mountain
http://schema.org/MoveAction,kko:superClassOf,http://kbpedia.org/kko/rc/Movement-TranslationEvent
http://schema.org/Movie,owl:equivalentClass,http://kbpedia.org/kko/rc/Movie
http://schema.org/MovieRentalStore,owl:equivalentClass,http://kbpedia.org/kko/rc/MovieRentalStore
http://schema.org/MovieSeries,owl:equivalentClass,http://kbpedia.org/kko/rc/MovieSeriesProduct
http://schema.org/ScreeningEvent,owl:equivalentClass,http://kbpedia.org/kko/rc/MovieShowing
http://schema.org/MovingCompany,owl:equivalentClass,http://kbpedia.org/kko/rc/MovingCompany
http://schema.org/Suite,owl:equivalentClass,http://kbpedia.org/kko/rc/MultiRoomUnit
http://schema.org/Muscle,owl:equivalentClass,http://kbpedia.org/kko/rc/Muscle
http://schema.org/Museum,rdfs:subClassOf,http://kbpedia.org/kko/rc/Museum-Organization
http://schema.org/Music,owl:equivalentClass,http://kbpedia.org/kko/rc/Music
http://schema.org/MusicComposition,owl:equivalentClass,http://kbpedia.org/kko/rc/MusicalComposition
http://schema.org/MusicEvent,owl:equivalentClass,http://kbpedia.org/kko/rc/MusicalPerformance
http://schema.org/MusicGroup,owl:equivalentClass,http://kbpedia.org/kko/rc/MusicPerformanceOrganization
http://schema.org/MusicStore,owl:equivalentClass,http://kbpedia.org/kko/rc/MusicStore
http://schema.org/MusicPlaylist,kko:superClassOf,http://kbpedia.org/kko/rc/MusicTrack
http://schema.org/MusicVenue,owl:equivalentClass,http://kbpedia.org/kko/rc/MusicVenue
http://schema.org/MusicVideoObject,owl:equivalentClass,http://kbpedia.org/kko/rc/MusicVideo
http://schema.org/NailSalon,owl:equivalentClass,http://kbpedia.org/kko/rc/NailSalon
http://schema.org/Neck,owl:equivalentClass,http://kbpedia.org/kko/rc/Neck-AnimalBodyPart
http://schema.org/Nerve,owl:equivalentClass,http://kbpedia.org/kko/rc/Nerve
http://schema.org/Newspaper,owl:equivalentClass,http://kbpedia.org/kko/rc/Newspaper
http://schema.org/AnalysisNewsArticle,rdfs:subClassOf,http://kbpedia.org/kko/rc/NewspaperArticle
http://schema.org/AskPublicNewsArticle,rdfs:subClassOf,http://kbpedia.org/kko/rc/NewspaperArticle
http://schema.org/BackgroundNewsArticle,rdfs:subClassOf,http://kbpedia.org/kko/rc/NewspaperArticle
http://schema.org/NewsArticle,owl:equivalentClass,http://kbpedia.org/kko/rc/NewspaperArticle
http://schema.org/OpinionNewsArticle,rdfs:subClassOf,http://kbpedia.org/kko/rc/NewspaperArticle
http://schema.org/ReportageNewsArticle,rdfs:subClassOf,http://kbpedia.org/kko/rc/NewspaperArticle
http://schema.org/ReviewNewsArticle,rdfs:subClassOf,http://kbpedia.org/kko/rc/NewspaperArticle
http://schema.org/NightClub,owl:equivalentClass,http://kbpedia.org/kko/rc/NightClub
http://schema.org/NGO,owl:equivalentClass,http://kbpedia.org/kko/rc/NonGovernmentalOrganization
http://schema.org/Nose,owl:equivalentClass,http://kbpedia.org/kko/rc/Nose
http://schema.org/Notary,owl:equivalentClass,http://kbpedia.org/kko/rc/NotaryPublic
http://schema.org/NoteDigitalDocument,rdfs:subClassOf,http://kbpedia.org/kko/rc/Note-Document
http://schema.org/Number,owl:equivalentClass,http://kbpedia.org/kko/rc/Number-General
http://schema.org/Nursing,owl:equivalentClass,http://kbpedia.org/kko/rc/Nursing
http://schema.org/DietNutrition,rdfs:subClassOf,http://kbpedia.org/kko/rc/Nutrition
http://schema.org/NutritionInformation,owl:equivalentClass,http://kbpedia.org/kko/rc/NutritionInformation
http://schema.org/ViewAction,owl:equivalentClass,http://kbpedia.org/kko/rc/Observing
http://schema.org/Obstetric,rdfs:subClassOf,http://kbpedia.org/kko/rc/Obstetrics
http://schema.org/OceanBodyOfWater,owl:equivalentClass,http://kbpedia.org/kko/rc/Ocean
http://schema.org/Offer,kko:superClassOf,http://kbpedia.org/kko/rc/OfferingForSale
http://schema.org/OfferItemCondition,owl:equivalentClass,http://kbpedia.org/kko/rc/OfferItemCondition
http://schema.org/OfficeEquipmentStore,owl:equivalentClass,http://kbpedia.org/kko/rc/OfficeSupplyStore
http://schema.org/Oncologic,rdfs:subClassOf,http://kbpedia.org/kko/rc/Oncology
http://schema.org/Optician,rdfs:subClassOf,http://kbpedia.org/kko/rc/OptometricServicesProvider
http://schema.org/Optometric,rdfs:subClassOf,http://kbpedia.org/kko/rc/Optometry
http://schema.org/ItemListOrderType,rdfs:subClassOf,http://kbpedia.org/kko/rc/OrderedListType
http://schema.org/Order,kko:superClassOf,http://kbpedia.org/kko/rc/OrderForm
http://schema.org/OrderItem,rdfs:subClassOf,http://kbpedia.org/kko/rc/OrderForm
http://schema.org/OrderAction,owl:equivalentClass,http://kbpedia.org/kko/rc/Ordering-CommunicationAct
http://schema.org/PreOrderAction,rdfs:subClassOf,http://kbpedia.org/kko/rc/Ordering-CommunicationAct
http://schema.org/Organization,owl:equivalentClass,http://kbpedia.org/kko/rc/Organization
http://schema.org/OrganizeAction,owl:equivalentClass,http://kbpedia.org/kko/rc/Organizing
http://schema.org/TraditionalChinese,rdfs:subClassOf,http://kbpedia.org/kko/rc/OrientalMedicine
http://schema.org/Osteopathic,owl:equivalentClass,http://kbpedia.org/kko/rc/OsteopathicMedicine
http://schema.org/Otolaryngologic,rdfs:subClassOf,http://kbpedia.org/kko/rc/Otolaryngology
http://schema.org/OutletStore,owl:equivalentClass,http://kbpedia.org/kko/rc/OutletStore
http://schema.org/PaintAction,owl:equivalentClass,http://kbpedia.org/kko/rc/Painting-Activity
http://schema.org/Painting,owl:equivalentClass,http://kbpedia.org/kko/rc/Painting-ArtForm
http://schema.org/Paperback,owl:equivalentClass,http://kbpedia.org/kko/rc/Paperback
http://schema.org/Park,owl:equivalentClass,http://kbpedia.org/kko/rc/Park
http://schema.org/ParkingFacility,owl:equivalentClass,http://kbpedia.org/kko/rc/ParkingGarage
http://schema.org/LegislativeBuilding,kko:superClassOf,http://kbpedia.org/kko/rc/ParliamentBuilding
http://schema.org/ServiceChannel,rdfs:subClassOf,http://kbpedia.org/kko/rc/Path-Generic
http://schema.org/PawnShop,owl:equivalentClass,http://kbpedia.org/kko/rc/PawnShop
http://schema.org/DrugCostCategory,rdfs:subClassOf,http://kbpedia.org/kko/rc/Paying
http://schema.org/PayAction,owl:equivalentClass,http://kbpedia.org/kko/rc/Paying
http://schema.org/MoneyTransfer,owl:equivalentClass,http://kbpedia.org/kko/rc/Paying-FulfillingAnObligation
http://schema.org/Pediatric,rdfs:subClassOf,http://kbpedia.org/kko/rc/PediatricMedicine
http://schema.org/Periodical,owl:equivalentClass,http://kbpedia.org/kko/rc/Periodical
http://schema.org/Periodicals,owl:equivalentClass,http://kbpedia.org/kko/rc/Periodical
http://schema.org/PublicationIssue,owl:equivalentClass,http://kbpedia.org/kko/rc/PeriodicalIssue
http://schema.org/PublicationsIssue,owl:equivalentClass,http://kbpedia.org/kko/rc/PeriodicalIssue
http://schema.org/GovernmentPermit,rdfs:subClassOf,http://kbpedia.org/kko/rc/Permission
http://schema.org/Permit,rdfs:subClassOf,http://kbpedia.org/kko/rc/Permission
http://schema.org/Person,owl:equivalentClass,http://kbpedia.org/kko/rc/Person
http://schema.org/GenderType,owl:equivalentClass,http://kbpedia.org/kko/rc/PersonTypeByGender
http://schema.org/Occupation,owl:equivalentClass,http://kbpedia.org/kko/rc/PersonTypeByOccupation
http://schema.org/PetStore,owl:equivalentClass,http://kbpedia.org/kko/rc/PetStore
http://schema.org/Pharmacy,owl:equivalentClass,http://kbpedia.org/kko/rc/Pharmacy
http://schema.org/Photograph,kko:superClassOf,http://kbpedia.org/kko/rc/PhotographAsArtForm
http://schema.org/PhysicalExam,kko:superClassOf,http://kbpedia.org/kko/rc/PhysicalExamination
http://schema.org/OccupationalTherapy,rdfs:subClassOf,http://kbpedia.org/kko/rc/PhysicalTherapy
http://schema.org/PhysicalTherapy,owl:equivalentClass,http://kbpedia.org/kko/rc/PhysicalTherapy
http://schema.org/Physiotherapy,rdfs:subClassOf,http://kbpedia.org/kko/rc/PhysicalTherapy
http://schema.org/MedicalSign,rdfs:subClassOf,http://kbpedia.org/kko/rc/PhysiologicalCondition
http://schema.org/MedicalSignOrSymptom,kko:superClassOf,http://kbpedia.org/kko/rc/PhysiologicalCondition
http://schema.org/PlanAction,owl:equivalentClass,http://kbpedia.org/kko/rc/Planning
http://schema.org/Playground,owl:equivalentClass,http://kbpedia.org/kko/rc/Playground
http://schema.org/PlayAction,owl:equivalentClass,http://kbpedia.org/kko/rc/Playing
http://schema.org/GamePlayMode,rdfs:subClassOf,http://kbpedia.org/kko/rc/PlayingAGame
http://schema.org/Plumber,kko:superClassOf,http://kbpedia.org/kko/rc/PlumbingServiceCompany
http://schema.org/Podiatric,rdfs:subClassOf,http://kbpedia.org/kko/rc/Podiatry
http://schema.org/PoliceStation,owl:equivalentClass,http://kbpedia.org/kko/rc/PoliceStation
http://schema.org/Pond,owl:equivalentClass,http://kbpedia.org/kko/rc/Pond
http://schema.org/DiscussionForumPosting,rdfs:subClassOf,http://kbpedia.org/kko/rc/PostingSomething
http://schema.org/SocialMediaPosting,rdfs:subClassOf,http://kbpedia.org/kko/rc/PostingSomething
http://schema.org/PostOffice,owl:equivalentClass,http://kbpedia.org/kko/rc/PostOfficeOrganization
http://schema.org/PrescriptionOnly,rdfs:subClassOf,http://kbpedia.org/kko/rc/PrescriptionDrug
http://schema.org/PresentationDigitalDocument,rdfs:subClassOf,http://kbpedia.org/kko/rc/Presentation
http://schema.org/PrimaryCare,owl:equivalentClass,http://kbpedia.org/kko/rc/PrimaryCare
http://schema.org/Prion,owl:equivalentClass,http://kbpedia.org/kko/rc/Prion
http://schema.org/SomeProducts,owl:equivalentClass,http://kbpedia.org/kko/rc/ProductType
http://schema.org/Brand,owl:equivalentClass,http://kbpedia.org/kko/rc/ProductTypeByBrand
http://schema.org/ProductModel,owl:equivalentClass,http://kbpedia.org/kko/rc/ProductTypeByBrandVersion
http://schema.org/ProfessionalService,owl:equivalentClass,http://kbpedia.org/kko/rc/ProfessionalServiceOrganization
http://schema.org/ProfilePage,owl:equivalentClass,http://kbpedia.org/kko/rc/ProfilePage
http://schema.org/Property,owl:equivalentClass,http://kbpedia.org/kko/rc/Property
http://schema.org/PropertyValue,rdfs:subClassOf,http://kbpedia.org/kko/rc/Property
http://schema.org/PropertyValueSpecification,rdfs:subClassOf,http://kbpedia.org/kko/rc/Property
http://schema.org/Text,owl:equivalentClass,http://kbpedia.org/kko/rc/PropositionalCWText
http://schema.org/TextDigitalDocument,rdfs:subClassOf,http://kbpedia.org/kko/rc/PropositionalCWText
http://schema.org/Protozoa,owl:equivalentClass,http://kbpedia.org/kko/rc/Protozoan
http://schema.org/CommentAction,rdfs:subClassOf,http://kbpedia.org/kko/rc/ProvidingFeedback
http://schema.org/Psychiatric,rdfs:subClassOf,http://kbpedia.org/kko/rc/Psychiatry
http://schema.org/PsychologicalTreatment,owl:equivalentClass,http://kbpedia.org/kko/rc/PsychologicalTherapy
http://schema.org/BroadcastEvent,rdfs:subClassOf,http://kbpedia.org/kko/rc/PublicEvent
http://schema.org/PublicHealth,owl:equivalentClass,http://kbpedia.org/kko/rc/PublicHealth
http://schema.org/PublicToilet,rdfs:subClassOf,http://kbpedia.org/kko/rc/PublicRestroom
http://schema.org/NewsMediaOrganization,rdfs:subClassOf,http://kbpedia.org/kko/rc/Publisher
http://schema.org/PerformAction,rdfs:subClassOf,http://kbpedia.org/kko/rc/PurposefulPhysicalAction
http://schema.org/PhysicalActivity,rdfs:subClassOf,http://kbpedia.org/kko/rc/PurposefulPhysicalAction
http://schema.org/PhysicalActivityCategory,rdfs:subClassOf,http://kbpedia.org/kko/rc/PurposefulPhysicalAction
http://schema.org/Quantity,owl:equivalentClass,http://kbpedia.org/kko/rc/Quantity
http://schema.org/QuantitativeValue,rdfs:subClassOf,http://kbpedia.org/kko/rc/QuantityType
http://schema.org/QuantitativeValueDistribution,rdfs:subClassOf,http://kbpedia.org/kko/rc/QuantityType
http://schema.org/Question,owl:equivalentClass,http://kbpedia.org/kko/rc/Question-IBT
http://schema.org/Quotation,owl:equivalentClass,http://kbpedia.org/kko/rc/Quotation
http://schema.org/BroadcastFrequencySpecification,rdfs:subClassOf,http://kbpedia.org/kko/rc/RadioFrequency
http://schema.org/RadioEpisode,rdfs:subClassOf,http://kbpedia.org/kko/rc/RadioShow
http://schema.org/RadioSeries,rdfs:subClassOf,http://kbpedia.org/kko/rc/RadioShow
http://schema.org/AMRadioChannel,owl:equivalentClass,http://kbpedia.org/kko/rc/RadioStation-AM
http://schema.org/FMRadioChannel,owl:equivalentClass,http://kbpedia.org/kko/rc/RadioStation-FM
http://schema.org/RadioStation,owl:equivalentClass,http://kbpedia.org/kko/rc/RadioStation-Organization
http://schema.org/TrainStation,owl:equivalentClass,http://kbpedia.org/kko/rc/RailroadStation
http://schema.org/EndorsementRating,rdfs:subClassOf,http://kbpedia.org/kko/rc/Rating
http://schema.org/Rating,owl:equivalentClass,http://kbpedia.org/kko/rc/Rating
http://schema.org/ReadAction,rdfs:subClassOf,http://kbpedia.org/kko/rc/Reading
http://schema.org/RealEstateAgent,rdfs:subClassOf,http://kbpedia.org/kko/rc/RealEstateFirm
http://schema.org/ReceiveAction,owl:equivalentClass,http://kbpedia.org/kko/rc/Receiving
http://schema.org/Recipe,owl:equivalentClass,http://kbpedia.org/kko/rc/Recipe
http://schema.org/Clip,rdfs:subClassOf,http://kbpedia.org/kko/rc/RecordedIBO
http://schema.org/MusicRecording,rdfs:subClassOf,http://kbpedia.org/kko/rc/RecordedSoundProduct
http://schema.org/MusicRelease,rdfs:subClassOf,http://kbpedia.org/kko/rc/RecordedSoundProduct
http://schema.org/MusicReleaseFormatType,rdfs:subClassOf,http://kbpedia.org/kko/rc/RecordedSoundProduct
http://schema.org/RecyclingCenter,owl:equivalentClass,http://kbpedia.org/kko/rc/RecyclingCenter
http://schema.org/RegisterAction,kko:superClassOf,http://kbpedia.org/kko/rc/RegisteringForAService
http://schema.org/ReimbursementCap,rdfs:subClassOf,http://kbpedia.org/kko/rc/Reimbursement
http://schema.org/RepaymentSpecification,rdfs:subClassOf,http://kbpedia.org/kko/rc/Reimbursement
http://schema.org/RejectAction,owl:equivalentClass,http://kbpedia.org/kko/rc/Rejecting-CommunicationAct
http://schema.org/RentAction,owl:equivalentClass,http://kbpedia.org/kko/rc/Renting
http://schema.org/ReplaceAction,owl:equivalentClass,http://kbpedia.org/kko/rc/ReplacingAnObject
http://schema.org/Answer,rdfs:subClassOf,http://kbpedia.org/kko/rc/ReplyingToAQuestion
http://schema.org/Report,owl:equivalentClass,http://kbpedia.org/kko/rc/ReportOnSituation
http://schema.org/AskAction,rdfs:subClassOf,http://kbpedia.org/kko/rc/RequestingInformation
http://schema.org/MedicalResearcher,rdfs:subClassOf,http://kbpedia.org/kko/rc/Researcher
http://schema.org/BusReservation,rdfs:subClassOf,http://kbpedia.org/kko/rc/Reservation
http://schema.org/EventReservation,owl:equivalentClass,http://kbpedia.org/kko/rc/Reservation
http://schema.org/RentalCarReservation,rdfs:subClassOf,http://kbpedia.org/kko/rc/Reservation
http://schema.org/Reservation,owl:equivalentClass,http://kbpedia.org/kko/rc/Reservation
http://schema.org/ReservationPackage,rdfs:subClassOf,http://kbpedia.org/kko/rc/Reservation
http://schema.org/Reservations,owl:equivalentClass,http://kbpedia.org/kko/rc/Reservation
http://schema.org/ReservationStatusType,rdfs:subClassOf,http://kbpedia.org/kko/rc/Reservation
http://schema.org/RsvpResponseType,kko:superClassOf,http://kbpedia.org/kko/rc/Reservation
http://schema.org/TaxiReservation,rdfs:subClassOf,http://kbpedia.org/kko/rc/Reservation
http://schema.org/TrainReservation,rdfs:subClassOf,http://kbpedia.org/kko/rc/Reservation
http://schema.org/FoodEstablishmentReservation,owl:equivalentClass,http://kbpedia.org/kko/rc/ReservationAtARestaurant
http://schema.org/Reservoir,owl:equivalentClass,http://kbpedia.org/kko/rc/Reservoir
http://schema.org/Residence,owl:equivalentClass,http://kbpedia.org/kko/rc/ResidentialBuilding
http://schema.org/Resort,owl:equivalentClass,http://kbpedia.org/kko/rc/ResortFacility
http://schema.org/ReplyAction,owl:equivalentClass,http://kbpedia.org/kko/rc/RespondingToAQuestion
http://schema.org/Restaurant,owl:equivalentClass,http://kbpedia.org/kko/rc/Restaurant
http://schema.org/Menu,owl:equivalentClass,http://kbpedia.org/kko/rc/RestaurantMenu
http://schema.org/MenuItem,rdfs:subClassOf,http://kbpedia.org/kko/rc/RestaurantMenu
http://schema.org/MenuSection,rdfs:subClassOf,http://kbpedia.org/kko/rc/RestaurantMenu
http://schema.org/Retail,owl:equivalentClass,http://kbpedia.org/kko/rc/Retail
http://schema.org/Store,rdfs:subClassOf,http://kbpedia.org/kko/rc/RetailOrganization
http://schema.org/ReturnAction,owl:equivalentClass,http://kbpedia.org/kko/rc/ReturningSomething
http://schema.org/ClaimReview,rdfs:subClassOf,http://kbpedia.org/kko/rc/Review
http://schema.org/CriticReview,rdfs:subClassOf,http://kbpedia.org/kko/rc/Review
http://schema.org/EmployerReview,rdfs:subClassOf,http://kbpedia.org/kko/rc/Review
http://schema.org/Review,owl:equivalentClass,http://kbpedia.org/kko/rc/Review
http://schema.org/UserReview,rdfs:subClassOf,http://kbpedia.org/kko/rc/Review
http://schema.org/BroadcastChannel,owl:equivalentClass,http://kbpedia.org/kko/rc/RFChannel
http://schema.org/RadioChannel,rdfs:subClassOf,http://kbpedia.org/kko/rc/RFChannel
http://schema.org/RiverBodyOfWater,owl:equivalentClass,http://kbpedia.org/kko/rc/River
http://schema.org/OrganizationRole,rdfs:subClassOf,http://kbpedia.org/kko/rc/Role
http://schema.org/PerformanceRole,rdfs:subClassOf,http://kbpedia.org/kko/rc/Role
http://schema.org/Role,owl:equivalentClass,http://kbpedia.org/kko/rc/Role
http://schema.org/RoofingContractor,owl:equivalentClass,http://kbpedia.org/kko/rc/RoofingContractor
http://schema.org/Room,owl:equivalentClass,http://kbpedia.org/kko/rc/RoomInAConstruction
http://schema.org/RVPark,owl:equivalentClass,http://kbpedia.org/kko/rc/RVPark
http://schema.org/SaleEvent,owl:equivalentClass,http://kbpedia.org/kko/rc/SaleEvent
http://schema.org/SellAction,owl:equivalentClass,http://kbpedia.org/kko/rc/SalesActivity
http://schema.org/Schedule,owl:equivalentClass,http://kbpedia.org/kko/rc/Schedule
http://schema.org/ScheduleAction,owl:equivalentClass,http://kbpedia.org/kko/rc/ScheduledAction
http://schema.org/MedicalScholarlyArticle,rdfs:subClassOf,http://kbpedia.org/kko/rc/ScholarlyArticle
http://schema.org/ScholarlyArticle,owl:equivalentClass,http://kbpedia.org/kko/rc/ScholarlyArticle
http://schema.org/Sculpture,owl:equivalentClass,http://kbpedia.org/kko/rc/Sculpture
http://schema.org/SeaBodyOfWater,owl:equivalentClass,http://kbpedia.org/kko/rc/Sea
http://schema.org/SearchResultsPage,owl:equivalentClass,http://kbpedia.org/kko/rc/SearchResultsPage
http://schema.org/ChooseAction,rdfs:subClassOf,http://kbpedia.org/kko/rc/SelectingSomething
http://schema.org/SelfStorage,owl:equivalentClass,http://kbpedia.org/kko/rc/SelfStorage
http://schema.org/SendAction,owl:equivalentClass,http://kbpedia.org/kko/rc/SendingSomething
http://schema.org/EventSeries,rdfs:subClassOf,http://kbpedia.org/kko/rc/Series
http://schema.org/GameServer,rdfs:subClassOf,http://kbpedia.org/kko/rc/ServerProgram
http://schema.org/GameServerStatus,rdfs:subClassOf,http://kbpedia.org/kko/rc/ServerProgram
http://schema.org/CableOrSatelliteService,rdfs:subClassOf,http://kbpedia.org/kko/rc/ServiceEstablishment
http://schema.org/GasStation,owl:equivalentClass,http://kbpedia.org/kko/rc/ServiceStation
http://schema.org/ShareAction,owl:equivalentClass,http://kbpedia.org/kko/rc/Sharing
http://schema.org/ShoeStore,owl:equivalentClass,http://kbpedia.org/kko/rc/ShoeStore
http://schema.org/ShoppingCenter,owl:equivalentClass,http://kbpedia.org/kko/rc/ShoppingCenter-Organization
http://schema.org/SingleFamilyResidence,owl:equivalentClass,http://kbpedia.org/kko/rc/SingleFamilyResidence
http://schema.org/ContactPoint,owl:equivalentClass,http://kbpedia.org/kko/rc/SingleSiteLocalOrganizationWithClients
http://schema.org/SiteNavigationElement,owl:equivalentClass,http://kbpedia.org/kko/rc/SiteNavigationElement
http://schema.org/Skin,owl:equivalentClass,http://kbpedia.org/kko/rc/Skin
http://schema.org/SkiResort,rdfs:subClassOf,http://kbpedia.org/kko/rc/SkiSportsArea
http://schema.org/OwnershipInfo,rdfs:subClassOf,http://kbpedia.org/kko/rc/SocialBeing
http://schema.org/SocialEvent,owl:equivalentClass,http://kbpedia.org/kko/rc/SocialOccurrence
http://schema.org/Sports,owl:equivalentClass,http://kbpedia.org/kko/rc/Sport
http://schema.org/SportingGoodsStore,owl:equivalentClass,http://kbpedia.org/kko/rc/SportingGoodsStore
http://schema.org/SportsClub,owl:equivalentClass,http://kbpedia.org/kko/rc/SportsClub
http://schema.org/SportsEvent,owl:equivalentClass,http://kbpedia.org/kko/rc/SportsEvent
http://schema.org/SportsOrganization,owl:equivalentClass,http://kbpedia.org/kko/rc/SportsOrganization
http://schema.org/SportsActivityLocation,kko:superClassOf,http://kbpedia.org/kko/rc/SportsPlayingArea
http://schema.org/SportsTeam,owl:equivalentClass,http://kbpedia.org/kko/rc/SportsTeam
http://schema.org/SpreadsheetDigitalDocument,owl:equivalentClass,http://kbpedia.org/kko/rc/SpreadsheetSoftware
http://schema.org/StadiumOrArena,owl:equivalentClass,http://kbpedia.org/kko/rc/Stadium
http://schema.org/ComedyEvent,kko:superClassOf,http://kbpedia.org/kko/rc/StandupComedy
http://schema.org/Claim,rdfs:subClassOf,http://kbpedia.org/kko/rc/Statement
http://schema.org/StrengthTraining,kko:superClassOf,http://kbpedia.org/kko/rc/StrengthConditioning
http://schema.org/StructuredValue,rdfs:subClassOf,http://kbpedia.org/kko/rc/StructuredInformationSource
http://schema.org/MediaSubscription,rdfs:subClassOf,http://kbpedia.org/kko/rc/SubscriberService
http://schema.org/SubwayStation,owl:equivalentClass,http://kbpedia.org/kko/rc/SubwayStation
http://schema.org/AchieveAction,rdfs:subClassOf,http://kbpedia.org/kko/rc/SuccessfulAction
http://schema.org/HowToSupply,rdfs:subClassOf,http://kbpedia.org/kko/rc/Supplies
http://schema.org/SurgicalProcedure,owl:equivalentClass,http://kbpedia.org/kko/rc/SurgicalProcedure
http://schema.org/PublicSwimmingPool,rdfs:subClassOf,http://kbpedia.org/kko/rc/SwimmingPool
http://schema.org/Synagogue,owl:equivalentClass,http://kbpedia.org/kko/rc/Synagogue
http://schema.org/Table,rdfs:subClassOf,http://kbpedia.org/kko/rc/Table-PCW
http://schema.org/PhotographAction,owl:equivalentClass,http://kbpedia.org/kko/rc/TakingAPhotograph
http://schema.org/TattooParlor,owl:equivalentClass,http://kbpedia.org/kko/rc/TattooStudio
http://schema.org/TaxiService,kko:superClassOf,http://kbpedia.org/kko/rc/TaxiCompany
http://schema.org/TaxiStand,owl:equivalentClass,http://kbpedia.org/kko/rc/TaxiStand
http://schema.org/TelevisionChannel,owl:equivalentClass,http://kbpedia.org/kko/rc/TelevisionChannel
http://schema.org/TelevisionStation,owl:equivalentClass,http://kbpedia.org/kko/rc/TelevisionStation
http://schema.org/PlaceOfWorship,kko:superClassOf,http://kbpedia.org/kko/rc/Temple
http://schema.org/PaymentMethod,rdfs:subClassOf,http://kbpedia.org/kko/rc/TenderObject
http://schema.org/TennisComplex,kko:superClassOf,http://kbpedia.org/kko/rc/TennisCourt
http://schema.org/DefinedTerm,rdfs:subClassOf,http://kbpedia.org/kko/rc/Terminology
http://schema.org/DefinedTermSet,rdfs:subClassOf,http://kbpedia.org/kko/rc/Terminology
http://schema.org/Service,kko:superClassOf,http://kbpedia.org/kko/rc/TertiarySectorService
http://schema.org/PerformingArtsTheater,rdfs:subClassOf,http://kbpedia.org/kko/rc/Theater-PhysicalStructure
http://schema.org/TheaterGroup,owl:equivalentClass,http://kbpedia.org/kko/rc/TheaterCompany
http://schema.org/RespiratoryTherapy,rdfs:subClassOf,http://kbpedia.org/kko/rc/Therapy
http://schema.org/Thesis,owl:equivalentClass,http://kbpedia.org/kko/rc/Thesis
http://schema.org/Throat,owl:equivalentClass,http://kbpedia.org/kko/rc/Throat
http://schema.org/Ticket,owl:equivalentClass,http://kbpedia.org/kko/rc/Ticket
http://schema.org/Seat,kko:superClassOf,http://kbpedia.org/kko/rc/TicketTypeBySitTypeAuthorized
http://schema.org/Duration,rdfs:subClassOf,http://kbpedia.org/kko/rc/Time-Quantity
http://schema.org/OpeningHoursSpecification,rdfs:subClassOf,http://kbpedia.org/kko/rc/TimeOfDay
http://schema.org/TireShop,owl:equivalentClass,http://kbpedia.org/kko/rc/TireShop
http://schema.org/HowToTool,rdfs:subClassOf,http://kbpedia.org/kko/rc/Tool
http://schema.org/TouristAttraction,owl:equivalentClass,http://kbpedia.org/kko/rc/TouristAttraction
http://schema.org/TouristInformationCenter,owl:equivalentClass,http://kbpedia.org/kko/rc/TouristInformationCenter
http://schema.org/ToyStore,owl:equivalentClass,http://kbpedia.org/kko/rc/ToyStore
http://schema.org/TrackAction,owl:equivalentClass,http://kbpedia.org/kko/rc/TrackingAnObject
http://schema.org/WorkersUnion,owl:equivalentClass,http://kbpedia.org/kko/rc/TradeUnion
http://schema.org/TransferAction,owl:equivalentClass,http://kbpedia.org/kko/rc/TransferringPossession
http://schema.org/Vehicle,owl:equivalentClass,http://kbpedia.org/kko/rc/TransportationDevice-Vehicle
http://schema.org/BusTrip,rdfs:subClassOf,http://kbpedia.org/kko/rc/Travel-TripEvent
http://schema.org/TouristTrip,rdfs:subClassOf,http://kbpedia.org/kko/rc/Travel-TripEvent
http://schema.org/TrainTrip,rdfs:subClassOf,http://kbpedia.org/kko/rc/Travel-TripEvent
http://schema.org/TravelAction,kko:superClassOf,http://kbpedia.org/kko/rc/Travel-TripEvent
http://schema.org/Trip,owl:equivalentClass,http://kbpedia.org/kko/rc/Travel-TripEvent
http://schema.org/TravelAgency,owl:equivalentClass,http://kbpedia.org/kko/rc/TravelAgency
http://schema.org/TVSeason,owl:equivalentClass,http://kbpedia.org/kko/rc/TVSeason
http://schema.org/TVSeries,owl:equivalentClass,http://kbpedia.org/kko/rc/TVSeriesProduct
http://schema.org/TVEpisode,owl:equivalentClass,http://kbpedia.org/kko/rc/TVShow-Single
http://schema.org/Ultrasound,owl:equivalentClass,http://kbpedia.org/kko/rc/Ultrasound
http://schema.org/UserBlocks,owl:equivalentClass,http://kbpedia.org/kko/rc/UserBlock
http://schema.org/UserCheckins,owl:equivalentClass,http://kbpedia.org/kko/rc/UserCheckin
http://schema.org/UserComments,owl:equivalentClass,http://kbpedia.org/kko/rc/UserComment
http://schema.org/UserDownloads,owl:equivalentClass,http://kbpedia.org/kko/rc/UserDownload
http://schema.org/UserLikes,owl:equivalentClass,http://kbpedia.org/kko/rc/UserLikes
http://schema.org/UserPageVisits,owl:equivalentClass,http://kbpedia.org/kko/rc/UserPageVisit
http://schema.org/UserPlays,owl:equivalentClass,http://kbpedia.org/kko/rc/UserPlays
http://schema.org/UserPlusOnes,owl:equivalentClass,http://kbpedia.org/kko/rc/UserPlusOnes
http://schema.org/UserTweets,owl:equivalentClass,http://kbpedia.org/kko/rc/UserTweets
http://schema.org/UseAction,kko:superClassOf,http://kbpedia.org/kko/rc/UsingADevice
http://schema.org/DriveWheelConfigurationValue,rdfs:subClassOf,http://kbpedia.org/kko/rc/VehicleDriveTrainType
http://schema.org/Vein,owl:equivalentClass,http://kbpedia.org/kko/rc/Vein
http://schema.org/VeterinaryCare,owl:equivalentClass,http://kbpedia.org/kko/rc/VeterinaryCare
http://schema.org/WinAction,owl:equivalentClass,http://kbpedia.org/kko/rc/VictorySituation
http://schema.org/MovieClip,rdfs:subClassOf,http://kbpedia.org/kko/rc/VideoClip
http://schema.org/TVClip,rdfs:subClassOf,http://kbpedia.org/kko/rc/VideoClip
http://schema.org/VideoObject,rdfs:subClassOf,http://kbpedia.org/kko/rc/VideoConceptualWork
http://schema.org/VideoGallery,owl:equivalentClass,http://kbpedia.org/kko/rc/VideoGallery
http://schema.org/Virus,owl:equivalentClass,http://kbpedia.org/kko/rc/Virus
http://schema.org/ImageObject,owl:equivalentClass,http://kbpedia.org/kko/rc/VisualArtifact
http://schema.org/VisualArtwork,rdfs:subClassOf,http://kbpedia.org/kko/rc/VisualWork
http://schema.org/VitalSign,owl:equivalentClass,http://kbpedia.org/kko/rc/VitalSign
http://schema.org/Volcano,owl:equivalentClass,http://kbpedia.org/kko/rc/Volcano
http://schema.org/VoteAction,owl:equivalentClass,http://kbpedia.org/kko/rc/Voting
http://schema.org/WarrantyPromise,rdfs:subClassOf,http://kbpedia.org/kko/rc/Warranty
http://schema.org/WarrantyScope,rdfs:subClassOf,http://kbpedia.org/kko/rc/Warranty
http://schema.org/WatchAction,owl:equivalentClass,http://kbpedia.org/kko/rc/WatchingSomething
http://schema.org/Waterfall,owl:equivalentClass,http://kbpedia.org/kko/rc/Waterfall
http://schema.org/WearAction,owl:equivalentClass,http://kbpedia.org/kko/rc/WearingSomething
http://schema.org/WebAPI,rdfs:subClassOf,http://kbpedia.org/kko/rc/WebApplicationProgram
http://schema.org/Blog,owl:equivalentClass,http://kbpedia.org/kko/rc/Weblog
http://schema.org/FAQPage,rdfs:subClassOf,http://kbpedia.org/kko/rc/WebPage
http://schema.org/MedicalWebPage,rdfs:subClassOf,http://kbpedia.org/kko/rc/WebPage
http://schema.org/SpeakableSpecification,rdfs:subClassOf,http://kbpedia.org/kko/rc/WebPage
http://schema.org/WebPage,owl:equivalentClass,http://kbpedia.org/kko/rc/WebPage
http://schema.org/WebPageElement,owl:equivalentClass,http://kbpedia.org/kko/rc/WebPageElement
http://schema.org/WebSite,owl:equivalentClass,http://kbpedia.org/kko/rc/WebSite
http://schema.org/MarryAction,kko:superClassOf,http://kbpedia.org/kko/rc/WeddingCeremony
http://schema.org/Wholesale,owl:equivalentClass,http://kbpedia.org/kko/rc/WholesaleBuying
http://schema.org/WholesaleStore,rdfs:subClassOf,http://kbpedia.org/kko/rc/Wholesaler
http://schema.org/Winery,owl:equivalentClass,http://kbpedia.org/kko/rc/Winery
http://schema.org/WebApplication,owl:equivalentClass,http://kbpedia.org/kko/rc/WorldWideWebClientProgram
http://schema.org/WPAdBlock,owl:equivalentClass,http://kbpedia.org/kko/rc/WPAdBlock
http://schema.org/WPFooter,owl:equivalentClass,http://kbpedia.org/kko/rc/WPFooter
http://schema.org/WPHeader,owl:equivalentClass,http://kbpedia.org/kko/rc/WPHeader
http://schema.org/WPSideBar,owl:equivalentClass,http://kbpedia.org/kko/rc/WPSideBar
http://schema.org/WriteAction,owl:equivalentClass,http://kbpedia.org/kko/rc/Writing
http://schema.org/XRay,owl:equivalentClass,http://kbpedia.org/kko/rc/XRay
http://schema.org/Zoo,owl:equivalentClass,http://kbpedia.org/kko/rc/ZooGrounds
http://schema.org/Drug,owl:equivalentClass,http://kbpedia.org/ontologies/kko#Drugs
http://schema.org/TypeAndQuantityNode,rdfs:subClassOf,http://kbpedia.org/ontologies/kko#Drugs
http://schema.org/Event,owl:equivalentClass,http://kbpedia.org/ontologies/kko#Events
http://schema.org/CivicStructure,rdfs:subClassOf,http://kbpedia.org/ontologies/kko#Facilities
http://schema.org/AdministrativeArea,owl:equivalentClass,http://kbpedia.org/ontologies/kko#Geopolitical
http://schema.org/Place,rdfs:subClassOf,http://kbpedia.org/ontologies/kko#Places
http://schema.org/Product,owl:equivalentClass,http://kbpedia.org/ontologies/kko#Products
