Action,ActionTypes
Perceiving,ActionTypes
Quantity,AdjunctualAttributes
Agent-Generic,Agents
FormerAgent,Agents
GeographicalAgent,Agents
AnimalBLO,Animals
AnimalTypes,Animals
LiveAnimal,Animals
OrganSystem,Animals
CavityInterior-Generic,AreaRegion
FreeSpaceContent,AreaRegion
GeographicalArea-Intangible,AreaRegion
Region,AreaRegion
Artifact,Artifacts
Atom,AtomsElements
AtomicNucleus,AtomsElements
ElementStuff,AtomsElements
ElementStuffType,AtomsElements
SubAtomicParticle,AtomsElements
AudioConceptualWork,AudioInfo
Music,AudioInfo
RecordedIBO,AudioInfo
Sound,AudioInfo
AVMediaProduct,AVInfo
MovingImageWithSound,AVInfo
BiologicalCycle,BiologicalProcesses
BiologicalProcess,BiologicalProcesses
BioregulatorType,BiologicalProcesses
CellularProcessType,BiologicalProcesses
EcologicalCycle,BiologicalProcesses
ChemicalBond,Chemistry
ChemicalInteraction,Chemistry
ChemicallyBasicSubstance,Chemistry
ChemicallyNeutralSubstance,Chemistry
ChemicalSpeciesType,Chemistry
ChemicalSubstanceType,Chemistry
Chemistry-Topic,Chemistry
NuclearChemistry,Chemistry
Oxide,Chemistry
PureSubstance,Chemistry
Alternative,Concepts
ArrangementOfLikeObjects,Concepts
DangerousThing,Concepts
EnergyStuff,Concepts
EventOrRoleConcept,Concepts
IndustrialConcept,Concepts
Meme,Concepts
MilitaryOrganizationConcept,Concepts
Principles,Concepts
Resource,Concepts
StuffType,Concepts
SurfaceGeometryConcept,Concepts
TemporalThing,Concepts
TerrainConcept,Concepts
Topology,Concepts
UnitOfMeasureConcept,Concepts
IndividualIntelligence,ConceptualSystems
Mythology,ConceptualSystems
Plan,ConceptualSystems
Capability,Constituents
Field-LogicalOrPhysical,Constituents
TimeAttributes,ContextualAttributes
Label-IBO,Denotatives
Descendant,DirectRelations
BacterialBioAgentType,Diseases
BLOTypeByGenericHealthStatus,Diseases
DiseaseType,Diseases
Injured,Diseases
Neoplasm,Diseases
OrganismTypeByAilment,Diseases
PhysiologicalCondition,Diseases
DrugSubstance,Drugs
PharmaceuticalProduct,Drugs
PharmacyProductType,Drugs
Placebo,Drugs
EconomicAction,EconomicSystems
EconomicAgreement,EconomicSystems
Employment,EconomicSystems
FinancialCondition,EconomicSystems
Interest,EconomicSystems
Market,EconomicSystems
MonetaryRate,EconomicSystems
Tariff,EconomicSystems
Tax-COC,EconomicSystems
TenderObject,EconomicSystems
ArtificialIntelligence,EmergentKnowledge
Consciousness,EmergentKnowledge
Cosmogony,EmergentKnowledge
Emergence,EmergentKnowledge
Emergentism,EmergentKnowledge
Epistemics,EmergentKnowledge
Epistemology,EmergentKnowledge
Evolution,EmergentKnowledge
Holism,EmergentKnowledge
SelfOrganization,EmergentKnowledge
SystemsThinking,EmergentKnowledge
Eukaryota,Eukaryotes
Female,Eukaryotes
Male,Eukaryotes
DurativeEventType,EventTypes
Event,EventTypes
RepeatedEventType,EventTypes
ConstructionArtifact,Facilities
ExtraterrestrialFacility,Facilities
Workplace,Facilities
Cuisine,FoodDrink
Food,FoodDrink
FoodBeverageTobaccoProduct,FoodDrink
FoodGroup,FoodDrink
FoodOrDrink,FoodDrink
Configuration,Forms
Connection-Physical,Forms
DispositionalQuantity,Forms
PartiallyTangibleTypeByPhysicalFeature,Forms
PhysicalStructuralFeature,Forms
GeopoliticalEntity,Geopolitical
AbstractStructure,Information
Communication,Information
DynamicInfoSource,Information
Information-Content,Information
InformationAccessType,Information
InformationStore,Information
InformationSystem,Information
MediaProduct,Information
AbductiveInferenceProcess,InquiryMethods
Evaluating,InquiryMethods
FirstOrderMethod,InquiryMethods
InformationGathering,InquiryMethods
LearningMethod,InquiryMethods
MethodsOfProof,InquiryMethods
MonteCarloMethod,InquiryMethods
PhenomenologicalMethodology,InquiryMethods
RevealingInformation,InquiryMethods
ScientificMethod,InquiryMethods
Simulation-Activity,InquiryMethods
Thinking,InquiryMethods
Configuration,IntrinsicAttributes
Quality,IntrinsicAttributes
AcademicDepartmentTypeBySubject,KnowledgeDomains
FieldOfStudy,KnowledgeDomains
ScienceAndNature-Topic,KnowledgeDomains
InformationProcess,LearningProcesses
LearnedActivityType,LearningProcesses
Learning,LearningProcesses
MemoryProcess,LearningProcesses
Reading,LearningProcesses
BiologicalAgentType,LivingThings
Life,LivingThings
OrganismTypes,LivingThings
Prion,LivingThings
GeographicalAgent,LocationPlace
HauntedThing,LocationPlace
Place-NonAgent,LocationPlace
PublicPlace,LocationPlace
Matter,Manifestations
Competition,MediativeRelations
Heuristics,Methodeutic
Intuition-Knowledge,Methodeutic
MethodEngineering,Methodeutic
MethodType,Methodeutic
InorganicMaterial,NaturalMatter
CombustionReaction,NaturalPhenomena
ElectricalConduction,NaturalPhenomena
Force,NaturalPhenomena
PhysicalField,NaturalPhenomena
Quantum,NaturalPhenomena
ThermodynamicSystem,NaturalPhenomena
Wave-Liquid,NaturalPhenomena
WavePropagation,NaturalPhenomena
AstronomicalObject,NaturalSubstances
EarthenSubstance,NaturalSubstances
GammaEmitter,NaturalSubstances
GaseousSubstance,NaturalSubstances
LandStuff,NaturalSubstances
Metal,NaturalSubstances
Mineral,NaturalSubstances
Water,NaturalSubstances
BiochemicalCompoundType,OrganicChemistry
BiochemicalSignalingObject,OrganicChemistry
CarbohydrateStuff,OrganicChemistry
ChemicalGeneticIBT,OrganicChemistry
FunctionalGroup-Molecular,OrganicChemistry
MioticSubstance,OrganicChemistry
Monomer,OrganicChemistry
PolymerMolecule,OrganicChemistry
OrganicMaterial,OrganicMatter
Former-GeographicalAgent,Organizations
Group-IntelligentAgent,Organizations
Group-PerceptualAgent-Embodied,Organizations
MultiIndividualAgent,Organizations
Organization,Organizations
Organization-Topic,Organizations
OrganizationType,Organizations
Person,Persons
Barrier-Underspecified,Places
Epicenter,Places
GeographicalThing,Places
HumanlyOccupiedSpatialObject,Places
Algae,Plants
FloricultureSilvicultureProduct,Plants
PlantBLO,Plants
PlantProduct,Plants
SeedBulbSeedlingCutting,Plants
AppliedTechnology,Products
ProductType,Products
ProkaryoticCell,Prokaryotes
ProkaryoticCellWall,Prokaryotes
FungusBLO,ProtistsFungus
Oomycota,ProtistsFungus
ProtistBLO,ProtistsFungus
Relation,RelationTypes
AxisymmetricObject,Shapes
GeometricallyDescribableThing,Shapes
ShapedObject,Shapes
SpatialThingTypeByDimensionality,Shapes
SpatialThingTypeByShape,Shapes
ProblemSolvingSituation,SituationTypes
Scenario,SituationTypes
Situation,SituationTypes
SomeSituationAlternating,SituationTypes
EducationalSystem,SocialSystems
FormalCOC,SocialSystems
HumanSexualBehavior,SocialSystems
Policy,SocialSystems
Assignment-Obligation,Society
AwardPractice,Society
BeliefSystem,Society
CivilUnrest,Society
CodeOfConduct,Society
GovernmentProgram,Society
Heritage,Society
Issue,Society
Politics,Society
SocialEnvironment,Society
Network,SpaceTypes
SpatialThing,SpaceTypes
AbstractInformationStructure,StructuredInfo
ClassificationSystem,StructuredInfo
Encrypted,StructuredInfo
GeneticInformation,StructuredInfo
GraphicalStructure,StructuredInfo
StructuredMediaProduct,StructuredInfo
FictionalThing,Symbolic
MathematicalOrComputationalThing,Symbolic
Thinking,Symbolic
InformationSystem,Systems
System,Systems
ServicesEconomics,TertiarySectorService
SubscriberService,TertiarySectorService
CalendarSystem,Times
TimeInterval,Times
TimeOfWeekType,Times
WeeklyTemporalObjectType,Times
Time-Topic,TimeTypes
Actions-Topic,TopicsCategories
Agents-Topic,TopicsCategories
ApplicationSpecific-Topic,TopicsCategories
Contraband,TopicsCategories
HumanActivities-Topic,TopicsCategories
HumanBeings-Topic,TopicsCategories
Metaphysics,TopicsCategories
Movement-Topic,TopicsCategories
NaturalWorld-Topic,TopicsCategories
PhysicalStuffAndObjects-Topic,TopicsCategories
AbstractVisualStructure,VisualInfo
Animation-MovingImage,VisualInfo
Backlit,VisualInfo
SheetOfPaper,VisualInfo
VideoRecordedObject,VisualInfo
VisualImage,VisualInfo
VisualInformationBearingThing,VisualInfo
VisualWork,VisualInfo
LinguisticObject,WrittenInfo
SystemOfWrittenMaterials,WrittenInfo
TextualExpression,WrittenInfo
TextualMaterial,WrittenInfo
WrittenMediaProduct,WrittenInfo
