s,p,o
http://kbpedia.org/kko/rc/Abbey,kko:dbpedia-ontology-id,http://dbpedia.org/ontology/Abbey
http://kbpedia.org/kko/rc/Action,kko:dbpedia-ontology-id,http://dbpedia.org/ontology/Activity
http://kbpedia.org/kko/rc/Actor,kko:dbpedia-ontology-id,http://dbpedia.org/ontology/Actor
http://kbpedia.org/kko/rc/Actor-Voice,kko:dbpedia-ontology-id,http://dbpedia.org/ontology/VoiceActor
http://kbpedia.org/kko/rc/AdministrativeDistrict,kko:dbpedia-ontology-id,http://dbpedia.org/ontology/GovernmentalAdministrativeRegion
http://kbpedia.org/kko/rc/Agent-Generic,kko:dbpedia-ontology-id,http://dbpedia.org/ontology/Agent
http://kbpedia.org/kko/rc/AilmentCondition,kko:dbpedia-ontology-id,http://dbpedia.org/ontology/Disease
http://kbpedia.org/kko/rc/AirlineCompany,kko:dbpedia-ontology-id,http://dbpedia.org/ontology/Airline
http://kbpedia.org/kko/rc/Airport-Physical,kko:dbpedia-ontology-id,http://dbpedia.org/ontology/Airport
http://kbpedia.org/kko/rc/AirTransportationVehicle,kko:dbpedia-ontology-id,http://dbpedia.org/ontology/Aircraft
http://kbpedia.org/kko/rc/Album,kko:dbpedia-ontology-id,http://dbpedia.org/ontology/Album
http://kbpedia.org/kko/rc/Altitude,kko:dbpedia-ontology-id,http://dbpedia.org/ontology/Altitude
http://kbpedia.org/kko/rc/Ambassador,kko:dbpedia-ontology-id,http://dbpedia.org/ontology/Ambassador
http://kbpedia.org/kko/rc/Amphibian,kko:dbpedia-ontology-id,http://dbpedia.org/ontology/Amphibian
http://kbpedia.org/kko/rc/AmusementParkRide,kko:dbpedia-ontology-id,http://dbpedia.org/ontology/AmusementParkAttraction
http://kbpedia.org/kko/rc/Animal,kko:dbpedia-ontology-id,http://dbpedia.org/ontology/Animal
http://kbpedia.org/kko/rc/Anime,kko:dbpedia-ontology-id,http://dbpedia.org/ontology/Anime
http://kbpedia.org/kko/rc/Arachnid,kko:dbpedia-ontology-id,http://dbpedia.org/ontology/Arachnid
http://kbpedia.org/kko/rc/Archaea,kko:dbpedia-ontology-id,http://dbpedia.org/ontology/Archaea
http://kbpedia.org/kko/rc/Archaeologist,kko:dbpedia-ontology-id,http://dbpedia.org/ontology/Archeologist
http://kbpedia.org/kko/rc/Archipelago,kko:dbpedia-ontology-id,http://dbpedia.org/ontology/Archipelago
http://kbpedia.org/kko/rc/Architect,kko:dbpedia-ontology-id,http://dbpedia.org/ontology/Architect
http://kbpedia.org/kko/rc/Archive,kko:dbpedia-ontology-id,http://dbpedia.org/ontology/Archive
http://kbpedia.org/kko/rc/Area,kko:dbpedia-ontology-id,http://dbpedia.org/ontology/Area
http://kbpedia.org/kko/rc/Aristocrat,kko:dbpedia-ontology-id,http://dbpedia.org/ontology/Aristocrat
http://kbpedia.org/kko/rc/Aristocrat,kko:dbpedia-ontology-id,http://dbpedia.org/ontology/Royalty
http://kbpedia.org/kko/rc/AristocraticFamilyLine,kko:dbpedia-ontology-id,http://dbpedia.org/ontology/NobleFamily
http://kbpedia.org/kko/rc/AristocratTypeByTitle,kko:dbpedia-ontology-id,http://dbpedia.org/ontology/Noble
http://kbpedia.org/kko/rc/Arrondissement,kko:dbpedia-ontology-id,http://dbpedia.org/ontology/Arrondissement
http://kbpedia.org/kko/rc/Artery,kko:dbpedia-ontology-id,http://dbpedia.org/ontology/Artery
http://kbpedia.org/kko/rc/Article-PCW,kko:dbpedia-ontology-id,http://dbpedia.org/ontology/Article
http://kbpedia.org/kko/rc/Artist,kko:dbpedia-ontology-id,http://dbpedia.org/ontology/Artist
http://kbpedia.org/kko/rc/Asteroid,kko:dbpedia-ontology-id,http://dbpedia.org/ontology/Asteroid
http://kbpedia.org/kko/rc/Astronaut,kko:dbpedia-ontology-id,http://dbpedia.org/ontology/Astronaut
http://kbpedia.org/kko/rc/Athlete,kko:dbpedia-ontology-id,http://dbpedia.org/ontology/Athlete
http://kbpedia.org/kko/rc/Athlete,kko:dbpedia-ontology-id,http://dbpedia.org/ontology/AthleticsPlayer
http://kbpedia.org/kko/rc/AthleticActivity,kko:dbpedia-ontology-id,http://dbpedia.org/ontology/Athletics
http://kbpedia.org/kko/rc/Atoll,kko:dbpedia-ontology-id,http://dbpedia.org/ontology/Atoll
http://kbpedia.org/kko/rc/AttackOnObject,kko:dbpedia-ontology-id,http://dbpedia.org/ontology/Attack
http://kbpedia.org/kko/rc/AustralianFootballLeague,kko:dbpedia-ontology-id,http://dbpedia.org/ontology/AustralianFootballLeague
http://kbpedia.org/kko/rc/AutoEngine,kko:dbpedia-ontology-id,http://dbpedia.org/ontology/AutomobileEngine
http://kbpedia.org/kko/rc/Automobile,kko:dbpedia-ontology-id,http://dbpedia.org/ontology/Automobile
http://kbpedia.org/kko/rc/AwardPractice,kko:dbpedia-ontology-id,http://dbpedia.org/ontology/Award
http://kbpedia.org/kko/rc/Bacterium,kko:dbpedia-ontology-id,http://dbpedia.org/ontology/Bacteria
http://kbpedia.org/kko/rc/BadmintonPlayer,kko:dbpedia-ontology-id,http://dbpedia.org/ontology/BadmintonPlayer
http://kbpedia.org/kko/rc/Band-MusicGroup,kko:dbpedia-ontology-id,http://dbpedia.org/ontology/Band
http://kbpedia.org/kko/rc/BankOrganization,kko:dbpedia-ontology-id,http://dbpedia.org/ontology/Bank
http://kbpedia.org/kko/rc/Baronet,kko:dbpedia-ontology-id,http://dbpedia.org/ontology/Baronet
http://kbpedia.org/kko/rc/BaseballPlayer,kko:dbpedia-ontology-id,http://dbpedia.org/ontology/BaseballPlayer
http://kbpedia.org/kko/rc/BaseballSeason,kko:dbpedia-ontology-id,http://dbpedia.org/ontology/BaseballSeason
http://kbpedia.org/kko/rc/BaseballTeam,kko:dbpedia-ontology-id,http://dbpedia.org/ontology/BaseballTeam
http://kbpedia.org/kko/rc/BasketballLeague,kko:dbpedia-ontology-id,http://dbpedia.org/ontology/BaseballLeague
http://kbpedia.org/kko/rc/BasketballPlayer,kko:dbpedia-ontology-id,http://dbpedia.org/ontology/BasketballPlayer
http://kbpedia.org/kko/rc/BasketballTeam,kko:dbpedia-ontology-id,http://dbpedia.org/ontology/BasketballTeam
http://kbpedia.org/kko/rc/Bay,kko:dbpedia-ontology-id,http://dbpedia.org/ontology/Bay
http://kbpedia.org/kko/rc/Beach,kko:dbpedia-ontology-id,http://dbpedia.org/ontology/Beach
http://kbpedia.org/kko/rc/Beer,kko:dbpedia-ontology-id,http://dbpedia.org/ontology/Beer
http://kbpedia.org/kko/rc/BiologicalSpecies,kko:dbpedia-ontology-id,http://dbpedia.org/ontology/Species
http://kbpedia.org/kko/rc/BiologicalTaxon,kko:dbpedia-ontology-id,http://dbpedia.org/ontology/Taxon
http://kbpedia.org/kko/rc/Biologist,kko:dbpedia-ontology-id,http://dbpedia.org/ontology/Biologist
http://kbpedia.org/kko/rc/BiopolymerMolecule,kko:dbpedia-ontology-id,http://dbpedia.org/ontology/Biomolecule
http://kbpedia.org/kko/rc/Bird,kko:dbpedia-ontology-id,http://dbpedia.org/ontology/Bird
http://kbpedia.org/kko/rc/BirthEvent,kko:dbpedia-ontology-id,http://dbpedia.org/ontology/Birth
http://kbpedia.org/kko/rc/Bishop-Clerical,kko:dbpedia-ontology-id,http://dbpedia.org/ontology/ChristianBishop
http://kbpedia.org/kko/rc/BloodType,kko:dbpedia-ontology-id,http://dbpedia.org/ontology/BloodType
http://kbpedia.org/kko/rc/BloodVessel,kko:dbpedia-ontology-id,http://dbpedia.org/ontology/BloodVessel
http://kbpedia.org/kko/rc/BoardGame,kko:dbpedia-ontology-id,http://dbpedia.org/ontology/BoardGame
http://kbpedia.org/kko/rc/Bodybuilder,kko:dbpedia-ontology-id,http://dbpedia.org/ontology/Bodybuilder
http://kbpedia.org/kko/rc/BodyOfWater,kko:dbpedia-ontology-id,http://dbpedia.org/ontology/BodyOfWater
http://kbpedia.org/kko/rc/Bone-BodyPart,kko:dbpedia-ontology-id,http://dbpedia.org/ontology/Bone
http://kbpedia.org/kko/rc/Book,kko:dbpedia-ontology-id,http://dbpedia.org/ontology/Book
http://kbpedia.org/kko/rc/Boxer,kko:dbpedia-ontology-id,http://dbpedia.org/ontology/Boxer
http://kbpedia.org/kko/rc/Brain,kko:dbpedia-ontology-id,http://dbpedia.org/ontology/Brain
http://kbpedia.org/kko/rc/Brewery,kko:dbpedia-ontology-id,http://dbpedia.org/ontology/Brewery
http://kbpedia.org/kko/rc/Bridge,kko:dbpedia-ontology-id,http://dbpedia.org/ontology/Bridge
http://kbpedia.org/kko/rc/Building,kko:dbpedia-ontology-id,http://dbpedia.org/ontology/Building
http://kbpedia.org/kko/rc/BusinessPerson,kko:dbpedia-ontology-id,http://dbpedia.org/ontology/BusinessPerson
http://kbpedia.org/kko/rc/BusLine,kko:dbpedia-ontology-id,http://dbpedia.org/ontology/BusCompany
http://kbpedia.org/kko/rc/CabinetOffice,kko:dbpedia-ontology-id,http://dbpedia.org/ontology/GovernmentCabinet
http://kbpedia.org/kko/rc/CalendarYear,kko:dbpedia-ontology-id,http://dbpedia.org/ontology/Year
http://kbpedia.org/kko/rc/Camera,kko:dbpedia-ontology-id,http://dbpedia.org/ontology/Camera
http://kbpedia.org/kko/rc/Canal,kko:dbpedia-ontology-id,http://dbpedia.org/ontology/Canal
http://kbpedia.org/kko/rc/Canton-Swiss,kko:dbpedia-ontology-id,http://dbpedia.org/ontology/Canton
http://kbpedia.org/kko/rc/Cape-Topographical,kko:dbpedia-ontology-id,http://dbpedia.org/ontology/Cape
http://kbpedia.org/kko/rc/CapitalCityOfRegion,kko:dbpedia-ontology-id,http://dbpedia.org/ontology/CapitalOfRegion
http://kbpedia.org/kko/rc/CardGame,kko:dbpedia-ontology-id,http://dbpedia.org/ontology/CardGame
http://kbpedia.org/kko/rc/CarRaceTrack,kko:dbpedia-ontology-id,http://dbpedia.org/ontology/Racecourse
http://kbpedia.org/kko/rc/Cartoon,kko:dbpedia-ontology-id,http://dbpedia.org/ontology/Cartoon
http://kbpedia.org/kko/rc/CartoonCharacter,kko:dbpedia-ontology-id,http://dbpedia.org/ontology/ComicsCharacter
http://kbpedia.org/kko/rc/Cartoonist,kko:dbpedia-ontology-id,http://dbpedia.org/ontology/ComicsCreator
http://kbpedia.org/kko/rc/Casino,kko:dbpedia-ontology-id,http://dbpedia.org/ontology/Casino
http://kbpedia.org/kko/rc/Castle,kko:dbpedia-ontology-id,http://dbpedia.org/ontology/Castle
http://kbpedia.org/kko/rc/Caterer-Person,kko:dbpedia-ontology-id,http://dbpedia.org/ontology/Caterer
http://kbpedia.org/kko/rc/Cave,kko:dbpedia-ontology-id,http://dbpedia.org/ontology/Cave
http://kbpedia.org/kko/rc/Celebrity,kko:dbpedia-ontology-id,http://dbpedia.org/ontology/Celebrity
http://kbpedia.org/kko/rc/CelestialBody,kko:dbpedia-ontology-id,http://dbpedia.org/ontology/CelestialBody
http://kbpedia.org/kko/rc/Chancellor-HeadOfGovernment,kko:dbpedia-ontology-id,http://dbpedia.org/ontology/Chancellor
http://kbpedia.org/kko/rc/Chart,kko:dbpedia-ontology-id,http://dbpedia.org/ontology/ChartsPlacements
http://kbpedia.org/kko/rc/Cheese,kko:dbpedia-ontology-id,http://dbpedia.org/ontology/Cheese
http://kbpedia.org/kko/rc/Chef,kko:dbpedia-ontology-id,http://dbpedia.org/ontology/Chef
http://kbpedia.org/kko/rc/ChemicalSubstanceType,kko:dbpedia-ontology-id,http://dbpedia.org/ontology/ChemicalCompound
http://kbpedia.org/kko/rc/ChemicalSubstanceType,kko:dbpedia-ontology-id,http://dbpedia.org/ontology/ChemicalSubstance
http://kbpedia.org/kko/rc/Christianity,kko:dbpedia-ontology-id,http://dbpedia.org/ontology/ChristianDoctrine
http://kbpedia.org/kko/rc/Church-Building,kko:dbpedia-ontology-id,http://dbpedia.org/ontology/Church
http://kbpedia.org/kko/rc/City,kko:dbpedia-ontology-id,http://dbpedia.org/ontology/City
http://kbpedia.org/kko/rc/Cleric,kko:dbpedia-ontology-id,http://dbpedia.org/ontology/Cleric
http://kbpedia.org/kko/rc/CoalField-Developed,kko:dbpedia-ontology-id,http://dbpedia.org/ontology/CoalPit
http://kbpedia.org/kko/rc/College,kko:dbpedia-ontology-id,http://dbpedia.org/ontology/College
http://kbpedia.org/kko/rc/CollegeCoach,kko:dbpedia-ontology-id,http://dbpedia.org/ontology/CollegeCoach
http://kbpedia.org/kko/rc/Color,kko:dbpedia-ontology-id,http://dbpedia.org/ontology/Colour
http://kbpedia.org/kko/rc/Comedian,kko:dbpedia-ontology-id,http://dbpedia.org/ontology/Comedian
http://kbpedia.org/kko/rc/ComedyTeam,kko:dbpedia-ontology-id,http://dbpedia.org/ontology/ComedyGroup
http://kbpedia.org/kko/rc/ComicalMode,kko:dbpedia-ontology-id,http://dbpedia.org/ontology/Comic
http://kbpedia.org/kko/rc/ComicBookSeries,kko:dbpedia-ontology-id,http://dbpedia.org/ontology/Comics
http://kbpedia.org/kko/rc/ComicStrip,kko:dbpedia-ontology-id,http://dbpedia.org/ontology/ComicStrip
http://kbpedia.org/kko/rc/Community,kko:dbpedia-ontology-id,http://dbpedia.org/ontology/Community
http://kbpedia.org/kko/rc/Competition,kko:dbpedia-ontology-id,http://dbpedia.org/ontology/Competition
http://kbpedia.org/kko/rc/ComputerFile,kko:dbpedia-ontology-id,http://dbpedia.org/ontology/File
http://kbpedia.org/kko/rc/ComputerGameProgram,kko:dbpedia-ontology-id,http://dbpedia.org/ontology/VideoGame
http://kbpedia.org/kko/rc/ConcentrationCamp,kko:dbpedia-ontology-id,http://dbpedia.org/ontology/ConcentrationCamp
http://kbpedia.org/kko/rc/ConceptualWork,kko:dbpedia-ontology-id,http://dbpedia.org/ontology/Work
http://kbpedia.org/kko/rc/ConflictEvent,kko:dbpedia-ontology-id,http://dbpedia.org/ontology/MilitaryConflict
http://kbpedia.org/kko/rc/Conifer,kko:dbpedia-ontology-id,http://dbpedia.org/ontology/Conifer
http://kbpedia.org/kko/rc/Constellation,kko:dbpedia-ontology-id,http://dbpedia.org/ontology/Constellation
http://kbpedia.org/kko/rc/Contest,kko:dbpedia-ontology-id,http://dbpedia.org/ontology/Contest
http://kbpedia.org/kko/rc/Continent,kko:dbpedia-ontology-id,http://dbpedia.org/ontology/Continent
http://kbpedia.org/kko/rc/Convention-Meeting,kko:dbpedia-ontology-id,http://dbpedia.org/ontology/Convention
http://kbpedia.org/kko/rc/Country,kko:dbpedia-ontology-id,http://dbpedia.org/ontology/Country
http://kbpedia.org/kko/rc/CountySeat,kko:dbpedia-ontology-id,http://dbpedia.org/ontology/CountrySeat
http://kbpedia.org/kko/rc/CourtCase,kko:dbpedia-ontology-id,http://dbpedia.org/ontology/Case
http://kbpedia.org/kko/rc/CourtCase,kko:dbpedia-ontology-id,http://dbpedia.org/ontology/LegalCase
http://kbpedia.org/kko/rc/Crater,kko:dbpedia-ontology-id,http://dbpedia.org/ontology/Crater
http://kbpedia.org/kko/rc/Crater,kko:dbpedia-ontology-id,http://dbpedia.org/ontology/LunarCrater
http://kbpedia.org/kko/rc/Creek,kko:dbpedia-ontology-id,http://dbpedia.org/ontology/Creek
http://kbpedia.org/kko/rc/Cricketer,kko:dbpedia-ontology-id,http://dbpedia.org/ontology/Cricketer
http://kbpedia.org/kko/rc/CricketField,kko:dbpedia-ontology-id,http://dbpedia.org/ontology/CricketGround
http://kbpedia.org/kko/rc/CricketTeam,kko:dbpedia-ontology-id,http://dbpedia.org/ontology/CricketTeam
http://kbpedia.org/kko/rc/Criminal,kko:dbpedia-ontology-id,http://dbpedia.org/ontology/Criminal
http://kbpedia.org/kko/rc/Crustacean,kko:dbpedia-ontology-id,http://dbpedia.org/ontology/Crustacean
http://kbpedia.org/kko/rc/Cultivar,kko:dbpedia-ontology-id,http://dbpedia.org/ontology/CultivatedVariety
http://kbpedia.org/kko/rc/Currency,kko:dbpedia-ontology-id,http://dbpedia.org/ontology/Currency
http://kbpedia.org/kko/rc/Cycad,kko:dbpedia-ontology-id,http://dbpedia.org/ontology/Cycad
http://kbpedia.org/kko/rc/CyclingSportsEvent,kko:dbpedia-ontology-id,http://dbpedia.org/ontology/CyclingCompetition
http://kbpedia.org/kko/rc/CyclingSportsEvent,kko:dbpedia-ontology-id,http://dbpedia.org/ontology/CyclingRace
http://kbpedia.org/kko/rc/Cyclist-Athlete,kko:dbpedia-ontology-id,http://dbpedia.org/ontology/Cyclist
http://kbpedia.org/kko/rc/Dam,kko:dbpedia-ontology-id,http://dbpedia.org/ontology/Dam
http://kbpedia.org/kko/rc/Dancer-Performer,kko:dbpedia-ontology-id,http://dbpedia.org/ontology/Dancer
http://kbpedia.org/kko/rc/Database-AbstractContent,kko:dbpedia-ontology-id,http://dbpedia.org/ontology/Database
http://kbpedia.org/kko/rc/Decoration,kko:dbpedia-ontology-id,http://dbpedia.org/ontology/Decoration
http://kbpedia.org/kko/rc/Demographics,kko:dbpedia-ontology-id,http://dbpedia.org/ontology/Demographics
http://kbpedia.org/kko/rc/Department,kko:dbpedia-ontology-id,http://dbpedia.org/ontology/Department
http://kbpedia.org/kko/rc/DepthPerception,kko:dbpedia-ontology-id,http://dbpedia.org/ontology/Depth
http://kbpedia.org/kko/rc/Desert,kko:dbpedia-ontology-id,http://dbpedia.org/ontology/Desert
http://kbpedia.org/kko/rc/DigitalCamera,kko:dbpedia-ontology-id,http://dbpedia.org/ontology/DigitalCamera
http://kbpedia.org/kko/rc/Dike,kko:dbpedia-ontology-id,http://dbpedia.org/ontology/Dike
http://kbpedia.org/kko/rc/Diocese,kko:dbpedia-ontology-id,http://dbpedia.org/ontology/Diocese
http://kbpedia.org/kko/rc/Diploma,kko:dbpedia-ontology-id,http://dbpedia.org/ontology/Diploma
http://kbpedia.org/kko/rc/Director-Movie,kko:dbpedia-ontology-id,http://dbpedia.org/ontology/MovieDirector
http://kbpedia.org/kko/rc/District-State-Geopolitical,kko:dbpedia-ontology-id,http://dbpedia.org/ontology/District
http://kbpedia.org/kko/rc/Divorce,kko:dbpedia-ontology-id,http://dbpedia.org/ontology/Divorce
http://kbpedia.org/kko/rc/Doctor-Medical,kko:dbpedia-ontology-id,http://dbpedia.org/ontology/Medician
http://kbpedia.org/kko/rc/Document,kko:dbpedia-ontology-id,http://dbpedia.org/ontology/Document
http://kbpedia.org/kko/rc/Dog,kko:dbpedia-ontology-id,http://dbpedia.org/ontology/Dog
http://kbpedia.org/kko/rc/DomesticCat,kko:dbpedia-ontology-id,http://dbpedia.org/ontology/Cat
http://kbpedia.org/kko/rc/Drink,kko:dbpedia-ontology-id,http://dbpedia.org/ontology/Beverage
http://kbpedia.org/kko/rc/Earthquake,kko:dbpedia-ontology-id,http://dbpedia.org/ontology/Earthquake
http://kbpedia.org/kko/rc/Economist,kko:dbpedia-ontology-id,http://dbpedia.org/ontology/Economist
http://kbpedia.org/kko/rc/ElectedOfficial,kko:dbpedia-ontology-id,http://dbpedia.org/ontology/OfficeHolder
http://kbpedia.org/kko/rc/Election,kko:dbpedia-ontology-id,http://dbpedia.org/ontology/Election
http://kbpedia.org/kko/rc/ElementStuff,kko:dbpedia-ontology-id,http://dbpedia.org/ontology/ChemicalElement
http://kbpedia.org/kko/rc/Embryology,kko:dbpedia-ontology-id,http://dbpedia.org/ontology/Embryology
http://kbpedia.org/kko/rc/Employer,kko:dbpedia-ontology-id,http://dbpedia.org/ontology/Employer
http://kbpedia.org/kko/rc/Engine,kko:dbpedia-ontology-id,http://dbpedia.org/ontology/Engine
http://kbpedia.org/kko/rc/Engineer,kko:dbpedia-ontology-id,http://dbpedia.org/ontology/Engineer
http://kbpedia.org/kko/rc/Enzyme,kko:dbpedia-ontology-id,http://dbpedia.org/ontology/Enzyme
http://kbpedia.org/kko/rc/Escalator,kko:dbpedia-ontology-id,http://dbpedia.org/ontology/Escalator
http://kbpedia.org/kko/rc/Eukaryotes,kko:dbpedia-ontology-id,http://dbpedia.org/ontology/Eukaryote
http://kbpedia.org/kko/rc/Event,kko:dbpedia-ontology-id,http://dbpedia.org/ontology/Event
http://kbpedia.org/kko/rc/FactoryBuilding,kko:dbpedia-ontology-id,http://dbpedia.org/ontology/Factory
http://kbpedia.org/kko/rc/Family-Human,kko:dbpedia-ontology-id,http://dbpedia.org/ontology/Family
http://kbpedia.org/kko/rc/Farmer,kko:dbpedia-ontology-id,http://dbpedia.org/ontology/Farmer
http://kbpedia.org/kko/rc/FashionDesigner,kko:dbpedia-ontology-id,http://dbpedia.org/ontology/FashionDesigner
http://kbpedia.org/kko/rc/FashionModel,kko:dbpedia-ontology-id,http://dbpedia.org/ontology/Model
http://kbpedia.org/kko/rc/Fern,kko:dbpedia-ontology-id,http://dbpedia.org/ontology/Fern
http://kbpedia.org/kko/rc/FictionalCharacter,kko:dbpedia-ontology-id,http://dbpedia.org/ontology/FictionalCharacter
http://kbpedia.org/kko/rc/FictionalCharacter,kko:dbpedia-ontology-id,http://dbpedia.org/ontology/MythologicalFigure
http://kbpedia.org/kko/rc/FieldOfStudy,kko:dbpedia-ontology-id,http://dbpedia.org/ontology/AcademicSubject
http://kbpedia.org/kko/rc/FigureSkater,kko:dbpedia-ontology-id,http://dbpedia.org/ontology/FigureSkater
http://kbpedia.org/kko/rc/FilmFestival,kko:dbpedia-ontology-id,http://dbpedia.org/ontology/FilmFestival
http://kbpedia.org/kko/rc/FilmGenre,kko:dbpedia-ontology-id,http://dbpedia.org/ontology/MovieGenre
http://kbpedia.org/kko/rc/Fish,kko:dbpedia-ontology-id,http://dbpedia.org/ontology/Fish
http://kbpedia.org/kko/rc/Flag,kko:dbpedia-ontology-id,http://dbpedia.org/ontology/Flag
http://kbpedia.org/kko/rc/Flooding,kko:dbpedia-ontology-id,http://dbpedia.org/ontology/StormSurge
http://kbpedia.org/kko/rc/FloralPlant,kko:dbpedia-ontology-id,http://dbpedia.org/ontology/FloweringPlant
http://kbpedia.org/kko/rc/Food,kko:dbpedia-ontology-id,http://dbpedia.org/ontology/Food
http://kbpedia.org/kko/rc/FootballPlayer-American,kko:dbpedia-ontology-id,http://dbpedia.org/ontology/GridironFootballPlayer
http://kbpedia.org/kko/rc/FootballPlayer-Australian,kko:dbpedia-ontology-id,http://dbpedia.org/ontology/AustralianRulesFootballPlayer
http://kbpedia.org/kko/rc/FootballPlayer-Canadian,kko:dbpedia-ontology-id,http://dbpedia.org/ontology/CanadianFootballPlayer
http://kbpedia.org/kko/rc/Forest,kko:dbpedia-ontology-id,http://dbpedia.org/ontology/Forest
http://kbpedia.org/kko/rc/FormulaOneRacer,kko:dbpedia-ontology-id,http://dbpedia.org/ontology/FormulaOneRacer
http://kbpedia.org/kko/rc/FortTheShelterRegion,kko:dbpedia-ontology-id,http://dbpedia.org/ontology/Fort
http://kbpedia.org/kko/rc/Fungus,kko:dbpedia-ontology-id,http://dbpedia.org/ontology/Fungus
http://kbpedia.org/kko/rc/Galaxy,kko:dbpedia-ontology-id,http://dbpedia.org/ontology/Galaxy
http://kbpedia.org/kko/rc/Game,kko:dbpedia-ontology-id,http://dbpedia.org/ontology/Game
http://kbpedia.org/kko/rc/Garden,kko:dbpedia-ontology-id,http://dbpedia.org/ontology/Garden
http://kbpedia.org/kko/rc/Gate,kko:dbpedia-ontology-id,http://dbpedia.org/ontology/Gate
http://kbpedia.org/kko/rc/GatedCommunity,kko:dbpedia-ontology-id,http://dbpedia.org/ontology/GatedCommunity
http://kbpedia.org/kko/rc/Gene-HereditaryUnit,kko:dbpedia-ontology-id,http://dbpedia.org/ontology/Gene
http://kbpedia.org/kko/rc/GeographicalDirection-General,kko:dbpedia-ontology-id,http://dbpedia.org/ontology/CardinalDirection
http://kbpedia.org/kko/rc/GeologicalTimePeriod,kko:dbpedia-ontology-id,http://dbpedia.org/ontology/GeologicalPeriod
http://kbpedia.org/kko/rc/GeopoliticalEntity,kko:dbpedia-ontology-id,http://dbpedia.org/ontology/GeopoliticalOrganisation
http://kbpedia.org/kko/rc/GeopoliticalEntityBySystemOfGovernment,kko:dbpedia-ontology-id,http://dbpedia.org/ontology/GovernmentType
http://kbpedia.org/kko/rc/Ginkgo,kko:dbpedia-ontology-id,http://dbpedia.org/ontology/Ginkgo
http://kbpedia.org/kko/rc/Glacier,kko:dbpedia-ontology-id,http://dbpedia.org/ontology/Glacier
http://kbpedia.org/kko/rc/GnetopsidaClass,kko:dbpedia-ontology-id,http://dbpedia.org/ontology/Gnetophytes
http://kbpedia.org/kko/rc/God,kko:dbpedia-ontology-id,http://dbpedia.org/ontology/Deity
http://kbpedia.org/kko/rc/GolfCourse,kko:dbpedia-ontology-id,http://dbpedia.org/ontology/GolfCourse
http://kbpedia.org/kko/rc/Golfer,kko:dbpedia-ontology-id,http://dbpedia.org/ontology/GolfPlayer
http://kbpedia.org/kko/rc/GolfTournament,kko:dbpedia-ontology-id,http://dbpedia.org/ontology/GolfTournament
http://kbpedia.org/kko/rc/GovernmentAgency,kko:dbpedia-ontology-id,http://dbpedia.org/ontology/GovernmentAgency
http://kbpedia.org/kko/rc/Grape,kko:dbpedia-ontology-id,http://dbpedia.org/ontology/Grape
http://kbpedia.org/kko/rc/Graveyard,kko:dbpedia-ontology-id,http://dbpedia.org/ontology/Cemetery
http://kbpedia.org/kko/rc/GreenAlgae,kko:dbpedia-ontology-id,http://dbpedia.org/ontology/GreenAlga
http://kbpedia.org/kko/rc/Guitar,kko:dbpedia-ontology-id,http://dbpedia.org/ontology/Guitar
http://kbpedia.org/kko/rc/Guitarist,kko:dbpedia-ontology-id,http://dbpedia.org/ontology/Guitarist
http://kbpedia.org/kko/rc/Gymnast,kko:dbpedia-ontology-id,http://dbpedia.org/ontology/Gymnast
http://kbpedia.org/kko/rc/Historian,kko:dbpedia-ontology-id,http://dbpedia.org/ontology/Historian
http://kbpedia.org/kko/rc/HistoricalSite,kko:dbpedia-ontology-id,http://dbpedia.org/ontology/HistoricPlace
http://kbpedia.org/kko/rc/HistoricBuilding,kko:dbpedia-ontology-id,http://dbpedia.org/ontology/HistoricBuilding
http://kbpedia.org/kko/rc/HistoricPeriod,kko:dbpedia-ontology-id,http://dbpedia.org/ontology/HistoricalPeriod
http://kbpedia.org/kko/rc/HockeyTeam,kko:dbpedia-ontology-id,http://dbpedia.org/ontology/HockeyTeam
http://kbpedia.org/kko/rc/Holiday,kko:dbpedia-ontology-id,http://dbpedia.org/ontology/Holiday
http://kbpedia.org/kko/rc/HolyRomanEmperor,kko:dbpedia-ontology-id,http://dbpedia.org/ontology/RomanEmperor
http://kbpedia.org/kko/rc/Horse,kko:dbpedia-ontology-id,http://dbpedia.org/ontology/Horse
http://kbpedia.org/kko/rc/HorsebackRiding,kko:dbpedia-ontology-id,http://dbpedia.org/ontology/HorseRiding
http://kbpedia.org/kko/rc/HorseRacingEvent,kko:dbpedia-ontology-id,http://dbpedia.org/ontology/HorseRace
http://kbpedia.org/kko/rc/HospitalBuilding,kko:dbpedia-ontology-id,http://dbpedia.org/ontology/Hospital
http://kbpedia.org/kko/rc/HotelBuilding,kko:dbpedia-ontology-id,http://dbpedia.org/ontology/Hotel
http://kbpedia.org/kko/rc/HotSpring,kko:dbpedia-ontology-id,http://dbpedia.org/ontology/HotSpring
http://kbpedia.org/kko/rc/HumanGivenName,kko:dbpedia-ontology-id,http://dbpedia.org/ontology/GivenName
http://kbpedia.org/kko/rc/HumanSurname,kko:dbpedia-ontology-id,http://dbpedia.org/ontology/Surname
http://kbpedia.org/kko/rc/IceHockeyPlayer,kko:dbpedia-ontology-id,http://dbpedia.org/ontology/IceHockeyPlayer
http://kbpedia.org/kko/rc/Insect,kko:dbpedia-ontology-id,http://dbpedia.org/ontology/Insect
http://kbpedia.org/kko/rc/InternationalOrganization,kko:dbpedia-ontology-id,http://dbpedia.org/ontology/InternationalOrganisation
http://kbpedia.org/kko/rc/InternetMovieDatabase,kko:dbpedia-ontology-id,http://dbpedia.org/ontology/Imdb
http://kbpedia.org/kko/rc/IrregularMilitaryForce,kko:dbpedia-ontology-id,http://dbpedia.org/ontology/MemberResistanceMovement
http://kbpedia.org/kko/rc/Island,kko:dbpedia-ontology-id,http://dbpedia.org/ontology/Island
http://kbpedia.org/kko/rc/Jockey,kko:dbpedia-ontology-id,http://dbpedia.org/ontology/Jockey
http://kbpedia.org/kko/rc/Journalist,kko:dbpedia-ontology-id,http://dbpedia.org/ontology/Journalist
http://kbpedia.org/kko/rc/Judge,kko:dbpedia-ontology-id,http://dbpedia.org/ontology/Judge
http://kbpedia.org/kko/rc/LacrossePlayer,kko:dbpedia-ontology-id,http://dbpedia.org/ontology/LacrossePlayer
http://kbpedia.org/kko/rc/Lake,kko:dbpedia-ontology-id,http://dbpedia.org/ontology/Lake
http://kbpedia.org/kko/rc/Language,kko:dbpedia-ontology-id,http://dbpedia.org/ontology/Language
http://kbpedia.org/kko/rc/Law,kko:dbpedia-ontology-id,http://dbpedia.org/ontology/Law
http://kbpedia.org/kko/rc/LawFirm,kko:dbpedia-ontology-id,http://dbpedia.org/ontology/LawFirm
http://kbpedia.org/kko/rc/Lawyer,kko:dbpedia-ontology-id,http://dbpedia.org/ontology/Lawyer
http://kbpedia.org/kko/rc/LegalCode,kko:dbpedia-ontology-id,http://dbpedia.org/ontology/SystemOfLaw
http://kbpedia.org/kko/rc/LegislativeOrganization,kko:dbpedia-ontology-id,http://dbpedia.org/ontology/Legislature
http://kbpedia.org/kko/rc/Letter-Alphabetic,kko:dbpedia-ontology-id,http://dbpedia.org/ontology/Letter
http://kbpedia.org/kko/rc/Library-Organization,kko:dbpedia-ontology-id,http://dbpedia.org/ontology/Library
http://kbpedia.org/kko/rc/Ligament,kko:dbpedia-ontology-id,http://dbpedia.org/ontology/Ligament
http://kbpedia.org/kko/rc/Lighthouse,kko:dbpedia-ontology-id,http://dbpedia.org/ontology/Lighthouse
http://kbpedia.org/kko/rc/Linguist,kko:dbpedia-ontology-id,http://dbpedia.org/ontology/Linguist
http://kbpedia.org/kko/rc/Lipid,kko:dbpedia-ontology-id,http://dbpedia.org/ontology/Lipid
http://kbpedia.org/kko/rc/List-Information,kko:dbpedia-ontology-id,http://dbpedia.org/ontology/List
http://kbpedia.org/kko/rc/LocalReligiousCongregation,kko:dbpedia-ontology-id,http://dbpedia.org/ontology/Parish
http://kbpedia.org/kko/rc/LycophytinaSubdivision,kko:dbpedia-ontology-id,http://dbpedia.org/ontology/ClubMoss
http://kbpedia.org/kko/rc/LymphFluid,kko:dbpedia-ontology-id,http://dbpedia.org/ontology/Lymph
http://kbpedia.org/kko/rc/Magazine,kko:dbpedia-ontology-id,http://dbpedia.org/ontology/Magazine
http://kbpedia.org/kko/rc/Mammal,kko:dbpedia-ontology-id,http://dbpedia.org/ontology/Mammal
http://kbpedia.org/kko/rc/Manga,kko:dbpedia-ontology-id,http://dbpedia.org/ontology/Manga
http://kbpedia.org/kko/rc/Marriage-Agreement,kko:dbpedia-ontology-id,http://dbpedia.org/ontology/Marriage
http://kbpedia.org/kko/rc/MartialArtist,kko:dbpedia-ontology-id,http://dbpedia.org/ontology/MartialArtist
http://kbpedia.org/kko/rc/MartialArtsSportsEvent,kko:dbpedia-ontology-id,http://dbpedia.org/ontology/MixedMartialArtsEvent
http://kbpedia.org/kko/rc/MassTransitSystem,kko:dbpedia-ontology-id,http://dbpedia.org/ontology/PublicTransitSystem
http://kbpedia.org/kko/rc/Matador,kko:dbpedia-ontology-id,http://dbpedia.org/ontology/BullFighter
http://kbpedia.org/kko/rc/Mayor,kko:dbpedia-ontology-id,http://dbpedia.org/ontology/Mayor
http://kbpedia.org/kko/rc/MedicalFieldOfStudy,kko:dbpedia-ontology-id,http://dbpedia.org/ontology/Medicine
http://kbpedia.org/kko/rc/Meeting-SocialGathering,kko:dbpedia-ontology-id,http://dbpedia.org/ontology/Meeting
http://kbpedia.org/kko/rc/MemorialMarker,kko:dbpedia-ontology-id,http://dbpedia.org/ontology/Memorial
http://kbpedia.org/kko/rc/MilitaryAircraft,kko:dbpedia-ontology-id,http://dbpedia.org/ontology/MilitaryAircraft
http://kbpedia.org/kko/rc/MilitaryFacility,kko:dbpedia-ontology-id,http://dbpedia.org/ontology/MilitaryStructure
http://kbpedia.org/kko/rc/MilitaryPerson,kko:dbpedia-ontology-id,http://dbpedia.org/ontology/MilitaryPerson
http://kbpedia.org/kko/rc/MilitaryVehicle,kko:dbpedia-ontology-id,http://dbpedia.org/ontology/MilitaryVehicle
http://kbpedia.org/kko/rc/Mill-ManufacturingFacility,kko:dbpedia-ontology-id,http://dbpedia.org/ontology/Mill
http://kbpedia.org/kko/rc/Mine-ExcavationFacility,kko:dbpedia-ontology-id,http://dbpedia.org/ontology/Mine
http://kbpedia.org/kko/rc/Mineral,kko:dbpedia-ontology-id,http://dbpedia.org/ontology/Mineral
http://kbpedia.org/kko/rc/MobilePhone,kko:dbpedia-ontology-id,http://dbpedia.org/ontology/MobilePhone
http://kbpedia.org/kko/rc/Mollusk,kko:dbpedia-ontology-id,http://dbpedia.org/ontology/Mollusca
http://kbpedia.org/kko/rc/Monarch-HeadOfState,kko:dbpedia-ontology-id,http://dbpedia.org/ontology/Monarch
http://kbpedia.org/kko/rc/Monastery-Residence,kko:dbpedia-ontology-id,http://dbpedia.org/ontology/Monastery
http://kbpedia.org/kko/rc/Monument,kko:dbpedia-ontology-id,http://dbpedia.org/ontology/Monument
http://kbpedia.org/kko/rc/Mosque,kko:dbpedia-ontology-id,http://dbpedia.org/ontology/Mosque
http://kbpedia.org/kko/rc/Moss,kko:dbpedia-ontology-id,http://dbpedia.org/ontology/Moss
http://kbpedia.org/kko/rc/Motorcycle,kko:dbpedia-ontology-id,http://dbpedia.org/ontology/Motorcycle
http://kbpedia.org/kko/rc/Motorcyclist-Professional,kko:dbpedia-ontology-id,http://dbpedia.org/ontology/MotocycleRacer
http://kbpedia.org/kko/rc/MotorRacing,kko:dbpedia-ontology-id,http://dbpedia.org/ontology/MotorRace
http://kbpedia.org/kko/rc/Mountain,kko:dbpedia-ontology-id,http://dbpedia.org/ontology/Mountain
http://kbpedia.org/kko/rc/MountainRange,kko:dbpedia-ontology-id,http://dbpedia.org/ontology/MountainRange
http://kbpedia.org/kko/rc/Movie,kko:dbpedia-ontology-id,http://dbpedia.org/ontology/Film
http://kbpedia.org/kko/rc/MovingImage,kko:dbpedia-ontology-id,http://dbpedia.org/ontology/MovingImage
http://kbpedia.org/kko/rc/Municipality,kko:dbpedia-ontology-id,http://dbpedia.org/ontology/Municipality
http://kbpedia.org/kko/rc/Murderer,kko:dbpedia-ontology-id,http://dbpedia.org/ontology/Murderer
http://kbpedia.org/kko/rc/Muscle,kko:dbpedia-ontology-id,http://dbpedia.org/ontology/Muscle
http://kbpedia.org/kko/rc/Museum-Organization,kko:dbpedia-ontology-id,http://dbpedia.org/ontology/Museum
http://kbpedia.org/kko/rc/Musical,kko:dbpedia-ontology-id,http://dbpedia.org/ontology/Musical
http://kbpedia.org/kko/rc/MusicalComposer,kko:dbpedia-ontology-id,http://dbpedia.org/ontology/MusicComposer
http://kbpedia.org/kko/rc/MusicalComposition,kko:dbpedia-ontology-id,http://dbpedia.org/ontology/MusicalWork
http://kbpedia.org/kko/rc/MusicalComposition-Classical,kko:dbpedia-ontology-id,http://dbpedia.org/ontology/ClassicalMusicComposition
http://kbpedia.org/kko/rc/MusicalComposition-Song,kko:dbpedia-ontology-id,http://dbpedia.org/ontology/Song
http://kbpedia.org/kko/rc/MusicalInstrument,kko:dbpedia-ontology-id,http://dbpedia.org/ontology/Instrument
http://kbpedia.org/kko/rc/MusicalInstrumentPlayer,kko:dbpedia-ontology-id,http://dbpedia.org/ontology/Instrumentalist
http://kbpedia.org/kko/rc/MusicalPerformer,kko:dbpedia-ontology-id,http://dbpedia.org/ontology/ClassicalMusicArtist
http://kbpedia.org/kko/rc/MusicalPerformer,kko:dbpedia-ontology-id,http://dbpedia.org/ontology/MusicalArtist
http://kbpedia.org/kko/rc/MusicDirector,kko:dbpedia-ontology-id,http://dbpedia.org/ontology/MusicDirector
http://kbpedia.org/kko/rc/MusicFestival,kko:dbpedia-ontology-id,http://dbpedia.org/ontology/MusicFestival
http://kbpedia.org/kko/rc/MusicSingle,kko:dbpedia-ontology-id,http://dbpedia.org/ontology/Single
http://kbpedia.org/kko/rc/MusicTypeByGenre,kko:dbpedia-ontology-id,http://dbpedia.org/ontology/MusicGenre
http://kbpedia.org/kko/rc/Name,kko:dbpedia-ontology-id,http://dbpedia.org/ontology/Name
http://kbpedia.org/kko/rc/NASCARDriver,kko:dbpedia-ontology-id,http://dbpedia.org/ontology/NascarDriver
http://kbpedia.org/kko/rc/NationalAnthem,kko:dbpedia-ontology-id,http://dbpedia.org/ontology/NationalAnthem
http://kbpedia.org/kko/rc/NaturalRegion,kko:dbpedia-ontology-id,http://dbpedia.org/ontology/NaturalRegion
http://kbpedia.org/kko/rc/Neighborhood,kko:dbpedia-ontology-id,http://dbpedia.org/ontology/CityDistrict
http://kbpedia.org/kko/rc/Nerve,kko:dbpedia-ontology-id,http://dbpedia.org/ontology/Nerve
http://kbpedia.org/kko/rc/NewspaperSeries,kko:dbpedia-ontology-id,http://dbpedia.org/ontology/Newspaper
http://kbpedia.org/kko/rc/NobelPrize,kko:dbpedia-ontology-id,http://dbpedia.org/ontology/NobelPrize
http://kbpedia.org/kko/rc/NonProfitOrganization,kko:dbpedia-ontology-id,http://dbpedia.org/ontology/Non-ProfitOrganisation
http://kbpedia.org/kko/rc/NordicCombinedSportsEvent,kko:dbpedia-ontology-id,http://dbpedia.org/ontology/NordicCombined
http://kbpedia.org/kko/rc/Novel,kko:dbpedia-ontology-id,http://dbpedia.org/ontology/Novel
http://kbpedia.org/kko/rc/Novella,kko:dbpedia-ontology-id,http://dbpedia.org/ontology/LightNovel
http://kbpedia.org/kko/rc/NuclearPowerStation,kko:dbpedia-ontology-id,http://dbpedia.org/ontology/NuclearPowerStation
http://kbpedia.org/kko/rc/ObjectTypeByStyle,kko:dbpedia-ontology-id,http://dbpedia.org/ontology/Fashion
http://kbpedia.org/kko/rc/Ocean,kko:dbpedia-ontology-id,http://dbpedia.org/ontology/Ocean
http://kbpedia.org/kko/rc/Opera,kko:dbpedia-ontology-id,http://dbpedia.org/ontology/Opera
http://kbpedia.org/kko/rc/Organ-MusicalInstrument,kko:dbpedia-ontology-id,http://dbpedia.org/ontology/Organ
http://kbpedia.org/kko/rc/Organization,kko:dbpedia-ontology-id,http://dbpedia.org/ontology/Organisation
http://kbpedia.org/kko/rc/Orphan,kko:dbpedia-ontology-id,http://dbpedia.org/ontology/Orphan
http://kbpedia.org/kko/rc/Painter-FineArtist,kko:dbpedia-ontology-id,http://dbpedia.org/ontology/Painter
http://kbpedia.org/kko/rc/Painting-ArtForm,kko:dbpedia-ontology-id,http://dbpedia.org/ontology/Painting
http://kbpedia.org/kko/rc/Park,kko:dbpedia-ontology-id,http://dbpedia.org/ontology/Park
http://kbpedia.org/kko/rc/Parliament,kko:dbpedia-ontology-id,http://dbpedia.org/ontology/Parliament
http://kbpedia.org/kko/rc/ParliamentMember,kko:dbpedia-ontology-id,http://dbpedia.org/ontology/MemberOfParliament
http://kbpedia.org/kko/rc/Pass-Geographical,kko:dbpedia-ontology-id,http://dbpedia.org/ontology/MountainPass
http://kbpedia.org/kko/rc/Patriarch,kko:dbpedia-ontology-id,http://dbpedia.org/ontology/ChristianPatriarch
http://kbpedia.org/kko/rc/Person,kko:dbpedia-ontology-id,http://dbpedia.org/ontology/Person
http://kbpedia.org/kko/rc/PersonTypeByEthnicity,kko:dbpedia-ontology-id,http://dbpedia.org/ontology/EthnicGroup
http://kbpedia.org/kko/rc/PharmacyProductType,kko:dbpedia-ontology-id,http://dbpedia.org/ontology/Drug
http://kbpedia.org/kko/rc/Philosopher,kko:dbpedia-ontology-id,http://dbpedia.org/ontology/Philosopher
http://kbpedia.org/kko/rc/PhilosophyBeliefs,kko:dbpedia-ontology-id,http://dbpedia.org/ontology/PhilosophicalConcept
http://kbpedia.org/kko/rc/Photographer,kko:dbpedia-ontology-id,http://dbpedia.org/ontology/Photographer
http://kbpedia.org/kko/rc/PhysicalDevice,kko:dbpedia-ontology-id,http://dbpedia.org/ontology/Device
http://kbpedia.org/kko/rc/Planet,kko:dbpedia-ontology-id,http://dbpedia.org/ontology/Planet
http://kbpedia.org/kko/rc/Plant,kko:dbpedia-ontology-id,http://dbpedia.org/ontology/Plant
http://kbpedia.org/kko/rc/Play,kko:dbpedia-ontology-id,http://dbpedia.org/ontology/Play
http://kbpedia.org/kko/rc/PlayboyModel,kko:dbpedia-ontology-id,http://dbpedia.org/ontology/PlayboyPlaymate
http://kbpedia.org/kko/rc/Playwright,kko:dbpedia-ontology-id,http://dbpedia.org/ontology/PlayWright
http://kbpedia.org/kko/rc/Poem,kko:dbpedia-ontology-id,http://dbpedia.org/ontology/Poem
http://kbpedia.org/kko/rc/Poet,kko:dbpedia-ontology-id,http://dbpedia.org/ontology/Poet
http://kbpedia.org/kko/rc/PokerPlayer,kko:dbpedia-ontology-id,http://dbpedia.org/ontology/PokerPlayer
http://kbpedia.org/kko/rc/PoliticalBeliefSystem,kko:dbpedia-ontology-id,http://dbpedia.org/ontology/Ideology
http://kbpedia.org/kko/rc/PoliticalParty,kko:dbpedia-ontology-id,http://dbpedia.org/ontology/PoliticalParty
http://kbpedia.org/kko/rc/Politician,kko:dbpedia-ontology-id,http://dbpedia.org/ontology/Politician
http://kbpedia.org/kko/rc/Polyhedron,kko:dbpedia-ontology-id,http://dbpedia.org/ontology/Polyhedron
http://kbpedia.org/kko/rc/Polysaccharide,kko:dbpedia-ontology-id,http://dbpedia.org/ontology/Polysaccharide
http://kbpedia.org/kko/rc/Pope,kko:dbpedia-ontology-id,http://dbpedia.org/ontology/Pope
http://kbpedia.org/kko/rc/PopulatedLocality,kko:dbpedia-ontology-id,http://dbpedia.org/ontology/Locality
http://kbpedia.org/kko/rc/PopulatedPlace,kko:dbpedia-ontology-id,http://dbpedia.org/ontology/PopulatedPlace
http://kbpedia.org/kko/rc/PornStar,kko:dbpedia-ontology-id,http://dbpedia.org/ontology/Pornstar
http://kbpedia.org/kko/rc/PortFacility,kko:dbpedia-ontology-id,http://dbpedia.org/ontology/Port
http://kbpedia.org/kko/rc/PowerGenerationComplex,kko:dbpedia-ontology-id,http://dbpedia.org/ontology/PowerStation
http://kbpedia.org/kko/rc/Prefecture,kko:dbpedia-ontology-id,http://dbpedia.org/ontology/Prefecture
http://kbpedia.org/kko/rc/Prehistoric,kko:dbpedia-ontology-id,http://dbpedia.org/ontology/PrehistoricalPeriod
http://kbpedia.org/kko/rc/PrimeMinister-HeadOfGovernment,kko:dbpedia-ontology-id,http://dbpedia.org/ontology/PrimeMinister
http://kbpedia.org/kko/rc/Prison,kko:dbpedia-ontology-id,http://dbpedia.org/ontology/Prison
http://kbpedia.org/kko/rc/Producer,kko:dbpedia-ontology-id,http://dbpedia.org/ontology/Producer
http://kbpedia.org/kko/rc/Professor,kko:dbpedia-ontology-id,http://dbpedia.org/ontology/Professor
http://kbpedia.org/kko/rc/PropositionalConceptualWork-DramaGenre,kko:dbpedia-ontology-id,http://dbpedia.org/ontology/Drama
http://kbpedia.org/kko/rc/ProteinMolecule,kko:dbpedia-ontology-id,http://dbpedia.org/ontology/Protein
http://kbpedia.org/kko/rc/Province,kko:dbpedia-ontology-id,http://dbpedia.org/ontology/Province
http://kbpedia.org/kko/rc/Psychologist,kko:dbpedia-ontology-id,http://dbpedia.org/ontology/Psychologist
http://kbpedia.org/kko/rc/Publisher,kko:dbpedia-ontology-id,http://dbpedia.org/ontology/Publisher
http://kbpedia.org/kko/rc/PyramidMonument,kko:dbpedia-ontology-id,http://dbpedia.org/ontology/Pyramid
http://kbpedia.org/kko/rc/Racehorse,kko:dbpedia-ontology-id,http://dbpedia.org/ontology/RaceHorse
http://kbpedia.org/kko/rc/RaceTrack,kko:dbpedia-ontology-id,http://dbpedia.org/ontology/RaceTrack
http://kbpedia.org/kko/rc/RacingSportsEvent,kko:dbpedia-ontology-id,http://dbpedia.org/ontology/Race
http://kbpedia.org/kko/rc/RadioShow,kko:dbpedia-ontology-id,http://dbpedia.org/ontology/RadioProgram
http://kbpedia.org/kko/rc/RadioStation-Organization,kko:dbpedia-ontology-id,http://dbpedia.org/ontology/RadioStation
http://kbpedia.org/kko/rc/RailroadStation,kko:dbpedia-ontology-id,http://dbpedia.org/ontology/RailwayStation
http://kbpedia.org/kko/rc/Railway,kko:dbpedia-ontology-id,http://dbpedia.org/ontology/RailwayLine
http://kbpedia.org/kko/rc/RecordCompany,kko:dbpedia-ontology-id,http://dbpedia.org/ontology/RecordLabel
http://kbpedia.org/kko/rc/Referee,kko:dbpedia-ontology-id,http://dbpedia.org/ontology/Referee
http://kbpedia.org/kko/rc/ReferenceWork,kko:dbpedia-ontology-id,http://dbpedia.org/ontology/Reference
http://kbpedia.org/kko/rc/ReligiousBuilding,kko:dbpedia-ontology-id,http://dbpedia.org/ontology/ReligiousBuilding
http://kbpedia.org/kko/rc/ReligiousOrganization,kko:dbpedia-ontology-id,http://dbpedia.org/ontology/ClericalOrder
http://kbpedia.org/kko/rc/ReligiousOrganization,kko:dbpedia-ontology-id,http://dbpedia.org/ontology/ReligiousOrganisation
http://kbpedia.org/kko/rc/ReligiousPerson,kko:dbpedia-ontology-id,http://dbpedia.org/ontology/Religious
http://kbpedia.org/kko/rc/Reptile,kko:dbpedia-ontology-id,http://dbpedia.org/ontology/Reptile
http://kbpedia.org/kko/rc/ResearchProject,kko:dbpedia-ontology-id,http://dbpedia.org/ontology/ResearchProject
http://kbpedia.org/kko/rc/RestArea,kko:dbpedia-ontology-id,http://dbpedia.org/ontology/RestArea
http://kbpedia.org/kko/rc/Restaurant,kko:dbpedia-ontology-id,http://dbpedia.org/ontology/Restaurant
http://kbpedia.org/kko/rc/Resume,kko:dbpedia-ontology-id,http://dbpedia.org/ontology/Resume
http://kbpedia.org/kko/rc/River,kko:dbpedia-ontology-id,http://dbpedia.org/ontology/River
http://kbpedia.org/kko/rc/Roadway,kko:dbpedia-ontology-id,http://dbpedia.org/ontology/Road
http://kbpedia.org/kko/rc/RoadwayJunction,kko:dbpedia-ontology-id,http://dbpedia.org/ontology/RoadJunction
http://kbpedia.org/kko/rc/RocketEngine,kko:dbpedia-ontology-id,http://dbpedia.org/ontology/RocketEngine
http://kbpedia.org/kko/rc/RollerCoaster,kko:dbpedia-ontology-id,http://dbpedia.org/ontology/RollerCoaster
http://kbpedia.org/kko/rc/RomanCatholicCardinal,kko:dbpedia-ontology-id,http://dbpedia.org/ontology/Cardinal
http://kbpedia.org/kko/rc/RugbyPlayer,kko:dbpedia-ontology-id,http://dbpedia.org/ontology/RugbyPlayer
http://kbpedia.org/kko/rc/Saint,kko:dbpedia-ontology-id,http://dbpedia.org/ontology/Saint
http://kbpedia.org/kko/rc/SalesActivity,kko:dbpedia-ontology-id,http://dbpedia.org/ontology/Sales
http://kbpedia.org/kko/rc/Satellite,kko:dbpedia-ontology-id,http://dbpedia.org/ontology/ArtificialSatellite
http://kbpedia.org/kko/rc/School-AcademicOrganization,kko:dbpedia-ontology-id,http://dbpedia.org/ontology/School
http://kbpedia.org/kko/rc/Scientist,kko:dbpedia-ontology-id,http://dbpedia.org/ontology/Scientist
http://kbpedia.org/kko/rc/Screenwriter,kko:dbpedia-ontology-id,http://dbpedia.org/ontology/ScreenWriter
http://kbpedia.org/kko/rc/Sculptor,kko:dbpedia-ontology-id,http://dbpedia.org/ontology/Sculptor
http://kbpedia.org/kko/rc/Sculpture,kko:dbpedia-ontology-id,http://dbpedia.org/ontology/Sculpture
http://kbpedia.org/kko/rc/Sea,kko:dbpedia-ontology-id,http://dbpedia.org/ontology/Sea
http://kbpedia.org/kko/rc/SerialKiller,kko:dbpedia-ontology-id,http://dbpedia.org/ontology/SerialKiller
http://kbpedia.org/kko/rc/ServiceStation,kko:dbpedia-ontology-id,http://dbpedia.org/ontology/FillingStation
http://kbpedia.org/kko/rc/Ship,kko:dbpedia-ontology-id,http://dbpedia.org/ontology/Ship
http://kbpedia.org/kko/rc/ShoppingMallBuilding,kko:dbpedia-ontology-id,http://dbpedia.org/ontology/ShoppingMall
http://kbpedia.org/kko/rc/Shrine-Religious,kko:dbpedia-ontology-id,http://dbpedia.org/ontology/Shrine
http://kbpedia.org/kko/rc/Singer,kko:dbpedia-ontology-id,http://dbpedia.org/ontology/Singer
http://kbpedia.org/kko/rc/SkiArea,kko:dbpedia-ontology-id,http://dbpedia.org/ontology/SkiArea
http://kbpedia.org/kko/rc/SkiResort-Attraction,kko:dbpedia-ontology-id,http://dbpedia.org/ontology/SkiResort
http://kbpedia.org/kko/rc/Skyscraper,kko:dbpedia-ontology-id,http://dbpedia.org/ontology/Skyscraper
http://kbpedia.org/kko/rc/SnowSkier,kko:dbpedia-ontology-id,http://dbpedia.org/ontology/Skier
http://kbpedia.org/kko/rc/Soccer,kko:dbpedia-ontology-id,http://dbpedia.org/ontology/Soccer
http://kbpedia.org/kko/rc/SoccerCompetition,kko:dbpedia-ontology-id,http://dbpedia.org/ontology/SoccerTournament
http://kbpedia.org/kko/rc/SoccerPlayer,kko:dbpedia-ontology-id,http://dbpedia.org/ontology/SoccerPlayer
http://kbpedia.org/kko/rc/SocialOccurrence,kko:dbpedia-ontology-id,http://dbpedia.org/ontology/SocietalEvent
http://kbpedia.org/kko/rc/SolarEclipse,kko:dbpedia-ontology-id,http://dbpedia.org/ontology/SolarEclipse
http://kbpedia.org/kko/rc/Songwriter,kko:dbpedia-ontology-id,http://dbpedia.org/ontology/SongWriter
http://kbpedia.org/kko/rc/Sound,kko:dbpedia-ontology-id,http://dbpedia.org/ontology/Sound
http://kbpedia.org/kko/rc/Spacecraft,kko:dbpedia-ontology-id,http://dbpedia.org/ontology/Spacecraft
http://kbpedia.org/kko/rc/SpaceMission,kko:dbpedia-ontology-id,http://dbpedia.org/ontology/SpaceMission
http://kbpedia.org/kko/rc/SpaceShuttle,kko:dbpedia-ontology-id,http://dbpedia.org/ontology/SpaceShuttle
http://kbpedia.org/kko/rc/SpaceStation,kko:dbpedia-ontology-id,http://dbpedia.org/ontology/SpaceStation
http://kbpedia.org/kko/rc/Sport,kko:dbpedia-ontology-id,http://dbpedia.org/ontology/Sport
http://kbpedia.org/kko/rc/SportsClub,kko:dbpedia-ontology-id,http://dbpedia.org/ontology/SportsClub
http://kbpedia.org/kko/rc/SportsCoach,kko:dbpedia-ontology-id,http://dbpedia.org/ontology/Coach
http://kbpedia.org/kko/rc/SportSeason,kko:dbpedia-ontology-id,http://dbpedia.org/ontology/SportsSeason
http://kbpedia.org/kko/rc/SportSeason,kko:dbpedia-ontology-id,http://dbpedia.org/ontology/SportsTeamSeason
http://kbpedia.org/kko/rc/SportsEvent,kko:dbpedia-ontology-id,http://dbpedia.org/ontology/SportsEvent
http://kbpedia.org/kko/rc/SportsLeague,kko:dbpedia-ontology-id,http://dbpedia.org/ontology/SportsLeague
http://kbpedia.org/kko/rc/SportsTeam,kko:dbpedia-ontology-id,http://dbpedia.org/ontology/SportsTeam
http://kbpedia.org/kko/rc/SquashPlayer,kko:dbpedia-ontology-id,http://dbpedia.org/ontology/SquashPlayer
http://kbpedia.org/kko/rc/Stadium,kko:dbpedia-ontology-id,http://dbpedia.org/ontology/Arena
http://kbpedia.org/kko/rc/Stadium,kko:dbpedia-ontology-id,http://dbpedia.org/ontology/Stadium
http://kbpedia.org/kko/rc/Star,kko:dbpedia-ontology-id,http://dbpedia.org/ontology/Star
http://kbpedia.org/kko/rc/State-Geopolitical,kko:dbpedia-ontology-id,http://dbpedia.org/ontology/State
http://kbpedia.org/kko/rc/StateGovernor,kko:dbpedia-ontology-id,http://dbpedia.org/ontology/Governor
http://kbpedia.org/kko/rc/Statistics,kko:dbpedia-ontology-id,http://dbpedia.org/ontology/Statistic
http://kbpedia.org/kko/rc/StillImage,kko:dbpedia-ontology-id,http://dbpedia.org/ontology/StillImage
http://kbpedia.org/kko/rc/Stream,kko:dbpedia-ontology-id,http://dbpedia.org/ontology/Stream
http://kbpedia.org/kko/rc/Street-Generic,kko:dbpedia-ontology-id,http://dbpedia.org/ontology/Street
http://kbpedia.org/kko/rc/Streetcar,kko:dbpedia-ontology-id,http://dbpedia.org/ontology/Tram
http://kbpedia.org/kko/rc/SubwayStation,kko:dbpedia-ontology-id,http://dbpedia.org/ontology/MetroStation
http://kbpedia.org/kko/rc/Surfer,kko:dbpedia-ontology-id,http://dbpedia.org/ontology/Surfer
http://kbpedia.org/kko/rc/Swimmer,kko:dbpedia-ontology-id,http://dbpedia.org/ontology/Swimmer
http://kbpedia.org/kko/rc/Synagogue,kko:dbpedia-ontology-id,http://dbpedia.org/ontology/Synagogue
http://kbpedia.org/kko/rc/TalkShowHost,kko:dbpedia-ontology-id,http://dbpedia.org/ontology/Host
http://kbpedia.org/kko/rc/Tax-COC,kko:dbpedia-ontology-id,http://dbpedia.org/ontology/Tax
http://kbpedia.org/kko/rc/TeamSport,kko:dbpedia-ontology-id,http://dbpedia.org/ontology/TeamSport
http://kbpedia.org/kko/rc/TelevisionDirector,kko:dbpedia-ontology-id,http://dbpedia.org/ontology/TelevisionDirector
http://kbpedia.org/kko/rc/TelevisionStar,kko:dbpedia-ontology-id,http://dbpedia.org/ontology/TelevisionPersonality
http://kbpedia.org/kko/rc/TelevisionStation,kko:dbpedia-ontology-id,http://dbpedia.org/ontology/TelevisionStation
http://kbpedia.org/kko/rc/Temple,kko:dbpedia-ontology-id,http://dbpedia.org/ontology/Temple
http://kbpedia.org/kko/rc/TennisPlayer,kko:dbpedia-ontology-id,http://dbpedia.org/ontology/TennisPlayer
http://kbpedia.org/kko/rc/TennisTournament,kko:dbpedia-ontology-id,http://dbpedia.org/ontology/TennisTournament
http://kbpedia.org/kko/rc/Territory,kko:dbpedia-ontology-id,http://dbpedia.org/ontology/Territory
http://kbpedia.org/kko/rc/TextualPCW,kko:dbpedia-ontology-id,http://dbpedia.org/ontology/WrittenWork
http://kbpedia.org/kko/rc/Theater-PhysicalStructure,kko:dbpedia-ontology-id,http://dbpedia.org/ontology/Theatre
http://kbpedia.org/kko/rc/TheatreDirector,kko:dbpedia-ontology-id,http://dbpedia.org/ontology/TheatreDirector
http://kbpedia.org/kko/rc/TimeInterval,kko:dbpedia-ontology-id,http://dbpedia.org/ontology/TimePeriod
http://kbpedia.org/kko/rc/ToDoList,kko:dbpedia-ontology-id,http://dbpedia.org/ontology/TrackList
http://kbpedia.org/kko/rc/Tournament,kko:dbpedia-ontology-id,http://dbpedia.org/ontology/Tournament
http://kbpedia.org/kko/rc/Tower,kko:dbpedia-ontology-id,http://dbpedia.org/ontology/Tower
http://kbpedia.org/kko/rc/Town,kko:dbpedia-ontology-id,http://dbpedia.org/ontology/Town
http://kbpedia.org/kko/rc/TownSquare,kko:dbpedia-ontology-id,http://dbpedia.org/ontology/Square
http://kbpedia.org/kko/rc/TradeUnion,kko:dbpedia-ontology-id,http://dbpedia.org/ontology/TradeUnion
http://kbpedia.org/kko/rc/Train,kko:dbpedia-ontology-id,http://dbpedia.org/ontology/Train
http://kbpedia.org/kko/rc/TrainEngine,kko:dbpedia-ontology-id,http://dbpedia.org/ontology/Locomotive
http://kbpedia.org/kko/rc/TransformerSubstation,kko:dbpedia-ontology-id,http://dbpedia.org/ontology/ElectricalSubstation
http://kbpedia.org/kko/rc/TransportationDevice-Vehicle,kko:dbpedia-ontology-id,http://dbpedia.org/ontology/MeanOfTransportation
http://kbpedia.org/kko/rc/TravelRoute,kko:dbpedia-ontology-id,http://dbpedia.org/ontology/RouteOfTransportation
http://kbpedia.org/kko/rc/Treadmill,kko:dbpedia-ontology-id,http://dbpedia.org/ontology/Treadmill
http://kbpedia.org/kko/rc/Treaty,kko:dbpedia-ontology-id,http://dbpedia.org/ontology/Treaty
http://kbpedia.org/kko/rc/Tunnel,kko:dbpedia-ontology-id,http://dbpedia.org/ontology/Tunnel
http://kbpedia.org/kko/rc/TVSeason,kko:dbpedia-ontology-id,http://dbpedia.org/ontology/TelevisionSeason
http://kbpedia.org/kko/rc/TVShow,kko:dbpedia-ontology-id,http://dbpedia.org/ontology/TelevisionShow
http://kbpedia.org/kko/rc/TVShow-Single,kko:dbpedia-ontology-id,http://dbpedia.org/ontology/TelevisionEpisode
http://kbpedia.org/kko/rc/TVShowHost,kko:dbpedia-ontology-id,http://dbpedia.org/ontology/TelevisionHost
http://kbpedia.org/kko/rc/UNESCOWorldHertitageSite,kko:dbpedia-ontology-id,http://dbpedia.org/ontology/WorldHeritageSite
http://kbpedia.org/kko/rc/University,kko:dbpedia-ontology-id,http://dbpedia.org/ontology/University
http://kbpedia.org/kko/rc/USRepresentative,kko:dbpedia-ontology-id,http://dbpedia.org/ontology/Congressman
http://kbpedia.org/kko/rc/Valley,kko:dbpedia-ontology-id,http://dbpedia.org/ontology/Valley
http://kbpedia.org/kko/rc/Valuable-PersonalPossession,kko:dbpedia-ontology-id,http://dbpedia.org/ontology/CollectionOfValuables
http://kbpedia.org/kko/rc/Vein,kko:dbpedia-ontology-id,http://dbpedia.org/ontology/Vein
http://kbpedia.org/kko/rc/VicePresidentOfOrganization,kko:dbpedia-ontology-id,http://dbpedia.org/ontology/VicePresident
http://kbpedia.org/kko/rc/Village,kko:dbpedia-ontology-id,http://dbpedia.org/ontology/Settlement
http://kbpedia.org/kko/rc/Village,kko:dbpedia-ontology-id,http://dbpedia.org/ontology/Village
http://kbpedia.org/kko/rc/VisualImage,kko:dbpedia-ontology-id,http://dbpedia.org/ontology/Image
http://kbpedia.org/kko/rc/VisualWork,kko:dbpedia-ontology-id,http://dbpedia.org/ontology/Artwork
http://kbpedia.org/kko/rc/ViticulturalDomain,kko:dbpedia-ontology-id,http://dbpedia.org/ontology/WineRegion
http://kbpedia.org/kko/rc/Vodka,kko:dbpedia-ontology-id,http://dbpedia.org/ontology/Vodka
http://kbpedia.org/kko/rc/Volcano,kko:dbpedia-ontology-id,http://dbpedia.org/ontology/Volcano
http://kbpedia.org/kko/rc/VolleyballPlayer,kko:dbpedia-ontology-id,http://dbpedia.org/ontology/VolleyballPlayer
http://kbpedia.org/kko/rc/WaterPoweredMill,kko:dbpedia-ontology-id,http://dbpedia.org/ontology/Watermill
http://kbpedia.org/kko/rc/WaterTower,kko:dbpedia-ontology-id,http://dbpedia.org/ontology/WaterTower
http://kbpedia.org/kko/rc/WaterwayLock,kko:dbpedia-ontology-id,http://dbpedia.org/ontology/Lock
http://kbpedia.org/kko/rc/Weapon,kko:dbpedia-ontology-id,http://dbpedia.org/ontology/Weapon
http://kbpedia.org/kko/rc/WebSite,kko:dbpedia-ontology-id,http://dbpedia.org/ontology/Website
http://kbpedia.org/kko/rc/Windmill,kko:dbpedia-ontology-id,http://dbpedia.org/ontology/Windmill
http://kbpedia.org/kko/rc/WindPoweredTurbine,kko:dbpedia-ontology-id,http://dbpedia.org/ontology/WindMotor
http://kbpedia.org/kko/rc/Wine,kko:dbpedia-ontology-id,http://dbpedia.org/ontology/Wine
http://kbpedia.org/kko/rc/Winery,kko:dbpedia-ontology-id,http://dbpedia.org/ontology/Winery
http://kbpedia.org/kko/rc/WomensTennisAssociationTournament,kko:dbpedia-ontology-id,http://dbpedia.org/ontology/WomensTennisAssociationTournament
http://kbpedia.org/kko/rc/Wrestler,kko:dbpedia-ontology-id,http://dbpedia.org/ontology/Wrestler
http://kbpedia.org/kko/rc/WrestlingSportsEvent,kko:dbpedia-ontology-id,http://dbpedia.org/ontology/WrestlingEvent
http://kbpedia.org/kko/rc/Writer,kko:dbpedia-ontology-id,http://dbpedia.org/ontology/Writer
http://kbpedia.org/kko/rc/ZooOrganization,kko:dbpedia-ontology-id,http://dbpedia.org/ontology/Zoo
http://kbpedia.org/ontologies/kko#TopicsCategories,kko:dbpedia-ontology-id,http://dbpedia.org/ontology/TopicalConcept
