s,p,o
http://kbpedia.org/kko/rc/Abdomen,kko:schema-org-id,http://schema.org/Abdomen
http://kbpedia.org/kko/rc/AboutPage,kko:schema-org-id,http://schema.org/AboutPage
http://kbpedia.org/kko/rc/Accepting-CommunicationAct,kko:schema-org-id,http://schema.org/AcceptAction
http://kbpedia.org/kko/rc/AcceptingAnInvitation,kko:schema-org-id,http://schema.org/RsvpAction
http://kbpedia.org/kko/rc/Accommodating-HelpingAnAgent,kko:schema-org-id,http://schema.org/Accommodation
http://kbpedia.org/kko/rc/AccountingFirm,kko:schema-org-id,http://schema.org/AccountingService
http://kbpedia.org/kko/rc/AccountTypeByStatus,kko:schema-org-id,http://schema.org/OrderStatus
http://kbpedia.org/kko/rc/AccountTypeByStatus,kko:schema-org-id,http://schema.org/PaymentStatusType
http://kbpedia.org/kko/rc/Action,kko:schema-org-id,http://schema.org/Action
http://kbpedia.org/kko/rc/ActionTypeByWorkflowStatus,kko:schema-org-id,http://schema.org/EventStatusType
http://kbpedia.org/kko/rc/AdultEntertainment,kko:schema-org-id,http://schema.org/AdultEntertainment
http://kbpedia.org/kko/rc/AggregateOffer,kko:schema-org-id,http://schema.org/AggregateOffer
http://kbpedia.org/kko/rc/AggregateRating,kko:schema-org-id,http://schema.org/AggregateRating
http://kbpedia.org/kko/rc/AilmentCondition,kko:schema-org-id,http://schema.org/MedicalCondition
http://kbpedia.org/kko/rc/AirlineCompany,kko:schema-org-id,http://schema.org/Airline
http://kbpedia.org/kko/rc/AirlineReservation,kko:schema-org-id,http://schema.org/FlightReservation
http://kbpedia.org/kko/rc/AirplaneTrip,kko:schema-org-id,http://schema.org/Flight
http://kbpedia.org/kko/rc/Airport-Physical,kko:schema-org-id,http://schema.org/Airport
http://kbpedia.org/kko/rc/Album,kko:schema-org-id,http://schema.org/MusicAlbum
http://kbpedia.org/kko/rc/AligningSomething,kko:schema-org-id,http://schema.org/AlignmentObject
http://kbpedia.org/kko/rc/Allocation,kko:schema-org-id,http://schema.org/AllocateAction
http://kbpedia.org/kko/rc/AlternativeMedicine,kko:schema-org-id,http://schema.org/Homeopathic
http://kbpedia.org/kko/rc/AmusementPark,kko:schema-org-id,http://schema.org/AmusementPark
http://kbpedia.org/kko/rc/AnatomicalVessel,kko:schema-org-id,http://schema.org/Vessel
http://kbpedia.org/kko/rc/Anesthesia,kko:schema-org-id,http://schema.org/Anesthesia
http://kbpedia.org/kko/rc/AnimalBodyPart,kko:schema-org-id,http://schema.org/AnatomicalStructure
http://kbpedia.org/kko/rc/ApartmentComplex,kko:schema-org-id,http://schema.org/ApartmentComplex
http://kbpedia.org/kko/rc/ApartmentUnit,kko:schema-org-id,http://schema.org/Apartment
http://kbpedia.org/kko/rc/Applet-ComputerProgram,kko:schema-org-id,http://schema.org/MobileApplication
http://kbpedia.org/kko/rc/ApplicationProgram,kko:schema-org-id,http://schema.org/SoftwareApplication
http://kbpedia.org/kko/rc/ApplicationProgrammingInterface,kko:schema-org-id,http://schema.org/APIReference
http://kbpedia.org/kko/rc/ApplyingResourceEvent,kko:schema-org-id,http://schema.org/ApplyAction
http://kbpedia.org/kko/rc/Approval-CommunicationAct,kko:schema-org-id,http://schema.org/AgreeAction
http://kbpedia.org/kko/rc/ApprovingARequest,kko:schema-org-id,http://schema.org/AuthorizeAction
http://kbpedia.org/kko/rc/Aquarium,kko:schema-org-id,http://schema.org/Aquarium
http://kbpedia.org/kko/rc/ArrivingAtAPlace,kko:schema-org-id,http://schema.org/ArriveAction
http://kbpedia.org/kko/rc/Artery,kko:schema-org-id,http://schema.org/Artery
http://kbpedia.org/kko/rc/ArtExhibit,kko:schema-org-id,http://schema.org/VisualArtsEvent
http://kbpedia.org/kko/rc/Article-PCW,kko:schema-org-id,http://schema.org/Article
http://kbpedia.org/kko/rc/Artifact-Intangible,kko:schema-org-id,http://schema.org/Intangible
http://kbpedia.org/kko/rc/AssigningATask,kko:schema-org-id,http://schema.org/AssignAction
http://kbpedia.org/kko/rc/Atlas,kko:schema-org-id,http://schema.org/Atlas
http://kbpedia.org/kko/rc/AudioBook,kko:schema-org-id,http://schema.org/Audiobook
http://kbpedia.org/kko/rc/AudioClip,kko:schema-org-id,http://schema.org/RadioClip
http://kbpedia.org/kko/rc/AudioConceptualWork,kko:schema-org-id,http://schema.org/AudioObject
http://kbpedia.org/kko/rc/AutoBodyShop,kko:schema-org-id,http://schema.org/AutoBodyShop
http://kbpedia.org/kko/rc/AutoDealership,kko:schema-org-id,http://schema.org/AutoDealer
http://kbpedia.org/kko/rc/AutoEngine,kko:schema-org-id,http://schema.org/EngineSpecification
http://kbpedia.org/kko/rc/AutomaticTellerMachine,kko:schema-org-id,http://schema.org/AutomatedTeller
http://kbpedia.org/kko/rc/Automobile,kko:schema-org-id,http://schema.org/Car
http://kbpedia.org/kko/rc/AutomobileSteeringSystem,kko:schema-org-id,http://schema.org/SteeringPositionValue
http://kbpedia.org/kko/rc/AutomotiveBusiness,kko:schema-org-id,http://schema.org/AutomotiveBusiness
http://kbpedia.org/kko/rc/AutoPartsStore,kko:schema-org-id,http://schema.org/AutoPartsStore
http://kbpedia.org/kko/rc/AutoRentalCompany,kko:schema-org-id,http://schema.org/AutoRental
http://kbpedia.org/kko/rc/AutoRepairShop,kko:schema-org-id,http://schema.org/AutoRepair
http://kbpedia.org/kko/rc/Ayurveda,kko:schema-org-id,http://schema.org/Ayurvedic
http://kbpedia.org/kko/rc/Bacterium,kko:schema-org-id,http://schema.org/Bacteria
http://kbpedia.org/kko/rc/BakeryStore,kko:schema-org-id,http://schema.org/Bakery
http://kbpedia.org/kko/rc/BankAccount,kko:schema-org-id,http://schema.org/BankAccount
http://kbpedia.org/kko/rc/BankOrganization,kko:schema-org-id,http://schema.org/BankOrCreditUnion
http://kbpedia.org/kko/rc/Bar-DrinkingEstablishment,kko:schema-org-id,http://schema.org/BarOrPub
http://kbpedia.org/kko/rc/Barcode,kko:schema-org-id,http://schema.org/Barcode
http://kbpedia.org/kko/rc/Beach,kko:schema-org-id,http://schema.org/Beach
http://kbpedia.org/kko/rc/Beauty-CosmeticsOrganization,kko:schema-org-id,http://schema.org/HealthAndBeautyBusiness
http://kbpedia.org/kko/rc/Bed,kko:schema-org-id,http://schema.org/BedType
http://kbpedia.org/kko/rc/BedAndBreakfast,kko:schema-org-id,http://schema.org/BedAndBreakfast
http://kbpedia.org/kko/rc/BefriendingAnAgent,kko:schema-org-id,http://schema.org/BefriendAction
http://kbpedia.org/kko/rc/BeginningAnActivity,kko:schema-org-id,http://schema.org/SubscribeAction
http://kbpedia.org/kko/rc/BicycleShop,kko:schema-org-id,http://schema.org/BikeStore
http://kbpedia.org/kko/rc/BidOnSale,kko:schema-org-id,http://schema.org/QuoteAction
http://kbpedia.org/kko/rc/Bill-PaymentRequest,kko:schema-org-id,http://schema.org/Invoice
http://kbpedia.org/kko/rc/BlogPosting,kko:schema-org-id,http://schema.org/BlogPosting
http://kbpedia.org/kko/rc/BloodTest,kko:schema-org-id,http://schema.org/BloodTest
http://kbpedia.org/kko/rc/BoardingATransportationDevice,kko:schema-org-id,http://schema.org/BoardingPolicyType
http://kbpedia.org/kko/rc/BodyOfWater,kko:schema-org-id,http://schema.org/BodyOfWater
http://kbpedia.org/kko/rc/BoneStructure,kko:schema-org-id,http://schema.org/Bone
http://kbpedia.org/kko/rc/BookCopy,kko:schema-org-id,http://schema.org/BookFormatType
http://kbpedia.org/kko/rc/BookGeneric,kko:schema-org-id,http://schema.org/Book
http://kbpedia.org/kko/rc/BookSeries,kko:schema-org-id,http://schema.org/BookSeries
http://kbpedia.org/kko/rc/Bookstore,kko:schema-org-id,http://schema.org/BookStore
http://kbpedia.org/kko/rc/BorrowingSomething,kko:schema-org-id,http://schema.org/BorrowAction
http://kbpedia.org/kko/rc/BowlingAlley,kko:schema-org-id,http://schema.org/BowlingAlley
http://kbpedia.org/kko/rc/Brain,kko:schema-org-id,http://schema.org/BrainStructure
http://kbpedia.org/kko/rc/Brewery,kko:schema-org-id,http://schema.org/Brewery
http://kbpedia.org/kko/rc/Bridge,kko:schema-org-id,http://schema.org/Bridge
http://kbpedia.org/kko/rc/BroadcastSeriesProduct,kko:schema-org-id,http://schema.org/Series
http://kbpedia.org/kko/rc/Broker,kko:schema-org-id,http://schema.org/Broker
http://kbpedia.org/kko/rc/BuddhistTemple,kko:schema-org-id,http://schema.org/BuddhistTemple
http://kbpedia.org/kko/rc/BuildingContractor-Organization,kko:schema-org-id,http://schema.org/HomeAndConstructionBusiness
http://kbpedia.org/kko/rc/Bus-RoadVehicle,kko:schema-org-id,http://schema.org/BusOrCoach
http://kbpedia.org/kko/rc/Business,kko:schema-org-id,http://schema.org/LocalBusiness
http://kbpedia.org/kko/rc/BusinessEvent,kko:schema-org-id,http://schema.org/BusinessEvent
http://kbpedia.org/kko/rc/BusinessRelatedThing,kko:schema-org-id,http://schema.org/BusinessEntityType
http://kbpedia.org/kko/rc/BusStation,kko:schema-org-id,http://schema.org/BusStation
http://kbpedia.org/kko/rc/BusStop,kko:schema-org-id,http://schema.org/BusStop
http://kbpedia.org/kko/rc/BuyingActivity,kko:schema-org-id,http://schema.org/BuyAction
http://kbpedia.org/kko/rc/CalendarSeasonType,kko:schema-org-id,http://schema.org/Season
http://kbpedia.org/kko/rc/Campground,kko:schema-org-id,http://schema.org/Campground
http://kbpedia.org/kko/rc/Campsite,kko:schema-org-id,http://schema.org/CampingPitch
http://kbpedia.org/kko/rc/Canal,kko:schema-org-id,http://schema.org/Canal
http://kbpedia.org/kko/rc/Canceling-Declaring-Evaluating,kko:schema-org-id,http://schema.org/CancelAction
http://kbpedia.org/kko/rc/CarWashShop,kko:schema-org-id,http://schema.org/AutoWash
http://kbpedia.org/kko/rc/Casino-Organization,kko:schema-org-id,http://schema.org/Casino
http://kbpedia.org/kko/rc/Catalog,kko:schema-org-id,http://schema.org/OfferCatalog
http://kbpedia.org/kko/rc/CatholicChurch,kko:schema-org-id,http://schema.org/CatholicChurch
http://kbpedia.org/kko/rc/Chapter-PCW,kko:schema-org-id,http://schema.org/Chapter
http://kbpedia.org/kko/rc/CharitableDonation,kko:schema-org-id,http://schema.org/DonateAction
http://kbpedia.org/kko/rc/Check-in,kko:schema-org-id,http://schema.org/CheckInAction
http://kbpedia.org/kko/rc/Checking-Evaluating,kko:schema-org-id,http://schema.org/CheckAction
http://kbpedia.org/kko/rc/CheckoutPage,kko:schema-org-id,http://schema.org/CheckoutPage
http://kbpedia.org/kko/rc/ChildrensEvent,kko:schema-org-id,http://schema.org/ChildrensEvent
http://kbpedia.org/kko/rc/Chiropractic,kko:schema-org-id,http://schema.org/Chiropractic
http://kbpedia.org/kko/rc/Church-Building,kko:schema-org-id,http://schema.org/Church
http://kbpedia.org/kko/rc/CinemaOrMovieTheater,kko:schema-org-id,http://schema.org/MovieTheater
http://kbpedia.org/kko/rc/CircularRegion,kko:schema-org-id,http://schema.org/GeoCircle
http://kbpedia.org/kko/rc/City,kko:schema-org-id,http://schema.org/City
http://kbpedia.org/kko/rc/CityHall-Building,kko:schema-org-id,http://schema.org/CityHall
http://kbpedia.org/kko/rc/ClassificationSystem,kko:schema-org-id,http://schema.org/CategoryCode
http://kbpedia.org/kko/rc/ClassificationSystem,kko:schema-org-id,http://schema.org/CategoryCodeSet
http://kbpedia.org/kko/rc/ClinicalTrial,kko:schema-org-id,http://schema.org/MedicalTrial
http://kbpedia.org/kko/rc/ClothingStore,kko:schema-org-id,http://schema.org/ClothingStore
http://kbpedia.org/kko/rc/CoffeeHouse-Organization,kko:schema-org-id,http://schema.org/CafeOrCoffeeShop
http://kbpedia.org/kko/rc/Collection,kko:schema-org-id,http://schema.org/Class
http://kbpedia.org/kko/rc/CollectionPage,kko:schema-org-id,http://schema.org/CollectionPage
http://kbpedia.org/kko/rc/CollectionType,kko:schema-org-id,http://schema.org/Collection
http://kbpedia.org/kko/rc/ComedyNightClub,kko:schema-org-id,http://schema.org/ComedyClub
http://kbpedia.org/kko/rc/ComicBookIssue,kko:schema-org-id,http://schema.org/ComicIssue
http://kbpedia.org/kko/rc/ComicBookSeries,kko:schema-org-id,http://schema.org/ComicSeries
http://kbpedia.org/kko/rc/ComicStrip,kko:schema-org-id,http://schema.org/ComicStory
http://kbpedia.org/kko/rc/Commentary,kko:schema-org-id,http://schema.org/Comment
http://kbpedia.org/kko/rc/CommercialOrganization,kko:schema-org-id,http://schema.org/Corporation
http://kbpedia.org/kko/rc/CommercialPassengerTransportation,kko:schema-org-id,http://schema.org/Taxi
http://kbpedia.org/kko/rc/Communicating,kko:schema-org-id,http://schema.org/CommunicateAction
http://kbpedia.org/kko/rc/CommunityHealth,kko:schema-org-id,http://schema.org/CommunityHealth
http://kbpedia.org/kko/rc/CompletedStatus,kko:schema-org-id,http://schema.org/CompletedActionStatus
http://kbpedia.org/kko/rc/ComputerCode,kko:schema-org-id,http://schema.org/Code
http://kbpedia.org/kko/rc/ComputerCode-Source,kko:schema-org-id,http://schema.org/SoftwareSourceCode
http://kbpedia.org/kko/rc/ComputerDatabase,kko:schema-org-id,http://schema.org/Dataset
http://kbpedia.org/kko/rc/ComputerGameProgram-Graphical,kko:schema-org-id,http://schema.org/VideoGame
http://kbpedia.org/kko/rc/ComputerLanguage,kko:schema-org-id,http://schema.org/ComputerLanguage
http://kbpedia.org/kko/rc/ComputerStore,kko:schema-org-id,http://schema.org/ComputerStore
http://kbpedia.org/kko/rc/ComputerUserInteraction,kko:schema-org-id,http://schema.org/UserInteraction
http://kbpedia.org/kko/rc/ConceptualWork,kko:schema-org-id,http://schema.org/CreativeWork
http://kbpedia.org/kko/rc/ConceptualWorkSeries,kko:schema-org-id,http://schema.org/CreativeWorkSeries
http://kbpedia.org/kko/rc/ConferenceRoom,kko:schema-org-id,http://schema.org/MeetingRoom
http://kbpedia.org/kko/rc/ConfirmingTruthEvent,kko:schema-org-id,http://schema.org/ConfirmAction
http://kbpedia.org/kko/rc/ConflictOutcome-Draw,kko:schema-org-id,http://schema.org/TieAction
http://kbpedia.org/kko/rc/ConnectedSpaceRegion,kko:schema-org-id,http://schema.org/GeoShape
http://kbpedia.org/kko/rc/Consortium,kko:schema-org-id,http://schema.org/Consortium
http://kbpedia.org/kko/rc/ContactLocation,kko:schema-org-id,http://schema.org/ContactPointOption
http://kbpedia.org/kko/rc/ContactPage,kko:schema-org-id,http://schema.org/ContactPage
http://kbpedia.org/kko/rc/Continent,kko:schema-org-id,http://schema.org/Continent
http://kbpedia.org/kko/rc/ControllingSomething,kko:schema-org-id,http://schema.org/ControlAction
http://kbpedia.org/kko/rc/ConvenienceStore,kko:schema-org-id,http://schema.org/ConvenienceStore
http://kbpedia.org/kko/rc/Conversation,kko:schema-org-id,http://schema.org/Conversation
http://kbpedia.org/kko/rc/CookingFood,kko:schema-org-id,http://schema.org/CookAction
http://kbpedia.org/kko/rc/CosmeticSurgery,kko:schema-org-id,http://schema.org/PlasticSurgery
http://kbpedia.org/kko/rc/CountingDevice,kko:schema-org-id,http://schema.org/InteractionCounter
http://kbpedia.org/kko/rc/Country,kko:schema-org-id,http://schema.org/Country
http://kbpedia.org/kko/rc/Course-Academic,kko:schema-org-id,http://schema.org/Course
http://kbpedia.org/kko/rc/Course-Academic,kko:schema-org-id,http://schema.org/CourseInstance
http://kbpedia.org/kko/rc/Courthouse,kko:schema-org-id,http://schema.org/Courthouse
http://kbpedia.org/kko/rc/CoverArt,kko:schema-org-id,http://schema.org/CoverArt
http://kbpedia.org/kko/rc/CreatingAnArtifact,kko:schema-org-id,http://schema.org/CreateAction
http://kbpedia.org/kko/rc/CreditCard,kko:schema-org-id,http://schema.org/CreditCard
http://kbpedia.org/kko/rc/Crematorium,kko:schema-org-id,http://schema.org/Crematorium
http://kbpedia.org/kko/rc/CurrencyExchange,kko:schema-org-id,http://schema.org/CurrencyConversionService
http://kbpedia.org/kko/rc/DanceCompany,kko:schema-org-id,http://schema.org/DanceGroup
http://kbpedia.org/kko/rc/DancePerformance,kko:schema-org-id,http://schema.org/DanceEvent
http://kbpedia.org/kko/rc/DataFeed-System,kko:schema-org-id,http://schema.org/CompleteDataFeed
http://kbpedia.org/kko/rc/Date,kko:schema-org-id,http://schema.org/Date
http://kbpedia.org/kko/rc/DayCareOrganization,kko:schema-org-id,http://schema.org/ChildCare
http://kbpedia.org/kko/rc/DayOfWeekType,kko:schema-org-id,http://schema.org/DayOfWeek
http://kbpedia.org/kko/rc/DaySpa,kko:schema-org-id,http://schema.org/DaySpa
http://kbpedia.org/kko/rc/DefeatedSituation,kko:schema-org-id,http://schema.org/LoseAction
http://kbpedia.org/kko/rc/DefenceEstablishment,kko:schema-org-id,http://schema.org/DefenceEstablishment
http://kbpedia.org/kko/rc/DeliveryServiceEvent,kko:schema-org-id,http://schema.org/DeliveryEvent
http://kbpedia.org/kko/rc/Demanding-CommunicationAct,kko:schema-org-id,http://schema.org/Demand
http://kbpedia.org/kko/rc/DentistsOffice,kko:schema-org-id,http://schema.org/Dentist
http://kbpedia.org/kko/rc/DepartmentStore,kko:schema-org-id,http://schema.org/DepartmentStore
http://kbpedia.org/kko/rc/Dermatology,kko:schema-org-id,http://schema.org/Dermatology
http://kbpedia.org/kko/rc/DesiringThat,kko:schema-org-id,http://schema.org/WantAction
http://kbpedia.org/kko/rc/DietarySupplement,kko:schema-org-id,http://schema.org/DietarySupplement
http://kbpedia.org/kko/rc/DietProgram,kko:schema-org-id,http://schema.org/Diet
http://kbpedia.org/kko/rc/DirectDepositAccount,kko:schema-org-id,http://schema.org/DepositAccount
http://kbpedia.org/kko/rc/Disapproving-CommunicationAct,kko:schema-org-id,http://schema.org/DisagreeAction
http://kbpedia.org/kko/rc/DiscontinuingAnActivity,kko:schema-org-id,http://schema.org/UnRegisterAction
http://kbpedia.org/kko/rc/DiscoveringSomething,kko:schema-org-id,http://schema.org/DiscoverAction
http://kbpedia.org/kko/rc/DiseaseType,kko:schema-org-id,http://schema.org/MedicalCause
http://kbpedia.org/kko/rc/Dislike,kko:schema-org-id,http://schema.org/DislikeAction
http://kbpedia.org/kko/rc/Distance,kko:schema-org-id,http://schema.org/Distance
http://kbpedia.org/kko/rc/Distillery,kko:schema-org-id,http://schema.org/Distillery
http://kbpedia.org/kko/rc/Doctor-Medical,kko:schema-org-id,http://schema.org/Physician
http://kbpedia.org/kko/rc/Document,kko:schema-org-id,http://schema.org/DigitalDocument
http://kbpedia.org/kko/rc/Dosage,kko:schema-org-id,http://schema.org/DrugStrength
http://kbpedia.org/kko/rc/DoseOfDrug,kko:schema-org-id,http://schema.org/DoseSchedule
http://kbpedia.org/kko/rc/DownloadingAFile,kko:schema-org-id,http://schema.org/DownloadAction
http://kbpedia.org/kko/rc/DramaticPerformance,kko:schema-org-id,http://schema.org/TheaterEvent
http://kbpedia.org/kko/rc/Drawing-Depicting,kko:schema-org-id,http://schema.org/DrawAction
http://kbpedia.org/kko/rc/DrinkingEvent,kko:schema-org-id,http://schema.org/DrinkAction
http://kbpedia.org/kko/rc/DrugCost,kko:schema-org-id,http://schema.org/DrugCost
http://kbpedia.org/kko/rc/DrugPregnancyType,kko:schema-org-id,http://schema.org/DrugPregnancyCategory
http://kbpedia.org/kko/rc/DrugSubstance,kko:schema-org-id,http://schema.org/DrugClass
http://kbpedia.org/kko/rc/DryCleaningOrLaundry,kko:schema-org-id,http://schema.org/DryCleaningOrLaundry
http://kbpedia.org/kko/rc/Ear,kko:schema-org-id,http://schema.org/Ear
http://kbpedia.org/kko/rc/EatingEvent,kko:schema-org-id,http://schema.org/EatAction
http://kbpedia.org/kko/rc/EBook,kko:schema-org-id,http://schema.org/EBook
http://kbpedia.org/kko/rc/EconomicAction,kko:schema-org-id,http://schema.org/TradeAction
http://kbpedia.org/kko/rc/EditionOfCWSeries-Periodic,kko:schema-org-id,http://schema.org/PublicationVolume
http://kbpedia.org/kko/rc/Education,kko:schema-org-id,http://schema.org/EducationEvent
http://kbpedia.org/kko/rc/EducationalInstitution,kko:schema-org-id,http://schema.org/School
http://kbpedia.org/kko/rc/EducationalOrganization,kko:schema-org-id,http://schema.org/EducationalOrganization
http://kbpedia.org/kko/rc/Electrician,kko:schema-org-id,http://schema.org/Electrician
http://kbpedia.org/kko/rc/ElectronicsStore,kko:schema-org-id,http://schema.org/ElectronicsStore
http://kbpedia.org/kko/rc/ElementarySchool,kko:schema-org-id,http://schema.org/ElementarySchool
http://kbpedia.org/kko/rc/EMailCommunication,kko:schema-org-id,http://schema.org/EmailMessage
http://kbpedia.org/kko/rc/EmbassyBuilding,kko:schema-org-id,http://schema.org/Embassy
http://kbpedia.org/kko/rc/Emergency,kko:schema-org-id,http://schema.org/Emergency
http://kbpedia.org/kko/rc/EmergencyServicesOrganization,kko:schema-org-id,http://schema.org/EmergencyService
http://kbpedia.org/kko/rc/EmployeeTypeByWorkStatus,kko:schema-org-id,http://schema.org/EmployeeRole
http://kbpedia.org/kko/rc/EmploymentAgency,kko:schema-org-id,http://schema.org/EmploymentAgency
http://kbpedia.org/kko/rc/Endorsing-CommunicationAct,kko:schema-org-id,http://schema.org/EndorseAction
http://kbpedia.org/kko/rc/EnergyQuantity,kko:schema-org-id,http://schema.org/Energy
http://kbpedia.org/kko/rc/EntertainmentPerformer,kko:schema-org-id,http://schema.org/PerformingGroup
http://kbpedia.org/kko/rc/EntertainmentServiceCompany,kko:schema-org-id,http://schema.org/EntertainmentBusiness
http://kbpedia.org/kko/rc/EntryPointsFn,kko:schema-org-id,http://schema.org/EntryPoint
http://kbpedia.org/kko/rc/Evaluating,kko:schema-org-id,http://schema.org/AssessAction
http://kbpedia.org/kko/rc/Event-Localized,kko:schema-org-id,http://schema.org/EventVenue
http://kbpedia.org/kko/rc/ExerciseRegimen,kko:schema-org-id,http://schema.org/ExercisePlan
http://kbpedia.org/kko/rc/Exercising,kko:schema-org-id,http://schema.org/ExerciseAction
http://kbpedia.org/kko/rc/Exhibit,kko:schema-org-id,http://schema.org/ExhibitionEvent
http://kbpedia.org/kko/rc/ExpositoryArticle,kko:schema-org-id,http://schema.org/TechArticle
http://kbpedia.org/kko/rc/ExpropriatingSomething,kko:schema-org-id,http://schema.org/TakeAction
http://kbpedia.org/kko/rc/Eye,kko:schema-org-id,http://schema.org/Eye
http://kbpedia.org/kko/rc/FastFoodRestaurant-Organization,kko:schema-org-id,http://schema.org/FastFoodRestaurant
http://kbpedia.org/kko/rc/Festival,kko:schema-org-id,http://schema.org/Festival
http://kbpedia.org/kko/rc/FieldOfStudy,kko:schema-org-id,http://schema.org/Specialty
http://kbpedia.org/kko/rc/FilePermission,kko:schema-org-id,http://schema.org/DigitalDocumentPermission
http://kbpedia.org/kko/rc/FilmingAVisualImage,kko:schema-org-id,http://schema.org/FilmAction
http://kbpedia.org/kko/rc/FinancialCompany,kko:schema-org-id,http://schema.org/PaymentService
http://kbpedia.org/kko/rc/FinancialOrganization,kko:schema-org-id,http://schema.org/FinancialService
http://kbpedia.org/kko/rc/FindingAPhysicalObject,kko:schema-org-id,http://schema.org/FindAction
http://kbpedia.org/kko/rc/FireStation,kko:schema-org-id,http://schema.org/FireStation
http://kbpedia.org/kko/rc/FirstOrderAdministrativeDivision,kko:schema-org-id,http://schema.org/State
http://kbpedia.org/kko/rc/Flexibility,kko:schema-org-id,http://schema.org/Flexibility
http://kbpedia.org/kko/rc/FloristShop,kko:schema-org-id,http://schema.org/Florist
http://kbpedia.org/kko/rc/Following,kko:schema-org-id,http://schema.org/FollowAction
http://kbpedia.org/kko/rc/FoodEvent,kko:schema-org-id,http://schema.org/FoodEvent
http://kbpedia.org/kko/rc/FoodServiceOrganization,kko:schema-org-id,http://schema.org/FoodEstablishment
http://kbpedia.org/kko/rc/FrequentlyAskedQuestionsList,kko:schema-org-id,http://schema.org/QAPage
http://kbpedia.org/kko/rc/Funds,kko:schema-org-id,http://schema.org/InvestmentFund
http://kbpedia.org/kko/rc/Fungus,kko:schema-org-id,http://schema.org/Fungus
http://kbpedia.org/kko/rc/FurnitureStore,kko:schema-org-id,http://schema.org/FurnitureStore
http://kbpedia.org/kko/rc/Gallery-ArtDisplayOrganization,kko:schema-org-id,http://schema.org/ArtGallery
http://kbpedia.org/kko/rc/Game,kko:schema-org-id,http://schema.org/Game
http://kbpedia.org/kko/rc/GatedCommunity,kko:schema-org-id,http://schema.org/GatedResidenceCommunity
http://kbpedia.org/kko/rc/Geocode,kko:schema-org-id,http://schema.org/GeoCoordinates
http://kbpedia.org/kko/rc/Geometry,kko:schema-org-id,http://schema.org/GeospatialGeometry
http://kbpedia.org/kko/rc/Geriatrics-Field,kko:schema-org-id,http://schema.org/Geriatric
http://kbpedia.org/kko/rc/GivingAGratuity,kko:schema-org-id,http://schema.org/TipAction
http://kbpedia.org/kko/rc/GivingSomething,kko:schema-org-id,http://schema.org/GiveAction
http://kbpedia.org/kko/rc/GolfCourse,kko:schema-org-id,http://schema.org/GolfCourse
http://kbpedia.org/kko/rc/GovernmentalBuilding,kko:schema-org-id,http://schema.org/GovernmentBuilding
http://kbpedia.org/kko/rc/GovernmentalOrganization,kko:schema-org-id,http://schema.org/GovernmentOrganization
http://kbpedia.org/kko/rc/GovernmentPaidService,kko:schema-org-id,http://schema.org/GovernmentService
http://kbpedia.org/kko/rc/Graveyard,kko:schema-org-id,http://schema.org/Cemetery
http://kbpedia.org/kko/rc/GroceryStore,kko:schema-org-id,http://schema.org/GroceryStore
http://kbpedia.org/kko/rc/Group,kko:schema-org-id,http://schema.org/ProgramMembership
http://kbpedia.org/kko/rc/GroupTransferIn,kko:schema-org-id,http://schema.org/JoinAction
http://kbpedia.org/kko/rc/Guideline,kko:schema-org-id,http://schema.org/MedicalGuideline
http://kbpedia.org/kko/rc/Gymnasium-Facility,kko:schema-org-id,http://schema.org/ExerciseGym
http://kbpedia.org/kko/rc/Gynecology,kko:schema-org-id,http://schema.org/Gynecologic
http://kbpedia.org/kko/rc/HairSalon,kko:schema-org-id,http://schema.org/HairSalon
http://kbpedia.org/kko/rc/HardwareStore,kko:schema-org-id,http://schema.org/HardwareStore
http://kbpedia.org/kko/rc/Head-AnimalBodyPart,kko:schema-org-id,http://schema.org/Head
http://kbpedia.org/kko/rc/HealthClub,kko:schema-org-id,http://schema.org/HealthClub
http://kbpedia.org/kko/rc/HigherEducationInstitution,kko:schema-org-id,http://schema.org/CollegeOrUniversity
http://kbpedia.org/kko/rc/HighSchool,kko:schema-org-id,http://schema.org/HighSchool
http://kbpedia.org/kko/rc/HinduTemple,kko:schema-org-id,http://schema.org/HinduTemple
http://kbpedia.org/kko/rc/HistoricBuilding,kko:schema-org-id,http://schema.org/LandmarksOrHistoricalBuildings
http://kbpedia.org/kko/rc/HobbyShop,kko:schema-org-id,http://schema.org/HobbyShop
http://kbpedia.org/kko/rc/HomeBuilder,kko:schema-org-id,http://schema.org/GeneralContractor
http://kbpedia.org/kko/rc/HomeGoodsStore,kko:schema-org-id,http://schema.org/HomeGoodsStore
http://kbpedia.org/kko/rc/Hospital,kko:schema-org-id,http://schema.org/Hospital
http://kbpedia.org/kko/rc/Hostel,kko:schema-org-id,http://schema.org/Hostel
http://kbpedia.org/kko/rc/HotelOrganization,kko:schema-org-id,http://schema.org/Hotel
http://kbpedia.org/kko/rc/HotelReservation,kko:schema-org-id,http://schema.org/LodgingReservation
http://kbpedia.org/kko/rc/HotelRoomUnit,kko:schema-org-id,http://schema.org/HotelRoom
http://kbpedia.org/kko/rc/House-Modern,kko:schema-org-id,http://schema.org/House
http://kbpedia.org/kko/rc/Housepainter,kko:schema-org-id,http://schema.org/HousePainter
http://kbpedia.org/kko/rc/HVACBusiness,kko:schema-org-id,http://schema.org/HVACBusiness
http://kbpedia.org/kko/rc/Hyperlink,kko:schema-org-id,http://schema.org/LinkRole
http://kbpedia.org/kko/rc/IBOCreation,kko:schema-org-id,http://schema.org/PublicationEvent
http://kbpedia.org/kko/rc/IceCreamParlor,kko:schema-org-id,http://schema.org/IceCreamShop
http://kbpedia.org/kko/rc/IDString,kko:schema-org-id,http://schema.org/MedicalCode
http://kbpedia.org/kko/rc/IgnoringSomething,kko:schema-org-id,http://schema.org/IgnoreAction
http://kbpedia.org/kko/rc/ImageGallery,kko:schema-org-id,http://schema.org/ImageGallery
http://kbpedia.org/kko/rc/InfectiousDiseaseType,kko:schema-org-id,http://schema.org/InfectiousDisease
http://kbpedia.org/kko/rc/InformationAdding,kko:schema-org-id,http://schema.org/AddAction
http://kbpedia.org/kko/rc/InformationRemoving,kko:schema-org-id,http://schema.org/DeleteAction
http://kbpedia.org/kko/rc/InformationUpdating,kko:schema-org-id,http://schema.org/UpdateAction
http://kbpedia.org/kko/rc/Informing,kko:schema-org-id,http://schema.org/InformAction
http://kbpedia.org/kko/rc/Ingesting,kko:schema-org-id,http://schema.org/ConsumeAction
http://kbpedia.org/kko/rc/InsertingARecordIntoADatabase,kko:schema-org-id,http://schema.org/InsertAction
http://kbpedia.org/kko/rc/InstallingAnObject,kko:schema-org-id,http://schema.org/InstallAction
http://kbpedia.org/kko/rc/InstructionalWork,kko:schema-org-id,http://schema.org/HowTo
http://kbpedia.org/kko/rc/InsuranceOrganization,kko:schema-org-id,http://schema.org/InsuranceAgency
http://kbpedia.org/kko/rc/Integer,kko:schema-org-id,http://schema.org/Integer
http://kbpedia.org/kko/rc/IntendedAudience-InfoTopic,kko:schema-org-id,http://schema.org/Audience
http://kbpedia.org/kko/rc/InterAgentSituation,kko:schema-org-id,http://schema.org/InteractAction
http://kbpedia.org/kko/rc/InternetCafe-Organization,kko:schema-org-id,http://schema.org/InternetCafe
http://kbpedia.org/kko/rc/InvestmentVehicle,kko:schema-org-id,http://schema.org/FinancialProduct
http://kbpedia.org/kko/rc/Inviting-CommunicationAct,kko:schema-org-id,http://schema.org/InviteAction
http://kbpedia.org/kko/rc/ItemAvailability,kko:schema-org-id,http://schema.org/ItemAvailability
http://kbpedia.org/kko/rc/ItemPage,kko:schema-org-id,http://schema.org/ItemPage
http://kbpedia.org/kko/rc/JewelryStore,kko:schema-org-id,http://schema.org/JewelryStore
http://kbpedia.org/kko/rc/JobOpen,kko:schema-org-id,http://schema.org/JobPosting
http://kbpedia.org/kko/rc/Joint-AnimalBodyPart,kko:schema-org-id,http://schema.org/Joint
http://kbpedia.org/kko/rc/Kennel-Organization,kko:schema-org-id,http://schema.org/AnimalShelter
http://kbpedia.org/kko/rc/Lake,kko:schema-org-id,http://schema.org/LakeBodyOfWater
http://kbpedia.org/kko/rc/LandTopographicalFeature,kko:schema-org-id,http://schema.org/Landform
http://kbpedia.org/kko/rc/Language,kko:schema-org-id,http://schema.org/Language
http://kbpedia.org/kko/rc/Law,kko:schema-org-id,http://schema.org/Legislation
http://kbpedia.org/kko/rc/LawFirm,kko:schema-org-id,http://schema.org/Attorney
http://kbpedia.org/kko/rc/LawnAndGardenStore,kko:schema-org-id,http://schema.org/GardenStore
http://kbpedia.org/kko/rc/LeavingAPlace,kko:schema-org-id,http://schema.org/DepartAction
http://kbpedia.org/kko/rc/LegalCounsellingService,kko:schema-org-id,http://schema.org/LegalService
http://kbpedia.org/kko/rc/LeisureFacility,kko:schema-org-id,http://schema.org/TouristDestination
http://kbpedia.org/kko/rc/Lending,kko:schema-org-id,http://schema.org/LendAction
http://kbpedia.org/kko/rc/LevelOfQuality,kko:schema-org-id,http://schema.org/QualitativeValue
http://kbpedia.org/kko/rc/Library-Organization,kko:schema-org-id,http://schema.org/LibrarySystem
http://kbpedia.org/kko/rc/Ligament,kko:schema-org-id,http://schema.org/Ligament
http://kbpedia.org/kko/rc/Like,kko:schema-org-id,http://schema.org/LikeAction
http://kbpedia.org/kko/rc/LiquorStore,kko:schema-org-id,http://schema.org/LiquorStore
http://kbpedia.org/kko/rc/List-CW,kko:schema-org-id,http://schema.org/ItemList
http://kbpedia.org/kko/rc/List-CW,kko:schema-org-id,http://schema.org/ListItem
http://kbpedia.org/kko/rc/List-Information,kko:schema-org-id,http://schema.org/Enumeration
http://kbpedia.org/kko/rc/ListeningDeliberately,kko:schema-org-id,http://schema.org/ListenAction
http://kbpedia.org/kko/rc/LiteraryEvent,kko:schema-org-id,http://schema.org/LiteraryEvent
http://kbpedia.org/kko/rc/LiveAlbum,kko:schema-org-id,http://schema.org/LiveAlbum
http://kbpedia.org/kko/rc/LoanAgreement,kko:schema-org-id,http://schema.org/LoanOrCredit
http://kbpedia.org/kko/rc/LocationAttributes,kko:schema-org-id,http://schema.org/LocationFeatureSpecification
http://kbpedia.org/kko/rc/Locksmith,kko:schema-org-id,http://schema.org/Locksmith
http://kbpedia.org/kko/rc/LodgingOrganization,kko:schema-org-id,http://schema.org/LodgingBusiness
http://kbpedia.org/kko/rc/LookingForSomething,kko:schema-org-id,http://schema.org/SearchAction
http://kbpedia.org/kko/rc/Lung,kko:schema-org-id,http://schema.org/Lung
http://kbpedia.org/kko/rc/LymphaticSystem,kko:schema-org-id,http://schema.org/LymphaticVessel
http://kbpedia.org/kko/rc/MailingAddress,kko:schema-org-id,http://schema.org/PostalAddress
http://kbpedia.org/kko/rc/MakingAReservation,kko:schema-org-id,http://schema.org/ReserveAction
http://kbpedia.org/kko/rc/ManagedAccount,kko:schema-org-id,http://schema.org/BrokerageAccount
http://kbpedia.org/kko/rc/ManufacturedGood,kko:schema-org-id,http://schema.org/IndividualProduct
http://kbpedia.org/kko/rc/Map,kko:schema-org-id,http://schema.org/Map
http://kbpedia.org/kko/rc/MarkingForIdentification,kko:schema-org-id,http://schema.org/BookmarkAction
http://kbpedia.org/kko/rc/Mass,kko:schema-org-id,http://schema.org/Mass
http://kbpedia.org/kko/rc/MediaObject,kko:schema-org-id,http://schema.org/MediaObject
http://kbpedia.org/kko/rc/MediaOrganization,kko:schema-org-id,http://schema.org/BroadcastService
http://kbpedia.org/kko/rc/MediaSeriesProduct,kko:schema-org-id,http://schema.org/CreativeWorkSeason
http://kbpedia.org/kko/rc/MedicalCareOrganization,kko:schema-org-id,http://schema.org/MedicalOrganization
http://kbpedia.org/kko/rc/MedicalCareProfessional,kko:schema-org-id,http://schema.org/MedicalSpecialty
http://kbpedia.org/kko/rc/MedicalClinic,kko:schema-org-id,http://schema.org/MedicalClinic
http://kbpedia.org/kko/rc/MedicalDevice,kko:schema-org-id,http://schema.org/MedicalDevice
http://kbpedia.org/kko/rc/MedicalDiagnosis,kko:schema-org-id,http://schema.org/DiagnosticProcedure
http://kbpedia.org/kko/rc/MedicalFieldOfStudy,kko:schema-org-id,http://schema.org/MedicineSystem
http://kbpedia.org/kko/rc/MedicalInsurance,kko:schema-org-id,http://schema.org/HealthInsurancePlan
http://kbpedia.org/kko/rc/MedicalLaboratory,kko:schema-org-id,http://schema.org/DiagnosticLab
http://kbpedia.org/kko/rc/MedicalPatient,kko:schema-org-id,http://schema.org/Patient
http://kbpedia.org/kko/rc/MedicalProcedure,kko:schema-org-id,http://schema.org/MedicalProcedure
http://kbpedia.org/kko/rc/MedicalProcedure-Diagnostic,kko:schema-org-id,http://schema.org/DiagnosticProcedure
http://kbpedia.org/kko/rc/MedicalResearch,kko:schema-org-id,http://schema.org/MedicalStudy
http://kbpedia.org/kko/rc/MedicalSpecialistType,kko:schema-org-id,http://schema.org/Clinician
http://kbpedia.org/kko/rc/MedicalTesting,kko:schema-org-id,http://schema.org/MedicalTest
http://kbpedia.org/kko/rc/MedicalTesting,kko:schema-org-id,http://schema.org/PathologyTest
http://kbpedia.org/kko/rc/MedicalTestKit,kko:schema-org-id,http://schema.org/MedicalTestPanel
http://kbpedia.org/kko/rc/MedicalTreatmentEvent,kko:schema-org-id,http://schema.org/MedicalTherapy
http://kbpedia.org/kko/rc/MensClothingStore,kko:schema-org-id,http://schema.org/MensClothingStore
http://kbpedia.org/kko/rc/Message,kko:schema-org-id,http://schema.org/Message
http://kbpedia.org/kko/rc/MiddleSchool,kko:schema-org-id,http://schema.org/MiddleSchool
http://kbpedia.org/kko/rc/Midwifery,kko:schema-org-id,http://schema.org/Midwifery
http://kbpedia.org/kko/rc/MobilePhoneStore,kko:schema-org-id,http://schema.org/MobilePhoneStore
http://kbpedia.org/kko/rc/MolecularStuff,kko:schema-org-id,http://schema.org/Substance
http://kbpedia.org/kko/rc/MonetaryValue,kko:schema-org-id,http://schema.org/MonetaryAmount
http://kbpedia.org/kko/rc/MoneyTenderType,kko:schema-org-id,http://schema.org/PaymentCard
http://kbpedia.org/kko/rc/MortgageLoan,kko:schema-org-id,http://schema.org/MortgageLoan
http://kbpedia.org/kko/rc/Mosque,kko:schema-org-id,http://schema.org/Mosque
http://kbpedia.org/kko/rc/Motel,kko:schema-org-id,http://schema.org/Motel
http://kbpedia.org/kko/rc/Motorcycle,kko:schema-org-id,http://schema.org/Motorcycle
http://kbpedia.org/kko/rc/MotorcycleDealer,kko:schema-org-id,http://schema.org/MotorcycleDealer
http://kbpedia.org/kko/rc/MotorcycleRepair,kko:schema-org-id,http://schema.org/MotorcycleRepair
http://kbpedia.org/kko/rc/MotorizedBicycle,kko:schema-org-id,http://schema.org/MotorizedBicycle
http://kbpedia.org/kko/rc/Mountain,kko:schema-org-id,http://schema.org/Mountain
http://kbpedia.org/kko/rc/Movement-TranslationEvent,kko:schema-org-id,http://schema.org/MoveAction
http://kbpedia.org/kko/rc/Movie,kko:schema-org-id,http://schema.org/Movie
http://kbpedia.org/kko/rc/MovieRentalStore,kko:schema-org-id,http://schema.org/MovieRentalStore
http://kbpedia.org/kko/rc/MovieSeriesProduct,kko:schema-org-id,http://schema.org/MovieSeries
http://kbpedia.org/kko/rc/MovieShowing,kko:schema-org-id,http://schema.org/ScreeningEvent
http://kbpedia.org/kko/rc/MovingCompany,kko:schema-org-id,http://schema.org/MovingCompany
http://kbpedia.org/kko/rc/MultiRoomUnit,kko:schema-org-id,http://schema.org/Suite
http://kbpedia.org/kko/rc/Muscle,kko:schema-org-id,http://schema.org/Muscle
http://kbpedia.org/kko/rc/Museum-Organization,kko:schema-org-id,http://schema.org/Museum
http://kbpedia.org/kko/rc/Music,kko:schema-org-id,http://schema.org/Music
http://kbpedia.org/kko/rc/MusicalComposition,kko:schema-org-id,http://schema.org/MusicComposition
http://kbpedia.org/kko/rc/MusicalPerformance,kko:schema-org-id,http://schema.org/MusicEvent
http://kbpedia.org/kko/rc/MusicPerformanceOrganization,kko:schema-org-id,http://schema.org/MusicGroup
http://kbpedia.org/kko/rc/MusicStore,kko:schema-org-id,http://schema.org/MusicStore
http://kbpedia.org/kko/rc/MusicTrack,kko:schema-org-id,http://schema.org/MusicPlaylist
http://kbpedia.org/kko/rc/MusicVenue,kko:schema-org-id,http://schema.org/MusicVenue
http://kbpedia.org/kko/rc/MusicVideo,kko:schema-org-id,http://schema.org/MusicVideoObject
http://kbpedia.org/kko/rc/NailSalon,kko:schema-org-id,http://schema.org/NailSalon
http://kbpedia.org/kko/rc/Neck-AnimalBodyPart,kko:schema-org-id,http://schema.org/Neck
http://kbpedia.org/kko/rc/Nerve,kko:schema-org-id,http://schema.org/Nerve
http://kbpedia.org/kko/rc/Newspaper,kko:schema-org-id,http://schema.org/Newspaper
http://kbpedia.org/kko/rc/NewspaperArticle,kko:schema-org-id,http://schema.org/NewsArticle
http://kbpedia.org/kko/rc/NightClub,kko:schema-org-id,http://schema.org/NightClub
http://kbpedia.org/kko/rc/NonGovernmentalOrganization,kko:schema-org-id,http://schema.org/NGO
http://kbpedia.org/kko/rc/Nose,kko:schema-org-id,http://schema.org/Nose
http://kbpedia.org/kko/rc/NotaryPublic,kko:schema-org-id,http://schema.org/Notary
http://kbpedia.org/kko/rc/Note-Document,kko:schema-org-id,http://schema.org/NoteDigitalDocument
http://kbpedia.org/kko/rc/Number-General,kko:schema-org-id,http://schema.org/Number
http://kbpedia.org/kko/rc/Nursing,kko:schema-org-id,http://schema.org/Nursing
http://kbpedia.org/kko/rc/Nutrition,kko:schema-org-id,http://schema.org/DietNutrition
http://kbpedia.org/kko/rc/NutritionInformation,kko:schema-org-id,http://schema.org/NutritionInformation
http://kbpedia.org/kko/rc/Observing,kko:schema-org-id,http://schema.org/ViewAction
http://kbpedia.org/kko/rc/Obstetrics,kko:schema-org-id,http://schema.org/Obstetric
http://kbpedia.org/kko/rc/Ocean,kko:schema-org-id,http://schema.org/OceanBodyOfWater
http://kbpedia.org/kko/rc/OfferingForSale,kko:schema-org-id,http://schema.org/Offer
http://kbpedia.org/kko/rc/OfferItemCondition,kko:schema-org-id,http://schema.org/OfferItemCondition
http://kbpedia.org/kko/rc/OfficeSupplyStore,kko:schema-org-id,http://schema.org/OfficeEquipmentStore
http://kbpedia.org/kko/rc/Oncology,kko:schema-org-id,http://schema.org/Oncologic
http://kbpedia.org/kko/rc/OptometricServicesProvider,kko:schema-org-id,http://schema.org/Optician
http://kbpedia.org/kko/rc/Optometry,kko:schema-org-id,http://schema.org/Optometric
http://kbpedia.org/kko/rc/OrderedListType,kko:schema-org-id,http://schema.org/ItemListOrderType
http://kbpedia.org/kko/rc/OrderForm,kko:schema-org-id,http://schema.org/Order
http://kbpedia.org/kko/rc/OrderForm,kko:schema-org-id,http://schema.org/OrderItem
http://kbpedia.org/kko/rc/Ordering-CommunicationAct,kko:schema-org-id,http://schema.org/OrderAction
http://kbpedia.org/kko/rc/Organization,kko:schema-org-id,http://schema.org/Organization
http://kbpedia.org/kko/rc/Organizing,kko:schema-org-id,http://schema.org/OrganizeAction
http://kbpedia.org/kko/rc/OrientalMedicine,kko:schema-org-id,http://schema.org/TraditionalChinese
http://kbpedia.org/kko/rc/OsteopathicMedicine,kko:schema-org-id,http://schema.org/Osteopathic
http://kbpedia.org/kko/rc/Otolaryngology,kko:schema-org-id,http://schema.org/Otolaryngologic
http://kbpedia.org/kko/rc/OutletStore,kko:schema-org-id,http://schema.org/OutletStore
http://kbpedia.org/kko/rc/Painting-Activity,kko:schema-org-id,http://schema.org/PaintAction
http://kbpedia.org/kko/rc/Painting-ArtForm,kko:schema-org-id,http://schema.org/Painting
http://kbpedia.org/kko/rc/Paperback,kko:schema-org-id,http://schema.org/Paperback
http://kbpedia.org/kko/rc/Park,kko:schema-org-id,http://schema.org/Park
http://kbpedia.org/kko/rc/ParkingGarage,kko:schema-org-id,http://schema.org/ParkingFacility
http://kbpedia.org/kko/rc/ParliamentBuilding,kko:schema-org-id,http://schema.org/LegislativeBuilding
http://kbpedia.org/kko/rc/Path-Generic,kko:schema-org-id,http://schema.org/ServiceChannel
http://kbpedia.org/kko/rc/PawnShop,kko:schema-org-id,http://schema.org/PawnShop
http://kbpedia.org/kko/rc/Paying,kko:schema-org-id,http://schema.org/PayAction
http://kbpedia.org/kko/rc/Paying-FulfillingAnObligation,kko:schema-org-id,http://schema.org/MoneyTransfer
http://kbpedia.org/kko/rc/PediatricMedicine,kko:schema-org-id,http://schema.org/Pediatric
http://kbpedia.org/kko/rc/Periodical,kko:schema-org-id,http://schema.org/Periodical
http://kbpedia.org/kko/rc/PeriodicalIssue,kko:schema-org-id,http://schema.org/PublicationIssue
http://kbpedia.org/kko/rc/PeriodicalIssue,kko:schema-org-id,http://schema.org/PublicationsIssue
http://kbpedia.org/kko/rc/Permission,kko:schema-org-id,http://schema.org/Permit
http://kbpedia.org/kko/rc/Person,kko:schema-org-id,http://schema.org/Person
http://kbpedia.org/kko/rc/PersonTypeByGender,kko:schema-org-id,http://schema.org/GenderType
http://kbpedia.org/kko/rc/PersonTypeByOccupation,kko:schema-org-id,http://schema.org/Occupation
http://kbpedia.org/kko/rc/PetStore,kko:schema-org-id,http://schema.org/PetStore
http://kbpedia.org/kko/rc/Pharmacy,kko:schema-org-id,http://schema.org/Pharmacy
http://kbpedia.org/kko/rc/PhotographAsArtForm,kko:schema-org-id,http://schema.org/Photograph
http://kbpedia.org/kko/rc/PhysicalExamination,kko:schema-org-id,http://schema.org/PhysicalExam
http://kbpedia.org/kko/rc/PhysicalTherapy,kko:schema-org-id,http://schema.org/OccupationalTherapy
http://kbpedia.org/kko/rc/PhysicalTherapy,kko:schema-org-id,http://schema.org/PhysicalTherapy
http://kbpedia.org/kko/rc/PhysiologicalCondition,kko:schema-org-id,http://schema.org/MedicalSignOrSymptom
http://kbpedia.org/kko/rc/Planning,kko:schema-org-id,http://schema.org/PlanAction
http://kbpedia.org/kko/rc/Playground,kko:schema-org-id,http://schema.org/Playground
http://kbpedia.org/kko/rc/Playing,kko:schema-org-id,http://schema.org/PlayAction
http://kbpedia.org/kko/rc/PlayingAGame,kko:schema-org-id,http://schema.org/GamePlayMode
http://kbpedia.org/kko/rc/PlumbingServiceCompany,kko:schema-org-id,http://schema.org/Plumber
http://kbpedia.org/kko/rc/Podiatry,kko:schema-org-id,http://schema.org/Podiatric
http://kbpedia.org/kko/rc/PoliceStation,kko:schema-org-id,http://schema.org/PoliceStation
http://kbpedia.org/kko/rc/Pond,kko:schema-org-id,http://schema.org/Pond
http://kbpedia.org/kko/rc/PostingSomething,kko:schema-org-id,http://schema.org/DiscussionForumPosting
http://kbpedia.org/kko/rc/PostOfficeOrganization,kko:schema-org-id,http://schema.org/PostOffice
http://kbpedia.org/kko/rc/PrescriptionDrug,kko:schema-org-id,http://schema.org/PrescriptionOnly
http://kbpedia.org/kko/rc/Presentation,kko:schema-org-id,http://schema.org/PresentationDigitalDocument
http://kbpedia.org/kko/rc/PrimaryCare,kko:schema-org-id,http://schema.org/PrimaryCare
http://kbpedia.org/kko/rc/Prion,kko:schema-org-id,http://schema.org/Prion
http://kbpedia.org/kko/rc/ProductType,kko:schema-org-id,http://schema.org/SomeProducts
http://kbpedia.org/kko/rc/ProductTypeByBrand,kko:schema-org-id,http://schema.org/Brand
http://kbpedia.org/kko/rc/ProductTypeByBrandVersion,kko:schema-org-id,http://schema.org/ProductModel
http://kbpedia.org/kko/rc/ProfessionalServiceOrganization,kko:schema-org-id,http://schema.org/ProfessionalService
http://kbpedia.org/kko/rc/ProfilePage,kko:schema-org-id,http://schema.org/ProfilePage
http://kbpedia.org/kko/rc/Property,kko:schema-org-id,http://schema.org/Property
http://kbpedia.org/kko/rc/PropositionalCWText,kko:schema-org-id,http://schema.org/Text
http://kbpedia.org/kko/rc/Protozoan,kko:schema-org-id,http://schema.org/Protozoa
http://kbpedia.org/kko/rc/ProvidingFeedback,kko:schema-org-id,http://schema.org/CommentAction
http://kbpedia.org/kko/rc/Psychiatry,kko:schema-org-id,http://schema.org/Psychiatric
http://kbpedia.org/kko/rc/PsychologicalTherapy,kko:schema-org-id,http://schema.org/PsychologicalTreatment
http://kbpedia.org/kko/rc/PublicEvent,kko:schema-org-id,http://schema.org/BroadcastEvent
http://kbpedia.org/kko/rc/PublicHealth,kko:schema-org-id,http://schema.org/PublicHealth
http://kbpedia.org/kko/rc/PublicRestroom,kko:schema-org-id,http://schema.org/PublicToilet
http://kbpedia.org/kko/rc/Publisher,kko:schema-org-id,http://schema.org/NewsMediaOrganization
http://kbpedia.org/kko/rc/PurposefulPhysicalAction,kko:schema-org-id,http://schema.org/PhysicalActivity
http://kbpedia.org/kko/rc/Quantity,kko:schema-org-id,http://schema.org/Quantity
http://kbpedia.org/kko/rc/QuantityType,kko:schema-org-id,http://schema.org/QuantitativeValue
http://kbpedia.org/kko/rc/Question-IBT,kko:schema-org-id,http://schema.org/Question
http://kbpedia.org/kko/rc/Quotation,kko:schema-org-id,http://schema.org/Quotation
http://kbpedia.org/kko/rc/RadioFrequency,kko:schema-org-id,http://schema.org/BroadcastFrequencySpecification
http://kbpedia.org/kko/rc/RadioShow,kko:schema-org-id,http://schema.org/RadioEpisode
http://kbpedia.org/kko/rc/RadioStation-AM,kko:schema-org-id,http://schema.org/AMRadioChannel
http://kbpedia.org/kko/rc/RadioStation-FM,kko:schema-org-id,http://schema.org/FMRadioChannel
http://kbpedia.org/kko/rc/RadioStation-Organization,kko:schema-org-id,http://schema.org/RadioStation
http://kbpedia.org/kko/rc/RailroadStation,kko:schema-org-id,http://schema.org/TrainStation
http://kbpedia.org/kko/rc/Rating,kko:schema-org-id,http://schema.org/Rating
http://kbpedia.org/kko/rc/Reading,kko:schema-org-id,http://schema.org/ReadAction
http://kbpedia.org/kko/rc/RealEstateFirm,kko:schema-org-id,http://schema.org/RealEstateAgent
http://kbpedia.org/kko/rc/Receiving,kko:schema-org-id,http://schema.org/ReceiveAction
http://kbpedia.org/kko/rc/Recipe,kko:schema-org-id,http://schema.org/Recipe
http://kbpedia.org/kko/rc/RecordedIBO,kko:schema-org-id,http://schema.org/Clip
http://kbpedia.org/kko/rc/RecordedSoundProduct,kko:schema-org-id,http://schema.org/MusicRecording
http://kbpedia.org/kko/rc/RecyclingCenter,kko:schema-org-id,http://schema.org/RecyclingCenter
http://kbpedia.org/kko/rc/RegisteringForAService,kko:schema-org-id,http://schema.org/RegisterAction
http://kbpedia.org/kko/rc/Reimbursement,kko:schema-org-id,http://schema.org/RepaymentSpecification
http://kbpedia.org/kko/rc/Rejecting-CommunicationAct,kko:schema-org-id,http://schema.org/RejectAction
http://kbpedia.org/kko/rc/Renting,kko:schema-org-id,http://schema.org/RentAction
http://kbpedia.org/kko/rc/ReplacingAnObject,kko:schema-org-id,http://schema.org/ReplaceAction
http://kbpedia.org/kko/rc/ReplyingToAQuestion,kko:schema-org-id,http://schema.org/Answer
http://kbpedia.org/kko/rc/ReportOnSituation,kko:schema-org-id,http://schema.org/Report
http://kbpedia.org/kko/rc/RequestingInformation,kko:schema-org-id,http://schema.org/AskAction
http://kbpedia.org/kko/rc/Researcher,kko:schema-org-id,http://schema.org/MedicalResearcher
http://kbpedia.org/kko/rc/Reservation,kko:schema-org-id,http://schema.org/Reservation
http://kbpedia.org/kko/rc/ReservationAtARestaurant,kko:schema-org-id,http://schema.org/FoodEstablishmentReservation
http://kbpedia.org/kko/rc/Reservoir,kko:schema-org-id,http://schema.org/Reservoir
http://kbpedia.org/kko/rc/ResidentialBuilding,kko:schema-org-id,http://schema.org/Residence
http://kbpedia.org/kko/rc/ResortFacility,kko:schema-org-id,http://schema.org/Resort
http://kbpedia.org/kko/rc/RespondingToAQuestion,kko:schema-org-id,http://schema.org/ReplyAction
http://kbpedia.org/kko/rc/Restaurant,kko:schema-org-id,http://schema.org/Restaurant
http://kbpedia.org/kko/rc/RestaurantMenu,kko:schema-org-id,http://schema.org/Menu
http://kbpedia.org/kko/rc/Retail,kko:schema-org-id,http://schema.org/Retail
http://kbpedia.org/kko/rc/RetailOrganization,kko:schema-org-id,http://schema.org/Store
http://kbpedia.org/kko/rc/ReturningSomething,kko:schema-org-id,http://schema.org/ReturnAction
http://kbpedia.org/kko/rc/Review,kko:schema-org-id,http://schema.org/Review
http://kbpedia.org/kko/rc/RFChannel,kko:schema-org-id,http://schema.org/BroadcastChannel
http://kbpedia.org/kko/rc/River,kko:schema-org-id,http://schema.org/RiverBodyOfWater
http://kbpedia.org/kko/rc/Role,kko:schema-org-id,http://schema.org/Role
http://kbpedia.org/kko/rc/RoofingContractor,kko:schema-org-id,http://schema.org/RoofingContractor
http://kbpedia.org/kko/rc/RoomInAConstruction,kko:schema-org-id,http://schema.org/Room
http://kbpedia.org/kko/rc/RVPark,kko:schema-org-id,http://schema.org/RVPark
http://kbpedia.org/kko/rc/SaleEvent,kko:schema-org-id,http://schema.org/SaleEvent
http://kbpedia.org/kko/rc/SalesActivity,kko:schema-org-id,http://schema.org/SellAction
http://kbpedia.org/kko/rc/Schedule,kko:schema-org-id,http://schema.org/Schedule
http://kbpedia.org/kko/rc/ScheduledAction,kko:schema-org-id,http://schema.org/ScheduleAction
http://kbpedia.org/kko/rc/ScholarlyArticle,kko:schema-org-id,http://schema.org/ScholarlyArticle
http://kbpedia.org/kko/rc/Sculpture,kko:schema-org-id,http://schema.org/Sculpture
http://kbpedia.org/kko/rc/Sea,kko:schema-org-id,http://schema.org/SeaBodyOfWater
http://kbpedia.org/kko/rc/SearchResultsPage,kko:schema-org-id,http://schema.org/SearchResultsPage
http://kbpedia.org/kko/rc/SelectingSomething,kko:schema-org-id,http://schema.org/ChooseAction
http://kbpedia.org/kko/rc/SelfStorage,kko:schema-org-id,http://schema.org/SelfStorage
http://kbpedia.org/kko/rc/SendingSomething,kko:schema-org-id,http://schema.org/SendAction
http://kbpedia.org/kko/rc/Series,kko:schema-org-id,http://schema.org/EventSeries
http://kbpedia.org/kko/rc/ServerProgram,kko:schema-org-id,http://schema.org/GameServer
http://kbpedia.org/kko/rc/ServiceEstablishment,kko:schema-org-id,http://schema.org/CableOrSatelliteService
http://kbpedia.org/kko/rc/ServiceStation,kko:schema-org-id,http://schema.org/GasStation
http://kbpedia.org/kko/rc/Sharing,kko:schema-org-id,http://schema.org/ShareAction
http://kbpedia.org/kko/rc/ShoeStore,kko:schema-org-id,http://schema.org/ShoeStore
http://kbpedia.org/kko/rc/ShoppingCenter-Organization,kko:schema-org-id,http://schema.org/ShoppingCenter
http://kbpedia.org/kko/rc/SingleFamilyResidence,kko:schema-org-id,http://schema.org/SingleFamilyResidence
http://kbpedia.org/kko/rc/SingleSiteLocalOrganizationWithClients,kko:schema-org-id,http://schema.org/ContactPoint
http://kbpedia.org/kko/rc/SiteNavigationElement,kko:schema-org-id,http://schema.org/SiteNavigationElement
http://kbpedia.org/kko/rc/Skin,kko:schema-org-id,http://schema.org/Skin
http://kbpedia.org/kko/rc/SkiSportsArea,kko:schema-org-id,http://schema.org/SkiResort
http://kbpedia.org/kko/rc/SocialBeing,kko:schema-org-id,http://schema.org/OwnershipInfo
http://kbpedia.org/kko/rc/SocialOccurrence,kko:schema-org-id,http://schema.org/SocialEvent
http://kbpedia.org/kko/rc/Sport,kko:schema-org-id,http://schema.org/Sports
http://kbpedia.org/kko/rc/SportingGoodsStore,kko:schema-org-id,http://schema.org/SportingGoodsStore
http://kbpedia.org/kko/rc/SportsClub,kko:schema-org-id,http://schema.org/SportsClub
http://kbpedia.org/kko/rc/SportsEvent,kko:schema-org-id,http://schema.org/SportsEvent
http://kbpedia.org/kko/rc/SportsOrganization,kko:schema-org-id,http://schema.org/SportsOrganization
http://kbpedia.org/kko/rc/SportsPlayingArea,kko:schema-org-id,http://schema.org/SportsActivityLocation
http://kbpedia.org/kko/rc/SportsTeam,kko:schema-org-id,http://schema.org/SportsTeam
http://kbpedia.org/kko/rc/SpreadsheetSoftware,kko:schema-org-id,http://schema.org/SpreadsheetDigitalDocument
http://kbpedia.org/kko/rc/Stadium,kko:schema-org-id,http://schema.org/StadiumOrArena
http://kbpedia.org/kko/rc/StandupComedy,kko:schema-org-id,http://schema.org/ComedyEvent
http://kbpedia.org/kko/rc/Statement,kko:schema-org-id,http://schema.org/Claim
http://kbpedia.org/kko/rc/StrengthConditioning,kko:schema-org-id,http://schema.org/StrengthTraining
http://kbpedia.org/kko/rc/StructuredInformationSource,kko:schema-org-id,http://schema.org/StructuredValue
http://kbpedia.org/kko/rc/SubscriberService,kko:schema-org-id,http://schema.org/MediaSubscription
http://kbpedia.org/kko/rc/SubwayStation,kko:schema-org-id,http://schema.org/SubwayStation
http://kbpedia.org/kko/rc/SuccessfulAction,kko:schema-org-id,http://schema.org/AchieveAction
http://kbpedia.org/kko/rc/Supplies,kko:schema-org-id,http://schema.org/HowToSupply
http://kbpedia.org/kko/rc/SurgicalProcedure,kko:schema-org-id,http://schema.org/SurgicalProcedure
http://kbpedia.org/kko/rc/SwimmingPool,kko:schema-org-id,http://schema.org/PublicSwimmingPool
http://kbpedia.org/kko/rc/Synagogue,kko:schema-org-id,http://schema.org/Synagogue
http://kbpedia.org/kko/rc/Table,kko:schema-org-id,http://schema.org/Table
http://kbpedia.org/kko/rc/TakingAPhotograph,kko:schema-org-id,http://schema.org/PhotographAction
http://kbpedia.org/kko/rc/TattooStudio,kko:schema-org-id,http://schema.org/TattooParlor
http://kbpedia.org/kko/rc/TaxiCompany,kko:schema-org-id,http://schema.org/TaxiService
http://kbpedia.org/kko/rc/TaxiStand,kko:schema-org-id,http://schema.org/TaxiStand
http://kbpedia.org/kko/rc/TelevisionChannel,kko:schema-org-id,http://schema.org/TelevisionChannel
http://kbpedia.org/kko/rc/TelevisionStation,kko:schema-org-id,http://schema.org/TelevisionStation
http://kbpedia.org/kko/rc/Temple,kko:schema-org-id,http://schema.org/PlaceOfWorship
http://kbpedia.org/kko/rc/TenderObject,kko:schema-org-id,http://schema.org/PaymentMethod
http://kbpedia.org/kko/rc/TennisCourt,kko:schema-org-id,http://schema.org/TennisComplex
http://kbpedia.org/kko/rc/Terminology,kko:schema-org-id,http://schema.org/DefinedTerm
http://kbpedia.org/kko/rc/TertiarySectorService,kko:schema-org-id,http://schema.org/Service
http://kbpedia.org/kko/rc/Theater-PhysicalStructure,kko:schema-org-id,http://schema.org/PerformingArtsTheater
http://kbpedia.org/kko/rc/TheaterCompany,kko:schema-org-id,http://schema.org/TheaterGroup
http://kbpedia.org/kko/rc/Therapy,kko:schema-org-id,http://schema.org/RespiratoryTherapy
http://kbpedia.org/kko/rc/Thesis,kko:schema-org-id,http://schema.org/Thesis
http://kbpedia.org/kko/rc/Throat,kko:schema-org-id,http://schema.org/Throat
http://kbpedia.org/kko/rc/Ticket,kko:schema-org-id,http://schema.org/Ticket
http://kbpedia.org/kko/rc/TicketTypeBySitTypeAuthorized,kko:schema-org-id,http://schema.org/Seat
http://kbpedia.org/kko/rc/Time-Quantity,kko:schema-org-id,http://schema.org/Duration
http://kbpedia.org/kko/rc/TimeOfDay,kko:schema-org-id,http://schema.org/OpeningHoursSpecification
http://kbpedia.org/kko/rc/TireShop,kko:schema-org-id,http://schema.org/TireShop
http://kbpedia.org/kko/rc/Tool,kko:schema-org-id,http://schema.org/HowToTool
http://kbpedia.org/kko/rc/TouristAttraction,kko:schema-org-id,http://schema.org/TouristAttraction
http://kbpedia.org/kko/rc/TouristInformationCenter,kko:schema-org-id,http://schema.org/TouristInformationCenter
http://kbpedia.org/kko/rc/ToyStore,kko:schema-org-id,http://schema.org/ToyStore
http://kbpedia.org/kko/rc/TrackingAnObject,kko:schema-org-id,http://schema.org/TrackAction
http://kbpedia.org/kko/rc/TradeUnion,kko:schema-org-id,http://schema.org/WorkersUnion
http://kbpedia.org/kko/rc/TransferringPossession,kko:schema-org-id,http://schema.org/TransferAction
http://kbpedia.org/kko/rc/TransportationDevice-Vehicle,kko:schema-org-id,http://schema.org/Vehicle
http://kbpedia.org/kko/rc/Travel-TripEvent,kko:schema-org-id,http://schema.org/Trip
http://kbpedia.org/kko/rc/TravelAgency,kko:schema-org-id,http://schema.org/TravelAgency
http://kbpedia.org/kko/rc/TVSeason,kko:schema-org-id,http://schema.org/TVSeason
http://kbpedia.org/kko/rc/TVSeriesProduct,kko:schema-org-id,http://schema.org/TVSeries
http://kbpedia.org/kko/rc/TVShow-Single,kko:schema-org-id,http://schema.org/TVEpisode
http://kbpedia.org/kko/rc/Ultrasound,kko:schema-org-id,http://schema.org/Ultrasound
http://kbpedia.org/kko/rc/UserBlock,kko:schema-org-id,http://schema.org/UserBlocks
http://kbpedia.org/kko/rc/UserCheckin,kko:schema-org-id,http://schema.org/UserCheckins
http://kbpedia.org/kko/rc/UserComment,kko:schema-org-id,http://schema.org/UserComments
http://kbpedia.org/kko/rc/UserDownload,kko:schema-org-id,http://schema.org/UserDownloads
http://kbpedia.org/kko/rc/UserLikes,kko:schema-org-id,http://schema.org/UserLikes
http://kbpedia.org/kko/rc/UserPageVisit,kko:schema-org-id,http://schema.org/UserPageVisits
http://kbpedia.org/kko/rc/UserPlays,kko:schema-org-id,http://schema.org/UserPlays
http://kbpedia.org/kko/rc/UserPlusOnes,kko:schema-org-id,http://schema.org/UserPlusOnes
http://kbpedia.org/kko/rc/UserTweets,kko:schema-org-id,http://schema.org/UserTweets
http://kbpedia.org/kko/rc/UsingADevice,kko:schema-org-id,http://schema.org/UseAction
http://kbpedia.org/kko/rc/VehicleDriveTrainType,kko:schema-org-id,http://schema.org/DriveWheelConfigurationValue
http://kbpedia.org/kko/rc/Vein,kko:schema-org-id,http://schema.org/Vein
http://kbpedia.org/kko/rc/VeterinaryCare,kko:schema-org-id,http://schema.org/VeterinaryCare
http://kbpedia.org/kko/rc/VictorySituation,kko:schema-org-id,http://schema.org/WinAction
http://kbpedia.org/kko/rc/VideoClip,kko:schema-org-id,http://schema.org/MovieClip
http://kbpedia.org/kko/rc/VideoConceptualWork,kko:schema-org-id,http://schema.org/VideoObject
http://kbpedia.org/kko/rc/VideoGallery,kko:schema-org-id,http://schema.org/VideoGallery
http://kbpedia.org/kko/rc/Virus,kko:schema-org-id,http://schema.org/Virus
http://kbpedia.org/kko/rc/VisualArtifact,kko:schema-org-id,http://schema.org/ImageObject
http://kbpedia.org/kko/rc/VisualWork,kko:schema-org-id,http://schema.org/VisualArtwork
http://kbpedia.org/kko/rc/VitalSign,kko:schema-org-id,http://schema.org/VitalSign
http://kbpedia.org/kko/rc/Volcano,kko:schema-org-id,http://schema.org/Volcano
http://kbpedia.org/kko/rc/Voting,kko:schema-org-id,http://schema.org/VoteAction
http://kbpedia.org/kko/rc/Warranty,kko:schema-org-id,http://schema.org/WarrantyPromise
http://kbpedia.org/kko/rc/WatchingSomething,kko:schema-org-id,http://schema.org/WatchAction
http://kbpedia.org/kko/rc/Waterfall,kko:schema-org-id,http://schema.org/Waterfall
http://kbpedia.org/kko/rc/WearingSomething,kko:schema-org-id,http://schema.org/WearAction
http://kbpedia.org/kko/rc/WebApplicationProgram,kko:schema-org-id,http://schema.org/WebAPI
http://kbpedia.org/kko/rc/Weblog,kko:schema-org-id,http://schema.org/Blog
http://kbpedia.org/kko/rc/WebPage,kko:schema-org-id,http://schema.org/WebPage
http://kbpedia.org/kko/rc/WebPageElement,kko:schema-org-id,http://schema.org/WebPageElement
http://kbpedia.org/kko/rc/WebSite,kko:schema-org-id,http://schema.org/WebSite
http://kbpedia.org/kko/rc/WeddingCeremony,kko:schema-org-id,http://schema.org/MarryAction
http://kbpedia.org/kko/rc/WholesaleBuying,kko:schema-org-id,http://schema.org/Wholesale
http://kbpedia.org/kko/rc/Wholesaler,kko:schema-org-id,http://schema.org/WholesaleStore
http://kbpedia.org/kko/rc/Winery,kko:schema-org-id,http://schema.org/Winery
http://kbpedia.org/kko/rc/WorldWideWebClientProgram,kko:schema-org-id,http://schema.org/WebApplication
http://kbpedia.org/kko/rc/WPAdBlock,kko:schema-org-id,http://schema.org/WPAdBlock
http://kbpedia.org/kko/rc/WPFooter,kko:schema-org-id,http://schema.org/WPFooter
http://kbpedia.org/kko/rc/WPHeader,kko:schema-org-id,http://schema.org/WPHeader
http://kbpedia.org/kko/rc/WPSideBar,kko:schema-org-id,http://schema.org/WPSideBar
http://kbpedia.org/kko/rc/Writing,kko:schema-org-id,http://schema.org/WriteAction
http://kbpedia.org/kko/rc/XRay,kko:schema-org-id,http://schema.org/XRay
http://kbpedia.org/kko/rc/ZooGrounds,kko:schema-org-id,http://schema.org/Zoo
http://kbpedia.org/ontologies/kko#Drugs,kko:schema-org-id,http://schema.org/Drug
http://kbpedia.org/ontologies/kko#Events,kko:schema-org-id,http://schema.org/Event
http://kbpedia.org/ontologies/kko#Facilities,kko:schema-org-id,http://schema.org/CivicStructure
http://kbpedia.org/ontologies/kko#Geopolitical,kko:schema-org-id,http://schema.org/AdministrativeArea
http://kbpedia.org/ontologies/kko#Places,kko:schema-org-id,http://schema.org/Place
http://kbpedia.org/ontologies/kko#Products,kko:schema-org-id,http://schema.org/Product
